5921147,CA,QC,10,49.91684,-74.36586,99025,Quebec,Nord-du-Québec,Chibougamau,Chibougamau,Chibougamau,"Chibougamau,Shibugamo,YMT,chbwgamaw,shybwghamw,shybwkamw,Шибугамо,شيبوغامو,شیبوکامو,چبوگاماؤ",7563,G8P
6138517,CA,NB,,45.27271,-66.06766,,New Brunswick,Saint John,,Saint John Central,Saint John,"Gorad Sent-Dzhon,Saint John,Saint-Jean,Sejnt Dzhon,Sent DZon,Sent-Dzhon,Urbs Sancti Ioannis Canadensis,YSJ,seinteujon,senta jona,sentcxhn,sentojon,sheng yue han,snt gwn,snt jan,Горад Сент-Джон,Сейнт Джон,Сент Џон,Сент-Джон,סנט גון,سنت جان,سینٹ جان,سینٹ جان، نیو برنسوک,सेंट जॉन,เซนต์จอห์น,სენტ-ჯონი,セントジョン,セント・ジョン,圣约翰,세인트존",87857,E2L
6158573,CA,ON,,46.36679,-79.91636,,Ontario,,,Sturgeon Falls,Sturgeon Falls,,0,P2B
5894171,CA,ON,,44.40011,-79.66634,,Ontario,Barrie,,Barrie North,Barrie,"Bari,Baris,Barri,Barrie,Berri,YLK,ba li,baeli,bari,bary,bry  antaryw,Бари,Барри,Беррі,باري,باری,باری، اونٹاریو,بری، انتاریو,バリー,巴里,배리",182041,L4M
5894171,CA,ON,,44.40011,-79.66634,,Ontario,,,Barrie,Barrie,"Bari,Baris,Barri,Barrie,Berri,YLK,ba li,baeli,bari,bary,bry  antaryw,Бари,Барри,Беррі,باري,باری,باری، اونٹاریو,بری، انتاریو,バリー,巴里,배리",182041,"L9J,L9X"
5912899,CA,ON,,42.95399,-81.3323,,Ontario,London,,London (Riverbend / Woodhull / North Sharon Creek / Byron / West Westmount),Byron,,0,N6K
5991085,CA,BC,5965814,49.25,-123.06667,,British Columbia,Vancouver,,Vancouver (South Grandview-Woodlands / NE Kensington),Kensington-Cedar Cottage,,0,V5N
6141439,CA,ON,,46.51677,-84.33325,,Ontario,Sault Ste.,,Sault Ste. Marie East,Sault Ste. Marie,"Sault Sainte Marie,Sault Ste. Marie,Sault-Sainte-Marie,Su Sent Mari,Su-Sent-Mari,YAM,su sent ma ri,su sheng ma li,suseinteumali,susentomari,sw saynt mary,Су Сент Мари,Су-Сент-Мари,Су-Сент-Марі,سالٹ سٹی ماری,سو ساينت ماري,سو سنت‌ماری,سو سینت ماری، انٹاریو,ซูเซนต์มารี,სუ-სენტ-მარი,スーセントマリー,蘇聖瑪麗,수세인트마리",74948,P6A
6163268,CA,ON,8133394,43.67098,-79.40437,,Ontario,Toronto,,Central Toronto (The Annex / North Midtown / Yorkville),The Annex,,0,M5R
6180285,CA,AB,,54.15015,-115.68548,,Alberta,,,Whitecourt,Whitecourt,"Vajtkort,YZU,Вајткорт",8763,T7S
6545041,CA,QC,,45.43177,-73.66899,,Quebec,Lachine,,Lachine East,Lachine,"Lashin,la xin,Лашин,拉欣",0,H8S
6054350,CA,ON,,44.35012,-78.73286,,Ontario,,,Lindsay,Lindsay,"rinji,リンジー",20354,K9V
5967149,CA,ON,,43.20011,-79.56631,,Ontario,,,Grimsby,Grimsby,"Grimsbi,XGY,ge li mu si bi,ghrymsby,gurimusubi,Гримсби,Грімсбі,غريمسبي,グリムスビー,格里姆斯比",0,L3M
5983430,CA,AB,,52.02688,-113.95071,,Alberta,,,Innisfail,Innisfail,"Inisfejl,Инисфејл",0,T4G
6145421,CA,BC,5965814,49.25,-123.13333,,British Columbia,Vancouver,,Vancouver (West Fairview / Granville Island / NE Shaughnessy),Shaughnessy,,0,V6H
6156855,CA,ON,,45.2501,-75.91606,,Ontario,,,Stittsville,Stittsville,,0,K2S
5922903,CA,ON,,43.71556,-79.29389,,Ontario,Scarborough,,Scarborough (The Golden Mile / Clairlea / Oakridge / Birchmount Park East),Clairlea,,0,M1L
5989403,CA,ON,,49.41694,-82.43308,,Ontario,,,Kapuskasing,Kapuskasing,"Kapaskazing,Kapuskasing,Kapuskejsing,YYU,kabwskasyngh,Капасказинг,Капускейсінг,Капускејсинг,Капъскейсинг,كابوسكاسينغ",9240,P5N
6157718,CA,ON,,43.96682,-79.2496,,Ontario,,,Stouffville,Stouffville,,0,L4A
6943717,CA,NB,,47.79361,-64.6475,,New Brunswick,,,Lamèque,Lamèque,"Lamek,Lameque,lamyqwy,Ламек,لامیقوی",0,E8T
5887916,CA,AB,,54.71687,-113.28537,,Alberta,,,Athabasca,Athabasca,"Atabaska,a sa ba si ka,Атабаска,阿萨巴斯卡",2539,T9S
5910803,CA,SK,,50.78338,-104.95112,,Saskatchewan,,,Buena Vista,Buena Vista,,0,S2V
6098642,CA,BC,,49.31947,-124.31575,,British Columbia,,,Parksville,Parksville,"Jewel of Vancouver Island,Parksvil,Parksville,XPB,barksfyl,pa ke si wei er,Парксвил,باركسفيل,پارکسولے,پارکسویل، برٹش کولمبیا,帕克斯維爾",12000,V9P
5884473,CA,ON,,42.11679,-83.04985,,Ontario,,,Amherstburg,Amherstburg,,11459,N9V
5941414,CA,NS,,46.21684,-60.01515,,Nova Scotia,,,Dominion,Dominion,,0,B1G
6148374,CA,ON,,50.06676,-91.98358,,Ontario,,,Sioux Lookout,Sioux Lookout,YXL,0,P8T
6153004,CA,ON,,42.26734,-83.0251,,Ontario,Windsor,,Windsor South (East Malden),South Windsor,,0,N9E
6087579,CA,NS,,45.58344,-62.64863,,Nova Scotia,,,New Glasgow,New Glasgow,"Glaschu Ur,Glaschu Ùr,Glaschu Úr,Nova Glasgow,nyw glasgw,نیو گلاسگو",20322,B2H
6122085,CA,BC,,49.17003,-123.13683,,British Columbia,Richmond,,Richmond Central,Richmond,"Richmond,Richmund,Ricmondas,Ričmondas,lichimeondeu,lie zhi wen,ricamada,ritchimondo,rytshmwnd,Ричмонд,Ричмънд,Річмонд,ريتشموند,رچمنڈ، برٹش کولمبیا,رچمونڈ,ਰਿਚਮੰਡ,リッチモンド,列治文,리치먼드",182000,V6Y
6155866,CA,MB,,49.66969,-96.65,,Manitoba,,,Ste. Anne,Ste. Anne,,0,R5H
7870925,CA,ON,8133394,43.69053,-79.32794,,Ontario,Toronto,,East Toronto (The Danforth East),East York,"Ist Jork,Istochni Jork,isutoyoku,Ист Јорк,Источни Јорк,イーストヨーク",115365,M4J
5949252,CA,ON,,43.55833,-79.65456,,Ontario,Mississauga,,Mississauga (West Creditview / Mavis / Erindale),Erindale Woodlands,,0,L5C
6137384,CA,QC,02,48.55009,-71.31578,94255,Quebec,Saguenay/Lac-Saint-Jean,Saint-Ambroise,Saint-Ambroise,Saint-Ambroise,,0,G7P
5935804,CA,BC,,55.75984,-120.2403,,British Columbia,,,Dawson Creek,Dawson Creek,"Doson Krik,Doson-Krik,YDQ,dao sen ke li ke,dawswn kryk,doseunkeulig,dwsn kryk,dxw san kh rik,Досон Крик,Досон-Крик,داوسون کریک,دوسن كريك,ڈاسن کریک,ڈاسنکریک,ดอว์สันครีก,道森克里克,도슨크릭",10802,V1G
6065566,CA,ON,,43.85011,-79.51631,,Ontario,,,Maple,Maple,,0,L6A
5992211,CA,ON,,43.92856,-79.52694,,Ontario,,,King City,King City,"kingsiti,کنگ سٹی، اونٹاریو,킹시티",0,L7B
6075003,CA,NB,,46.08483,-66.06217,,New Brunswick,,,Minto,Minto,"myntw,مينتو",0,E4B
6640171,CA,NB,,47.69128,-65.69893,,New Brunswick,,,Beresford,Beresford,"Beresford,Бересфорд",0,E8K
6942552,CA,ON,,44.16644,-81.60095,,Ontario,,,Kincardine,Kincardine,,0,N2Z
6157536,CA,AB,,53.53343,-114.00205,,Alberta,,,Stony Plain,Stony Plain,"Stoni Plejn,si tuo ni pu lai en,Стони Плејн,斯托尼普莱恩",8939,T7Z
6325478,CA,QC,,46.85884,-71.19201,,Quebec,Beauport,,Beauport South,Beauport,"Beauport,Bopor,Q1659468,Бопор",0,G1E
5887214,CA,ON,,45.43341,-76.34939,,Ontario,,,Arnprior,Arnprior,"Arnprajor,anpuraia,arnprywr,Арнпрајор,آرنپریور,アーンプライアー",9607,K7S
6071496,CA,ON,,44.6001,-80.583,,Ontario,,,Meaford,Meaford,,0,N4L
6094835,CA,ON,8581623,45.3921,-75.68725,,Ontario,Ottawa,,Ottawa (The Glebe / Ottawa South / Ottawa East),Ottawa South,,0,K1S
6146172,CA,ON,,43.52654,-79.66964,,Ontario,Mississauga,,Mississauga (West Sheridan),Sheridan Homelands,,0,L5K
7870868,CA,ON,8133394,43.72396,-79.39416,,Ontario,Toronto,,Central Toronto (Lawrence Park East),Lawrence Park,,0,M4N
6109273,CA,AB,,52.6768,-113.58147,,Alberta,,,Ponoka,Ponoka,"Ponoka,Понока",6656,T4J
6121429,CA,NS,,46.18033,-60.01962,,Nova Scotia,,,Reserve Mines,Reserve Mines,,0,B1E
8593822,CA,QC,,46.71209,-71.25835,,Quebec,,,Charny,Charny,,0,G6X
5883074,CA,QC,02,48.88324,-72.44867,92030,Quebec,Saguenay/Lac-Saint-Jean,Albanel,Albanel,Albanel,,1087,G8M
6085444,CA,NB,,45.99666,-67.24028,,New Brunswick,,,Nackawic,Nackawic,"Nakavik,Накавик",1009,E6G
6157977,CA,ON,,43.36679,-80.94972,,Ontario,,,Stratford North,Stratford,"Stratford,Stretford,astratfwrd  antaryw,seuteulaespeodeu,si te la te fu,startfwrd,sutoratofodo,Стратфорд,Стретфорд,استراتفورد، انتاریو,ستارتفورد,سٹارٹ فورڈ,ストラトフォード,斯特拉特福,스트랫퍼드",30233,N5A
5938801,CA,AB,,53.36683,-113.73533,,Alberta,,,Devon,Devon,"Devon,Девон",5225,T9G
6122758,CA,NB,,46.05455,-64.81597,,New Brunswick,,,Riverview,Riverview,"Riverv'ju,rywrwyw  nyw brnzwyk,Ривервью,ریورویو، نیو برنزویک",0,E1B
6943718,CA,NB,,47.24894,-65.07408,,New Brunswick,,,Neguac,Neguac,"Neguac,Néguac,nyghak,نيغاك",0,E9G
5904028,CA,ON,,43.63887,-79.57071,,Ontario,Etobicoke,,Etobicoke (Eringate / Bloordale Gardens / Old Burnhamthorpe / Markland Woods),Bloordale Gardens,,0,M9C
5990579,CA,BC,,49.88307,-119.48568,,British Columbia,Kelowna,,Kelowna Central,Kelowna,"Kelouna,Kelowna,YLW,ji long na,kellona,kerouna,klwna,kylwna,kylwwna,qlwnh,Келоуна,קלונה,كيلونا,کلونا,کیلوونا,ケロウナ,基隆拿,켈로나",125109,V1Y
7302644,CA,NB,,47.51444,-64.91806,,New Brunswick,,,Tracadie-Sheila,Tracadie-Sheila,"Tracadie–Sheila,Trakadi-Shajla,Тракади-Шайла",4474,E1X
6068483,CA,NB,,45.59232,-67.307,,New Brunswick,,,McAdam,McAdam,"mk adam,مك أدام",0,E6J
6073349,CA,ON,,44.4438,-79.73182,,Ontario,,,Midhurst,Midhurst,,0,L9X
6179602,CA,AB,,52.96683,-113.36869,,Alberta,,,Wetaskiwin,Wetaskiwin,"Vetaskisin,Vetaskivin,Vetaskivinas,Vetaskişin,wei ta si ji wen,wetaseukiwin,wtaskwyn,wtaskywyn,Ветаскивин,وتاسكوين,وتاسکیوین,ویٹاسکیون,韦塔斯基温,웨타스키윈",11302,T9A
11791096,CA,AB,,53.52331,-113.52513,,Alberta,Edmonton,,Edmonton (West University / Strathcona Place),University of Alberta,,0,T6G
5899302,CA,AB,,53.56667,-113.4,,Alberta,Edmonton,,Edmonton (Central Beverly),Beverly Heights,,0,T5W
5909403,CA,QC,16,45.31678,-72.64912,46078,Quebec,Montérégie,Bromont,Bromont,Bromont,"Bromon,Bromont,ZBM,brwmwn,brwmwn  kbk,Бромон,برومون,برومون، کبک,برومونٹ",6049,J2L
5923921,CA,ON,,43.72192,-79.23091,,Ontario,Scarborough,,Scarborough (Cliffside / Cliffcrest / Scarborough Village West),Cliffcrest,,0,M1M
5975038,CA,AB,,50.58341,-113.86867,,Alberta,,,High River,High River,"Khaj River,Хај Ривер",9826,T1V
6156608,CA,NB,,45.12654,-66.83138,,New Brunswick,,,St. George,St. George,"Saint-George,سینٹ جارج، نیو برنسوک",0,E5C
6184364,CA,NB,,46.15796,-67.58377,,New Brunswick,,,Woodstock,Woodstock,"Vudstok,Vudstokas,Вудсток",0,E7M
5908738,CA,AB,,50.89979,-114.10812,,Alberta,Calgary,,Calgary (Millrise / Somerset / Bridlewood / Evergreen),Bridlewood,,0,T2Y
5951339,CA,ON,,43.07861,-79.08639,,Ontario,Niagara Falls,,Niagara Falls Southeast,Falls View,,0,L2G
6138085,CA,QC,,45.61678,-73.78249,,Quebec,,,Sainte-Rose,Sainte-Rose,,0,H7L
5919566,CA,QC,16,45.45008,-73.28246,57005,Quebec,Montérégie,Chambly,Chambly,Chambly,"Chambly,Shambli,chymbly,shambly  kbk,shwmbly  kybk,Шамбли,Шамблі,شامبلی، کبک,شومبلي، كيبك,چیمبلی",22608,J3L
6325521,CA,QC,12,46.80326,-71.17793,,Quebec,Chaudière-Appalaches,,Lévis,Lévis,"Levi,li wei,lwy  kbk,lyfys,lyws,revu~i,Леви,Леві,لوی، کبک,ليفيس,لیوس,レヴィ,利维",126396,G6Y
6325521,CA,QC,12,46.80326,-71.17793,25213,Quebec,Chaudière-Appalaches,Lévis,Lévis North,Lévis,"Levi,li wei,lwy  kbk,lyfys,lyws,revu~i,Леви,Леві,لوی، کبک,ليفيس,لیوس,レヴィ,利维",126396,G6V
6943830,CA,NB,,47.80779,-65.1945,,New Brunswick,,,Grande-Anse,Grande-Anse,"ghrand ansh,غراند أنسه",0,E8N
7281936,CA,BC,,49.8625,-119.58333,,British Columbia,Kelowna,,Kelowna West,West Kelowna,"District of West Kelowna,West Kelowna,uesutokerouna,u~esutokerouna,xi ji long na,ویسٹ کیلونا,ウェストケロウナ,ウエストケロウナ,西基隆拿",28793,V1Z
5978765,CA,ON,,45.33341,-79.21632,,Ontario,,,Huntsville,Huntsville,"Khantsvil,Khantsvill,hantsfyl,hantsubiru,heng ci wei er,Хантсвил,Хантсвилл,هانتسفيل,ハンツビル,亨茨維爾",19579,P1H
6114862,CA,BC,,49.34783,-124.44231,,British Columbia,,,Qualicum Beach,Qualicum Beach,"Qualicum Beach,XQU,shaty kwalykm,شاطئ كواليكم",0,V9K
5896522,CA,AB,,53.35013,-113.41871,,Alberta,,,Beaumont,Beaumont,"Bomont,Бомонт",7366,T4X
5949493,CA,ON,,46.25837,-81.76649,,Ontario,,,Espanola,Espanola,"Espanola,Española,ai si pa nuo la,esupanora,Еспанола,エスパノーラ,埃斯帕諾拉",4682,P5E
6158349,CA,NB,,45.18044,-67.29529,,New Brunswick,,,St. Stephen,St. Stephen,Saint-Stephen,0,E3L
6137780,CA,QC,16,45.40008,-73.58248,67030,Quebec,Montérégie,Sainte-Catherine,Sainte-Catherine,Sainte-Catherine,"Sainte-Catherine,Sent Katrin,sant kathryn,sheng ka te lin na,snt-katryn  kbk,Сент Катрин,سانت كاثرين,سنت-کاترین، کبک,سین-کیتھرین، کیوبک,圣卡特琳娜",16762,J5C
11791221,CA,AB,,53.64015,-113.46067,,Alberta,Edmonton,,Edmonton (West Lake District),Crystallina Nera West,,0,T5Z
6094407,CA,NB,,45.83512,-66.47917,,New Brunswick,,,Oromocto,Oromocto,,8998,E2V
5905308,CA,ON,,43.87952,-79.73791,,Ontario,,,Bolton,Bolton,,0,L7E
5908723,CA,NS,,44.37856,-64.51882,,Nova Scotia,,,Bridgewater,Bridgewater,"bryj watr,بریج واتر",8070,B4V
5888377,CA,ON,,44.00011,-79.46632,,Ontario,,,Aurora,Aurora,"Arora,Gorad Arora,Orora,ao luo la,awrwra,olola,orora,Арора,Горад Арора,Орора,أورورا,ارورا، اونٹاریو,オーロラ,奧羅拉,오로라",0,L4G
6179268,CA,ON,,43.70359,-79.51513,,Ontario,,,Weston,Weston,,0,M9N
5884492,CA,ON,,44.22327,-76.64538,,Ontario,,,Amherstview,Amherstview,,0,K7N
5989117,CA,ON,,45.3001,-75.91606,,Ontario,Kanata,,Kanata (Katimavik-Hazeldean / Glen Cairn),Kanata,"Kanata,kan na ta,Каната,坎納塔",0,K2L
6077128,CA,QC,15,46.55011,-75.4993,79088,Quebec,Laurentides,Mont-Laurier,Mont-Laurier,Mont-Laurier,"Mon Lorje,Mon-Lor'e,Mont-Laurier,mwn-lwryh,mwnt lwryl,Мон Лорје,Мон-Лорьє,مون-لوریه,مونت لوريل",13405,J9L
6167863,CA,ON,8133394,43.65011,-79.3829,,Ontario,Toronto,,Downtown Toronto Stn A PO Boxes 25 The Esplanade (Enclave of M5E),Downtown Toronto,,0,M5W
6167863,CA,ON,8133394,43.65011,-79.3829,,Ontario,Toronto,,Downtown Toronto (Underground city),Downtown Toronto,,0,M5X
6167863,CA,ON,8133394,43.65011,-79.3829,,Ontario,Toronto,,Downtown Toronto (Commerce Court / Victoria Hotel),Downtown Toronto,,0,M5L
6167863,CA,ON,8133394,43.65011,-79.3829,,Ontario,Toronto,,Downtown Toronto (Berczy Park),Downtown Toronto,,0,M5E
6167863,CA,ON,8133394,43.65011,-79.3829,,Ontario,Toronto,,Downtown Toronto (Toronto Dominion Centre / Design Exchange),Downtown Toronto,,0,M5K
6167863,CA,ON,8133394,43.65011,-79.3829,,Ontario,Toronto,,Downtown Toronto (Ryerson),Downtown Toronto,,0,M5B
6167863,CA,ON,8133394,43.65011,-79.3829,,Ontario,Toronto,,Downtown Toronto (St. James Park),Downtown Toronto,,0,M5C
6167863,CA,ON,8133394,43.65011,-79.3829,,Ontario,Toronto,,Downtown Toronto (Richmond / Adelaide / King),Downtown Toronto,,0,M5H
6167863,CA,ON,8133394,43.65011,-79.3829,,Ontario,Toronto,,Downtown Toronto (Central Bay Street),Downtown Toronto,,0,M5G
5883345,CA,ON,,43.60348,-79.54604,,Ontario,Etobicoke,,Etobicoke (Alderwood / Long Branch),Alderwood,,0,M8W
5924989,CA,NS,,45.06685,-64.58207,,Nova Scotia,,,Coldbrook,Coldbrook,,0,B4R
6094325,CA,ON,,44.60868,-79.42068,,Ontario,,,Orillia,Orillia,"Orilija,Orillija,ao li li ya,awrylya,awrylya  antaryw,oriria,Орилија,Ориллия,Оріллія,أوريليا,اوریلیا,اوریلیا، انتاریو,オリリア,奧里利亞",30178,L3V
6137422,CA,NB,,46.36294,-64.74985,,New Brunswick,,,Saint-Antoine,Saint-Antoine,"saynt antwny,ساينت أنتوني,سینٹ-انتوینے، نیو برنسوک",0,E4V
5924618,CA,AB,,51.18341,-114.46871,,Alberta,,,Cochrane,Cochrane,"Kokran,Кокран",16365,T4C
6125653,CA,QC,02,48.5168,-72.23244,91025,Quebec,Saguenay/Lac-Saint-Jean,Roberval,Roberval,Roberval,"Roberval,YRJ",9287,G8H
6137696,CA,QC,15,45.95008,-74.13251,77022,Quebec,Laurentides,Sainte-Adèle,Sainte-Adèle,Sainte-Adèle,"Sainte-Adele,Sainte-Adèle,Ste-Adele,Ste-Adèle",10634,J8B
5897352,CA,ON,,43.73341,-79.4163,,Ontario,,,North York (Bedford Park / Lawrence Park West / Lawrence Manor East),Bedford Park,,0,M5M
5924579,CA,ON,,43.95977,-78.16515,,Ontario,,,Cobourg,Cobourg,"Cobourg,Koburg,XGJ,ke bao,kwbwrgh,Кобург,كوبورغ,科堡",18099,K9A
6113406,CA,BC,,54.31507,-130.32098,,British Columbia,,,Prince Rupert,Prince Rupert,"Prince Rupert,Prins Rupert,Prins-Rupert,YPR,bryns rwbyrt,lu po te wang zi gang,peulinseulupeoteu,purinsurupato,Принс Руперт,Принс-Руперт,Прінс-Руперт,برينس روبيرت,پرنس رپرٹ، برٹش کولمبیا,プリンスルパート,鲁珀特王子港,프린스루퍼트",14708,V8J
6137649,CA,QC,,45.93336,-72.43241,,Quebec,,,Saint-Cyrille-De-Wendover,Saint-Cyrille-de-Wendover,,1279,J1Z
6168326,CA,BC,,49.09983,-117.70223,,British Columbia,,,Trail,Trail,"Trejl,YZZ,trayl,Трейл,Трејл,ترايل,ٹریل، برٹش کولمبیا",9707,V1R
5931074,CA,QC,16,45.20008,-72.74913,46080,Quebec,Montérégie,Cowansville,Cowansville,Cowansville,"Cowansville,Kauansvil,kawnswyl  kbk,kwwansfyl  kybk,Кауансвил,كووانسفيل، كيبك,کاونسویل، کبک,کونزولے",10887,J2K
6060385,CA,ON,,43.53528,-79.61861,,Ontario,Mississauga,,Mississauga (West Port Credit / Lorne Park / East Sheridan),Lorne Park,,0,L5H
6158357,CA,ON,,42.77361,-81.18038,,Ontario,St. Thomas,,St. Thomas North,St. Thomas,"Saint Thomas,Sent Tomas,St. Thomas,YQS,sant twmas,sentotomasu,sheng tang ma shi,snt twmas  antaryw,Сент Томас,سانت توماس,سنت توماس، انتاریو,سینٹ تھامس,سینٹ تھامس، اونٹاریو,セントトーマス,聖湯瑪士",36110,N5P
6182957,CA,NL,,48.94994,-55.66492,,Newfoundland and Labrador,,,Windsor,Windsor,,0,A2B
5946011,CA,NS,,44.72238,-63.41816,,Nova Scotia,Dartmouth,,Dartmouth East,East Preston,,0,B2Z
6160771,CA,NS,,46.11684,-60.21515,,Nova Scotia,Sydney,,Sydney Central,Sydney River,,0,B1S
5882799,CA,AB,,51.30011,-114.03528,,Alberta,Airdrie,,Airdrie West,Airdrie,"Erdri,ai er de li,ayrdray,ayrdry,eeodeuli,Ердри,إيردراي,ائرڈرائ,ائیرڈرائی، البرٹا,ایردری,艾尔德里,에어드리",24673,T4B
6138352,CA,QC,15,45.93338,-74.0159,75045,Quebec,Laurentides,Saint-Hippolyte,Saint-Hippolyte,Saint-Hippolyte,"Saint-Hippolyte,St-Hippolyte",8083,J8A
6140750,CA,ON,8581623,45.42519,-75.67863,,Ontario,Ottawa,,Ottawa (Lower Town / Sandy Hill / University of Ottawa),Sandy Hill,,0,K1N
5895482,CA,ON,,43.77639,-79.38028,,Ontario,North York,,North York (Bayview Village),Bayview Village,,0,M2K
5918118,CA,BC,,49.29984,-117.66894,,British Columbia,,,Castlegar,Castlegar,"Kaslgar,YCG,ka si er jia,kaslghar,kslgr  brytysh klmbya,Каслгар,كاسلغار,کسلگر، بریتیش کلمبیا,کیسلگر، برٹش کولمبیا,卡斯尔加",8715,V1N
6066350,CA,QC,16,45.43338,-73.16585,55048,Quebec,Montérégie,Marieville,Marieville,Marieville,Marieville,5600,J3M
7303784,CA,NB,,46.29986,-67.51669,,New Brunswick,,,Hartland,Hartland,"Khartlend,hatorando,Хартленд,ハートランド",902,E7P
6696260,CA,QC,01,48.82857,-67.52197,08053,Quebec,Bas-Saint-Laurent,Matane,Matane,Matane,"Matan,Matane,YME,matan,matan  kybk,Матан,ماتان,ماتان، كيبك,ᒪᑕᓀ",14812,G4W
7871305,CA,ON,,43.73203,-79.49398,,Ontario,Downsview,,Downsview Central,Downsview,,0,M3M
5975503,CA,AB,,53.40009,-117.58567,,Alberta,,,Hinton,Hinton,"Hinton,Khinton,YJP,Хинтон,ہنٹن، البرٹا",9889,T7V
5928488,CA,QC,06,45.46536,-73.66585,66058,Quebec,Montréal,Côte-Saint-Luc,Côte-Saint-Luc West,Côte-Saint-Luc,,31395,H4W
5937522,CA,ON,,42.8501,-80.49968,,Ontario,,,Delhi,Delhi,,0,N4B
5911609,CA,BC,,49.28333,-123.0,,British Columbia,Burnaby,,Burnaby (Burnaby Heights / Willingdon Heights / West Central Valley),Burnaby Heights,,0,V5C
6080488,CA,ON,,43.68694,-79.48917,,Ontario,York,,York (Del Ray / Keelsdale / Mount Dennis / Silverthorne),Mount Dennis,,0,M6M
6091314,CA,QC,,45.47675,-73.61432,,Quebec,Notre-Dame-de-GrÔce,,Notre-Dame-de-GrÔce Northeast,Notre-Dame-de-Grâce,NDG,67000,H4A
6176421,CA,ON,,44.5168,-80.01637,,Ontario,,,Wasaga Beach,Wasaga Beach,"Wasaga,Wasaga Beach",7567,L9Z
5971859,CA,BC,5965814,49.28333,-123.03333,,British Columbia,Vancouver,,Vancouver (North Hastings-Sunrise),Hastings-Sunrise,,0,V5K
6088132,CA,QC,17,46.21676,-72.61582,50072,Quebec,Centre-du-Québec,Nicolet,Nicolet,Nicolet,"Nikole,Nikolet,nykwlh  kbk,Николе,Николет,نیکوله، کبک",5257,J3T
6094817,CA,ON,8581623,45.41117,-75.69812,,Ontario,Ottawa,,Government of Canada Ottawa and Gatineau offices,Ottawa,"Gorad Atava,Otava,Otavo,Otawa,Ottaba,Ottahua,Ottava,Ottavae,Ottawa,YOW,atawa,atoya,attava,awtawa,otava,otawa,ottava,wo tai hua,xxttawa,AA¬²±,Οττάβα,Οτταβα,Горад Атава,Отава,Оттавæ,Оттава,Օտտավա,אוטווה,אטאווא,أوتاوا,ئۆتاوا,اتاوا,اوتآوآ,اوٹاوا,اٹاوہ,ओटावा,অটোয়া,ਓਟਾਵਾ,ଓଟାୱା,ஒட்டாவா,ಆಟ್ಟಾವಾ,ഓട്ടവ,ออตตาวา,ཨོ་ཏ་ཝ།,အော့တဝမြို့,ოტავა,ኦታዋ,ᎠᏔᏩ,ᐊᑐᕚ/atavaa,オタワ,渥太華,오타와",812129,K1A
6094817,CA,ON,8581623,45.41117,-75.69812,,Ontario,Ottawa,,Ottawa (Centre Town),Ottawa,"Gorad Atava,Otava,Otavo,Otawa,Ottaba,Ottahua,Ottava,Ottavae,Ottawa,YOW,atawa,atoya,attava,awtawa,otava,otawa,ottava,wo tai hua,xxttawa,AA¬²±,Οττάβα,Οτταβα,Горад Атава,Отава,Оттавæ,Оттава,Օտտավա,אוטווה,אטאווא,أوتاوا,ئۆتاوا,اتاوا,اوتآوآ,اوٹاوا,اٹاوہ,ओटावा,অটোয়া,ਓਟਾਵਾ,ଓଟାୱା,ஒட்டாவா,ಆಟ್ಟಾವಾ,ഓട്ടവ,ออตตาวา,ཨོ་ཏ་ཝ།,အော့တဝမြို့,ოტავა,ኦታዋ,ᎠᏔᏩ,ᐊᑐᕚ/atavaa,オタワ,渥太華,오타와",812129,K2P
6111704,CA,ON,,42.90012,-79.23288,,Ontario,,,Port Colborne,Port Colborne,"Port Kolborn,Port-Kolborn,bwrt kwlbwrn,poteukolbon,potokorubon,pwrt kwlbwrn,Порт Колборн,Порт-Колборн,بورت كولبورن,پورت کولبورن,پورٹ کولبورن,ポートコルボーン,포트콜본",18599,L3K
7870893,CA,AB,,51.01737,-114.06993,,Alberta,Calgary,,Calgary (Elbow Park / Britannia / Parkhill / Mission),Parkhill,,0,T2S
5896495,CA,QC,16,45.31341,-73.8725,70022,Quebec,Montérégie,Beauharnois,Beauharnois,Beauharnois,"Boarnoa,bwarnwa  kbk,bwarnwa  kybk,Боарноа,بوآرنوآ، کبک,بوأرنوا، كيبك,بیوہارنوئس",11918,J6N
5935736,CA,ON,8133394,43.70194,-79.38889,,Ontario,Toronto,,Central Toronto (Davisville),Davisville,"Davisville,Davisville Village",0,M4S
5951644,CA,QC,16,45.28338,-72.98244,46112,Quebec,Montérégie,Farnham,Farnham,Farnham,Farnham,6061,J2N
5971694,CA,AB,,51.14791,-114.0513,,Alberta,Calgary,,Calgary (Sandstone / Harvest Hills / Coventry Hills / Panorama Hills / Beddington),Harvest Hills,,0,T3K
6087824,CA,ON,8133394,43.60019,-79.50527,,Ontario,Toronto,,Etobicoke (New Toronto / Mimico South / Humber Bay Shores),New Toronto,,0,M8V
6122053,CA,NB,,46.68073,-64.88044,,New Brunswick,,,Richibucto,Richibucto,"Richibouctou,Rishibakto,Ришибакто",1298,E4W
5920652,CA,QC,07,45.5001,-75.78265,82025,Quebec,Outaouais,Chelsea,Chelsea,Chelsea,"Chelsi,chlsy  kbk,tshlsy,Челси,تشلسي,چلسی، کبک",0,J9B
5966078,CA,QC,,45.48649,-73.46223,,Quebec,,,Greenfield Park,Greenfield Park,,0,J4V
6050263,CA,QC,,45.82318,-73.4294,,Quebec,,,L'Assomption,L'Assomption,,16738,J5W
5906281,CA,NB,,46.46844,-64.73905,,New Brunswick,,,Bouctouche,Bouctouche,"Baktush,Бактуш",1895,E4S
5952191,CA,ON,,43.7001,-80.36638,,Ontario,,,Fergus,Fergus,,0,N1M
5955879,CA,BC,,49.16667,-122.58333,,British Columbia,,,Langley Township North,Fort Langley,,0,V1M
6067090,CA,AB,,51.11806,-113.95556,,Alberta,Calgary,,Calgary (Martindale / Taradale / Falconridge / Saddle Ridge),Martindale,,0,T3J
6112027,CA,ON,,42.66679,-81.21644,,Ontario,,,Port Stanley,Port Stanley,,0,N5L
6173404,CA,ON,8581623,45.4399,-75.66498,,Ontario,Ottawa,,Ottawa (Vanier),Vanier,,0,K1L
6180961,CA,BC,,49.01636,-122.8026,,British Columbia,,,White Rock,White Rock,"Vajt Rok,White Rock,bai shi,howaitorokku,hwaiteulog,wayt rak   brytysh klmbya,wayt rwk,Вајт Рок,وائٹ راک,وائٹ راک، برٹش کولمبیا,وايت روك,وایت راک ، بریتیش کلمبیا,ホワイトロック,白石,화이트록",66450,V4B
6076690,CA,PE,,46.16681,-62.64866,,Prince Edward Island,,,Montague,Montague,"Montagju,Монтагју",2005,C0A
6115187,CA,BC,,52.97842,-122.4931,,British Columbia,,,Quesnel,Quesnel,"Kvenel,Kvesnel,YQZ,kwyznl,kynyl,Квенел,Квеснел,كينيل,کوئزنل,کوئیسنل، برٹش کولمبیا",13788,V2J
6162949,CA,BC,,54.51634,-128.60345,,British Columbia,,,Terrace,Terrace,"Teras,YXT,tyras,Терас,تيراس,ٹیریس، برٹش کولمبیا",19443,V8G
6127584,CA,ON,5969784,43.22406,-79.80853,,Ontario,Hamilton,,Hamilton (East Delta / Bartonville / Glenview / Rosedale / Lower King's Forest / Red Hill / Corman / Vincent / South Gershome),Rosedale,,0,L8K
6127823,CA,AB,,51.04156,-114.14718,,Alberta,Calgary,,Calgary (Rosscarrock / Wildwood / Shaganappi / Sunalta),Rosscarrock,,0,T3C
5884588,CA,QC,08,48.56688,-78.11624,88055,Quebec,Abitibi-Témiscamingue,Amos,Amos,Amos,"Amos,YEY,amws,amws  kbk,amws  kybk,Амос,آموس، کبک,أموس، كيبك,اموس",17918,J9T
5909514,CA,AB,,50.58341,-111.88509,,Alberta,,,Brooks,Brooks,"Broks,Bruks,beulugseu,brwks,brwks  albrٹa,bu lu ke si,Брукс,بروکس,بروکس، البرٹا,ბროკსი,布鲁克斯,브룩스",12744,T1R
6091923,CA,MB,,49.7736,-97.32206,,Manitoba,,,Oak Bluff,Oak Bluff,,0,R4G
6111882,CA,ON,,44.01682,-78.39953,,Ontario,,,Port Hope,Port Hope,,0,L1A
6179652,CA,SK,,49.66675,-103.85109,,Saskatchewan,,,Weyburn,Weyburn,"Vejbern,wybrn,Вейберн,Вејберн,ويبرن",9362,S4H
5990916,CA,ON,,43.72267,-79.26052,,Ontario,Scarborough,,Scarborough (Kennedy Park / Ionview / East Birchmount Park),Kennedy Park,,0,M1K
6156873,CA,ON,8133394,43.66942,-79.37292,,Ontario,Toronto,,Downtown Toronto (St. James Town / Cabbagetown),St. James Town,,0,M4X
6184006,CA,ON,,43.69583,-79.31889,,Ontario,East York,,East York (Woodbine Heights),Woodbine Heights,,0,M4C
5941759,CA,NB,,45.90155,-64.50795,,New Brunswick,,,Dorchester,Dorchester,"dwrtshstr,دورتشستر",0,E4K
5969423,CA,NS,,44.646,-63.57333,,Nova Scotia,Halifax,,Halifax Mid-Harbour Nova Scotia Provincial Government,Halifax,"Chalifax,Galifaks,Gorad Galifaks,Halafacs,Halifacium,Halifaks,Halifaksas,Halifakso,Halifax,Halifax Regional Municipality,Halifax Te-khu Chhi,Halifax Tē-khu Chhī,Helifeksa,Khalifaks,Munisipyo Rehiyonal han Halifax,ha li fa ke si,haellipaegseu,hailifaikasa,halihpaks,halipaksi,haliphaks,halyfaks,harifakkusu,helipheksa,hlyfks  nwa askwshya,hlypqs,Χάλιφαξ,Галифакс,Галіфакс,Горад Галіфакс,Халифакс,הליפקס,هاليفاكس,هلیفکس، نوا اسکوشیا,ہیلی فیکس,हॅलिफॅक्स,ਹੈਲੀਫ਼ੈਕਸ,ஹாலிஃபாக்ஸ்,ഹാലിഫാക്സ്,ဟဲလဖက်မြို့,ჰალიფაქსი,ハリファックス,哈利法克斯,핼리팩스",0,B3J
5924417,CA,AB,,49.7167,-112.61854,,Alberta,,,Coaldale,Coaldale,,6317,T1M
6101141,CA,BC,,49.48062,-119.58584,,British Columbia,,,Penticton,Penticton,"Pentikton,YYF,byntyktwn,peng di ke dun,Пентиктон,بينتيكتون,پینٹکٹان,پینٹیکٹن,彭蒂克顿",37721,V2A
7535681,CA,QC,,46.74064,-71.45131,,Quebec,,,St-Augustin-De-Desmaures,Saint-Augustin-de-Desmaures,"Sent Ogisten de Demor,san awghwstn dy dymarws,sn-awgwstn-dw-dmwr  kbk,Сент Огистен де Демор,سان أوغوستن دي ديماروس,سن-اوگوستن-دو-دمور، کبک,سینٹ-اوگسٹن-دے-دسمرس",17281,G3A
6075364,CA,ON,,43.59699,-79.61389,,Ontario,Mississauga,,Mississauga (Mississauga Valleys / East Cooksville),Mississauga Valley,,0,L5A
6174362,CA,QC,,45.6,-73.71667,,Quebec,,,Vimont,Vimont,,0,H7M
6943605,CA,NB,,46.73551,-67.70393,,New Brunswick,,,Perth-Andover,Perth-Andover,"byrt andwfr,بيرت أندوفر",0,E7H
11791125,CA,AB,,53.55628,-113.6762,,Alberta,Edmonton,,Edmonton (West Northwest Industrial / Winterburn),Winterburn Industrial Area East,,0,T5S
5921060,CA,AB,,51.03341,-113.81867,,Alberta,,,Chestermere,Chestermere,"Chestermir,Честермир",3590,T1X
6091108,CA,NB,,45.65075,-65.73024,,New Brunswick,,,Norton,Norton,,0,E5T
6138201,CA,QC,02,48.65007,-72.44906,91042,Quebec,Saguenay/Lac-Saint-Jean,Saint-Félicien,Saint-Félicien,Saint-Félicien,"Saint-Felicien,Saint-Félicien,Sen Felisjen,Sen-Felis'en,san fylysyan,sn-flysyn  kbk,Сен Фелисјен,Сен-Фелисьен,Сен-Фелісьєн,سان فيليسيان,سن-فلیسین، کبک,سینٹ-فلیکیں ، کیوبک",8088,G8K
6139417,CA,BC,,50.69981,-119.26907,,British Columbia,,,Salmon Arm,Salmon Arm,"Samon Arm,sa meng a mu,salmn arm,salmwn arm,Самон Арм,سالمن آرم,سالمون آرم,萨蒙阿姆",0,V1E
6160919,CA,AB,,49.78703,-112.14603,,Alberta,,,Taber,Taber,"Tejber,Тејбер",8163,T1G
5909024,CA,ON,8581623,45.3629,-75.79375,,Ontario,Ottawa,,Ottawa (Britannia / Pinecrest),Britannia,,0,K2B
5894164,CA,AB,,54.13345,-114.40211,,Alberta,,,Barrhead,Barrhead,"Barhedas,Barkhed,ba er hei de,Бархед,巴尔黑德",4430,T7N
6098332,CA,QC,04,47.91684,-74.61587,,Quebec,Mauricie,,Mauricie (Parent),Parent,XFE,0,G0X
6122717,CA,ON,,42.33338,-82.94984,,Ontario,Windsor,,Windsor (Riverside),Riverside,,0,N8S
6173635,CA,AB,,53.50015,-112.05182,,Alberta,,,Vegreville,Vegreville,"Vegrevil,Vegrevil',Vegrevill,wgrwyl  albrta,Вегревил,Вегревилл,Веґревіль,وگرویل، آلبرتا",5678,T9C
6639619,CA,QC,03,46.85244,-71.62056,22005,Quebec,Capitale-Nationale,Sainte-Catherine-de-la-Jacques-Cartier,Sainte-Catherine-de-la-Jacques-Cartier,Sainte Catherine de la Jacques Cartier,,5021,G3N
10400409,CA,ON,8581623,45.40285,-75.71095,,Ontario,Ottawa,,Ottawa (West Downtown area),Centretown West,,0,K1R
5907166,CA,ON,,44.11681,-79.56632,,Ontario,,,Bradford,Bradford West Gwillimbury,,0,L3Z
6151264,CA,BC,,48.37463,-123.72762,,British Columbia,,,Sooke,Sooke,,6145,V9Z
6545023,CA,NB,,47.3737,-68.32512,,New Brunswick,,,Edmundston,Edmundston,"Edmundston,Ehdmundston,ai de meng ci dun,edomonsuton,Едмундстон,Эдмундстон,اڈمنڈسٹن,エドモンストン,埃德蒙兹顿",16643,E3V
6945991,CA,QC,17,46.21856,-71.76201,32040,Quebec,Centre-du-Québec,Plessisville,Plessisville,Plessisville,,6677,G6L
6173331,CA,BC,5965814,49.24966,-123.11934,,British Columbia,Vancouver,,Vancouver (West Mount Pleasant / West Riley Park-Little Mountain),Vancouver,"Ban'kouber,Fankuver,Fankûver,Gorad Vankuver,Vancouver,Vancover,Vancuverium,Vancôver,Vanguve,Vangúve,Vankuver,Vankuvera,Vankuveris,Vankuvero,Vankuvur,Vankūvera,Venkuver,Venkûver,Wankuwer,Wankuwér,YVR,baenkubeo,bankuba,bankuba shi,bhyanakubhara,fankwfr,vainakuvara,vainkuvara,vankuvar,vhamkuvhara,wen ge hua,wnkwwr,wnkwwr  brytysh klmbya,wnqwbr,wynkwwr,Βανκούβερ,Ванкувер,Ванкувър,Горад Ванкувер,Վանկուվեր,ונקובר,فانكوفر,ونکوور,ونکوور، بریتیش کلمبیا,وینکوور,वैंकूवर,व्हँकूव्हर,ভ্যানকুভার,ਵੈਨਕੂਵਰ,வான்கூவர்,แวนคูเวอร์,ཝན་ཁུ་ཝེར།,ဗန်ကူးဗားမြို့,ვანკუვერი,ቫንኩቨር,バンクーバー,バンクーバー市,溫哥華,밴쿠버",600000,V5Y
6179138,CA,AB,,54.15016,-113.86876,,Alberta,,,Westlock,Westlock,,5067,T7P
7870919,CA,ON,8133394,43.64455,-79.40712,,Ontario,Toronto,,Downtown Toronto (CN Tower / King and Spadina / Railway Lands / Harbourfront West / Bathurst Quay / South Niagara / YTZ),Niagara,,0,M5V
6035615,CA,AB,,52.46681,-113.7353,,Alberta,,,Lacombe,Lacombe,"Lakom,la ke mu,lakwmb,lkwmb,Лаком,لاكومب,لاکومب، البرٹا,لکومب,拉科姆",10059,T4L
5923118,CA,NL,,48.1666,-53.96482,,Newfoundland and Labrador,,,Clarenville,Clarenville,,0,A5A
5992830,CA,QC,06,45.45008,-73.86586,66102,Quebec,Montréal,Kirkland,Kirkland,Kirkland,"Kirkland,krklnd  kbk,kyrkland  kybk,Киркланд,كيركلاند، كيبك,کرکلند، کبک,کرکلینڈ",20491,H9J
6169587,CA,NS,,45.36685,-63.26538,,Nova Scotia,,,Truro,Truro,"Truro,XLZ,trwrw  nwa askwshya,Труро,ترورو، نوا اسکوشیا",20650,"B2N,B6L"
6174150,CA,ON,,43.73532,-79.3097,,Ontario,,,North York (Sweeney Park / Wigmore Park),Victoria Park Village,,0,M4A
7731836,CA,NB,,47.16317,-67.9246,,New Brunswick,,,Saint-Leonard,Saint-Léonard,"Saint Leonard,Saint-Leonard,Saint-Léonard,YSL,سینٹ-لیونارڈ، نیو برنسوک",2700,E7E
6100932,CA,ON,,44.7834,-79.91637,,Ontario,,,Penetanguishene,Penetanguishene,"Penetanguishin,Penetangvishin,bynytanjwyshyn,Пенетангвишин,Пенетангуишин,بينيتانجويشين",0,L9M
6942645,CA,QC,,45.58563,-75.4208,,Quebec,,,Buckingham,Buckingham,,0,J8L
5962052,CA,AB,,53.54617,-113.55125,,Alberta,Edmonton,,Edmonton (Glenora / SW Downtown Fringe),Glenora,,0,T5N
6166580,CA,ON,,42.85986,-80.72617,,Ontario,,,Tillsonburg,Tillsonburg,"Tilsonburg,tylswnbyrj,Тилсонбург,تيلسونبيرج",0,N4G
6943488,CA,QC,01,48.46382,-67.43134,07047,Quebec,Bas-Saint-Laurent,Amqui,Amqui,Amqui,"Amkvi,Amqui,amky,aymkwy,Амкви,آمکی,أمكي,ایمکوئ,ᐊᒻᕿ",6261,G5J
7870812,CA,ON,,43.74034,-79.35099,,Ontario,Don Mills,,Don Mills North,York Mills,,0,M3B
6086590,CA,ON,,48.1668,-89.41683,,Ontario,,,Neebing,Neebing,,1986,P7L
5961564,CA,NS,,46.19695,-59.95698,,Nova Scotia,,,Glace Bay,Glace Bay,Glasbaidh,19968,B1A
5992397,CA,NB,,45.88342,-66.91558,,New Brunswick,,,Kingsclear,Kingsclear,,0,E3E
6621036,CA,QC,,48.33982,-70.88928,,Quebec,,,La Baie,La Baie,"La Baie,La-Be,Ла-Бе",0,G7B
5955948,CA,AB,,53.71684,-113.2187,,Alberta,,,Fort Saskatchewan,Fort Saskatchewan,"Fort Saskacevanas,Fort Saskachevan,Fort Saskačevanas,Fort-Saskachevan,frt saskachwan,fwrt saskatshwan,sa si ka che wen bao,Форт Саскачеван,Форт-Саскачеван,فرت ساسکاچوان,فورت ساسكاتشوان,فورٹ ساسکیچوان,萨斯喀彻温堡",14957,T8L
5926432,CA,BC,,49.68294,-124.93613,,British Columbia,,,Comox,Comox,"Comox,YQQ,kwmwks,كوموكس",0,V9M
5983433,CA,ON,,44.30011,-79.64964,,Ontario,,,Innisfil,Innisfil,,7345,L9S
6051562,CA,AB,,53.26682,-113.55201,,Alberta,,,Leduc,Leduc,"Leduk,lei du ke,lideog,lwdwk,lydwk,Ледук,لودوک,ليدوك,لیڈک، البرٹا,勒杜克,리덕",15561,T9E
5992836,CA,ON,,48.14461,-80.03767,,Ontario,,,Kirkland Lake,Kirkland Lake,"Kirkland Lejk,YKX,keokeullaendeuleikeu,kyrkland lyk,Киркланд Лејк,كيركلاند ليك,커클랜드레이크",7775,P2N
6137633,CA,QC,16,45.36678,-73.56588,67035,Quebec,Montérégie,Saint-Constant,Saint-Constant,Saint-Constant,"Saint-Constant,Sen Konstan,san kwnstant,sn-kwnstan  kbk,Сен Констан,سان كونستانت,سن-کونستان، کبک,سینٹ-کانسٹنٹ، کیوبک",23957,J5A
6157974,CA,PE,,46.21792,-63.07948,,Prince Edward Island,,,Stratford,Stratford,"Stratford,Стратфорд",0,C1B
5940956,CA,QC,,45.49452,-73.82419,,Quebec,Dollard-Des-Ormeaux,,Dollard-Des-Ormeaux Northwest,Dollard-Des Ormeaux,"Dolar dez Ormo,Dollard-Des-Ormeaux,Dollard-des-Ormeaux,dwlar dyzwrmw  kybk,dwlar-dh-awrmw,Долар дез Ормо,دولار ديزورمو، كيبك,دولار-ده-اورمو,ڈولارڈ ڈس اورمیوکس",48930,H9A
6942800,CA,NB,,47.64457,-67.34344,,New Brunswick,,,Kedgwick,Kedgwick,"kydwyk,كيدويك",0,E8B
6325529,CA,QC,12,46.98043,-70.55493,18050,Quebec,Chaudière-Appalaches,Montmagny,Montmagny,Montmagny,"Monmani,Montmagny,St. Thomas de Montmagny,mwnmayyny  kbk,mwntmaghny  kybk,Монмані,Монмањи,مونتماغني، كيبك,مونمایینی، کبک",11724,G5V
6943599,CA,NB,,48.05502,-66.38472,,New Brunswick,,,Dalhousie,Dalhousie,,0,E8C
5882134,CA,ON,,43.62969,-80.04149,,Ontario,,,Acton,Acton,,0,L7J
5970301,CA,ON,,44.15009,-81.03303,,Ontario,,,Hanover,Hanover,"Khanover,Хановер",7255,N4N
6168768,CA,ON,,44.09917,-77.57755,,Ontario,,,Trenton,Trenton,"Trenton,YTR,Трентон,ٹرینٹن، اونٹاریو",0,K8V
6943827,CA,QC,12,46.09371,-71.30539,31084,Quebec,Chaudière-Appalaches,Thetford Mines,Thetford Mines,Thetford-Mines,Thetford-Mines,25704,G6G
7870876,CA,ON,8133394,43.70672,-79.3983,,Ontario,Toronto,,Central Toronto (North Toronto West),Midtown Toronto,,0,M4R
7870876,CA,ON,8133394,43.70672,-79.3983,,Ontario,Toronto,,Central Toronto (Davisville North),Midtown Toronto,,0,M4P
5959878,CA,QC,11,48.83341,-64.48194,03005,Quebec,Gaspésie-Îles-de-la-Madeleine,Gaspé,Gaspé,Gaspé,"Gaspe,Gaspé,Gaspė,YGP,gasph  kbk,gasupe,ghasbyh,gysp,Гаспе,גאספה,غاسبيه,گاسپه، کبک,گیسپ,ᗴᔅᗫ,ガスペ",14819,G4X
6058560,CA,ON,,42.98339,-81.23304,,Ontario,London,,London Central,London,"Landona,London,Londonas,Londono,YXU,leondeon,lndn,lndn  antaryw,londoni,lun dui,lun dun,lwndwn,rondon,Лондон,לונדון,لندن,لندن، انتاریو,لندن، اونٹاریو,ლონდონი,ロンドン,伦敦,런던",346765,N6B
6137838,CA,QC,,45.53338,-73.81589,,Quebec,,,Sainte-Dorothée,Sainte-Dorothée,,0,H7X
6165406,CA,MB,,55.7435,-97.85579,,Manitoba,,,Thompson,Thompson,"Thompson,Tompson,YTH,tang pu sen,twmbswn,Томпсон,تومبسون,تھامپسن، مینی ٹوبا,تھومپسن,汤普森",12467,R8N
7626795,CA,AB,,53.54021,-113.49907,,Alberta,Edmonton,,Edmonton (North Downtown),Downtown,,0,T5J
7870920,CA,ON,8133394,43.64791,-79.40849,,Ontario,Toronto,,West Toronto (Rua Aþores / Trinity),Trinity-Bellwoods,,0,M6J
5941602,CA,ON,,43.73341,-79.3329,,Ontario,Don Mills,,Don Mills South (Flemingdon Park),Don Mills,,0,M3C
5991148,CA,NS,,45.0771,-64.49605,,Nova Scotia,,,Kentville,Kentville,,12636,B4N
6086013,CA,MB,,50.055,-96.97813,,Manitoba,,,Narol,Narol,,0,R1C
5923329,CA,ON,,43.51852,-79.63354,,Ontario,Mississauga,,Mississauga (Clarkson / Southdown),Clarkson,,0,L5J
5943865,CA,BC,,48.78293,-123.70266,,British Columbia,,,Duncan,Duncan,"DUQ,Dankan,Duncan,Dunkan,deng ken,Данкан,Дункан,ڈنکن، برٹش کولمبیا,邓肯",22199,V9L
5975182,CA,ON,,43.80486,-79.35442,,Ontario,North York,,North York (Hillcrest Village),Hillcrest Village,,0,M2H
6179343,CA,BC,5965814,49.26667,-123.2,,British Columbia,Vancouver,,Vancouver (West Kitsilano / Jericho),West Point Grey,,0,V6R
5991909,CA,BC,5965814,49.21667,-123.03333,,British Columbia,Vancouver,,Vancouver (Killarney),Killarney,,0,V5S
6111706,CA,BC,,49.26637,-122.76932,,British Columbia,Port Coquitlam,,Port Coquitlam Central,Port Coquitlam,"Port Kokvitlam,bwrt kwkwytlam,gao gui lin gang,poteukokwiteulleom,potokokittoramu,Порт Коквитлам,بورت كوكويتلام,پورٹ کوکوٹلام,ポートコキットラム,高貴林港,포트코퀴틀럼",0,V3B
6176722,CA,ON,,43.33341,-79.88293,,Ontario,,,Waterdown,Waterdown,,0,L8B
6945986,CA,QC,03,47.654,-70.15268,15013,Quebec,Capitale-Nationale,La Malbaie,La Malbaie,La Malbaie,"La Malbaie,La Malbe,YML,la malbh  kbk,lamalbay,malby,Ла Малбе,لا مالبه، کبک,لامالبائ,مالبي",8959,G5A
7870800,CA,ON,8133394,43.66185,-79.40583,,Ontario,Toronto,,Downtown Toronto (University of Toronto / Harbord),Harbord Village,,0,M5S
6050194,CA,QC,08,48.80019,-79.19964,87090,Quebec,Abitibi-Témiscamingue,La Sarre,La Sarre,La Sarre,"La Sar,La Sarre,La-Sar,SSQ,la sar  kbk,la sary,Ла Сар,Ла-Сар,لا سار، کبک,لا ساري",7206,J9Z
6091919,CA,BC,,48.44964,-123.3026,,British Columbia,Oak Bay,,Oak Bay North,Oak Bay,"awk bay,xiang shu wan,أوك باي,橡樹灣",18015,V8R
6159905,CA,BC,,49.10635,-122.82509,,British Columbia,,,Surrey,Surrey,"Sari,Suri,Surrej,sare,seoli,su li,swry,swry  kwlwmbya albrytanyt,Сари,Суррей,Съри,סארי,سوري، كولومبيا البريطانية,سوری,サレー,素里,서리",394976,V3Z
5909969,CA,QC,,45.68342,-74.4159,,Quebec,,,Chatham,Brownsburg-Chatham,,6664,J8G
5944865,CA,AB,,50.98611,-114.1,,Alberta,Calgary,,Calgary (Oak Ridge / Haysboro / Kingsland / Windsor Park),Eagle Ridge,,0,T2V
6074623,CA,ON,,44.4415,-79.83928,,Ontario,,,Minesing,Minesing,,0,L9X
6185607,CA,SK,,51.2167,-102.46766,,Saskatchewan,,,Yorkton,Yorkton,"Jorkton,YQV,Yorkton,yue ke dun,ywrktn,ywrktwn,Јорктон,Йорктон,يوركتن,یورکتون,约克顿",15669,S3N
6179226,CA,QC,06,45.48341,-73.59918,66032,Quebec,Montréal,Westmount,Westmount East,Westmount,"Uehstmaunt,Uestmaunt,Vestmaunt,uesutomaunto,wstmwnt  kbk,wysmawnt,Вестмаунт,Уестмаунт,Уэстмаунт,وستمونت، کبک,ويسماونت,ウエストマウント",20494,H3Z
6179226,CA,QC,06,45.48341,-73.59918,66032,Quebec,Montréal,Westmount,Westmount West,Westmount,"Uehstmaunt,Uestmaunt,Vestmaunt,uesutomaunto,wstmwnt  kbk,wysmawnt,Вестмаунт,Уестмаунт,Уэстмаунт,وستمونت، کبک,ويسماونت,ウエストマウント",20494,H3Y
6943607,CA,NB,,47.57653,-65.13794,,New Brunswick,,,Saint-Isidore,Saint-Isidore,"saynt aysydwr,ساينت إيسيدور",0,E8M
5926511,CA,NL,,47.49989,-52.99806,,Newfoundland and Labrador,,,Conception Bay,Conception Bay South,کونسیپشن بے ساؤتھ,17087,A1X
6050619,CA,QC,13,45.55008,-73.69918,,Quebec,Laval,,Laval-des-Rapides,Laval-des-Rapides,,0,H7N
6156244,CA,NL,,48.55001,-58.5818,,Newfoundland and Labrador,,,Stephenville,Stephenville,YJT,6278,A2N
5885369,CA,QC,,45.60008,-73.54917,,Quebec,Anjou,,Anjou East,Anjou,,0,H1K
6128682,CA,QC,,45.50841,-73.80752,,Quebec,,,Roxboro,Roxboro,,0,H8Y
6159244,CA,PE,,46.39593,-63.78762,,Prince Edward Island,,,Summerside,Summerside,"Samersajd,Summerside,YSU,sa mo sai de,samrsayd,Самерсајд,سامرساید,萨默赛德",14808,C1N
5902599,CA,AB,,52.38342,-113.7853,,Alberta,,,Blackfalds,Blackfalds,,3198,T4M
5945566,CA,NS,,44.61685,-63.48199,,Nova Scotia,,,Eastern Passage,Eastern Passage,,0,B3G
6090730,CA,ON,8133394,43.68341,-79.3829,,Ontario,Toronto,,Downtown Toronto (Rosedale),North Toronto,,0,M4W
6145668,CA,NB,,46.21981,-64.54107,,New Brunswick,,,Shediac,Shediac,"Shed'jak,Shediac,Shédiac,Шедьяк",4735,E4P
6942553,CA,ON,,43.2,-80.38333,,Ontario,,,Paris,Paris,پیرس، انٹاریو,11177,N3L
5960533,CA,ON,,43.65011,-79.91634,,Ontario,,,Georgetown,Georgetown,جارج ٹاؤن، اونٹاریو,0,L7G
6064479,CA,QC,,45.55865,-73.53736,,Quebec,,,Maisonneuve,Hochelaga-Maisonneuve,,0,H1V
5947669,CA,ON,8581623,45.335,-75.67323,,Ontario,Ottawa,,Ottawa (Riverside Park / Hunt Club West / Riverside South / YOW),Elizabeth Park,,0,K1V
5993123,CA,BC,5965814,49.26667,-123.16667,,British Columbia,Vancouver,,Vancouver (Central Kitsilano),Kitsilano,,0,V6K
6155708,CA,MB,,49.86095,-97.06249,,Manitoba,Winnipeg,,Winnipeg (St. Boniface NE),St. Boniface,,0,R2J
6091773,CA,SK,,52.09449,-106.63006,,Saskatchewan,Saskatoon,,Saskatoon South Central,Nutana Park South,,0,S7J
6155033,CA,AB,,53.63344,-113.63533,,Alberta,,,St. Albert,St. Albert,"Saint Albert,Saint-Albert,Sen Alberas,Sent Albert,sant albrt,seinteuaelbeoteu,sheng ai bo te,snt albrt,Сент Алберт,سانت ألبرت,سنت آلبرت,سینٹ البرٹ,سینٹ البرٹ، البرٹا,სენტ-ალბერტი,圣艾伯特,세인트앨버트",57719,T8N
6182962,CA,ON,,42.30008,-83.01654,,Ontario,Windsor,,Windsor South Central (West Walkerville / Remington Park),Windsor,"Uindzur,Uinsor,Vindzor,Vindzoras,Windsor,YQG,u'indasara,uindzori,uinza,u~inza,wen sha,winjeo,wndswr,wyndzwr,wynzr  antaryw,Виндзор,Віндзор,Уиндзър,Уинсор,וינדזור,وندسور,ونڈسر، انٹاریو,ونڈسور,وینزر، انتاریو,উইন্ডসর,უინძორი,ウィンザー,ウインザー,温莎,윈저",278013,N8X
5917158,CA,ON,,45.13341,-76.14938,,Ontario,,,Carleton Place,Carleton Place,"Karlton Plejs,Karlton-Plejs,ka er dun pu lei si,karltwn blas,karltwn plys,Карлтон Плејс,Карлтон-Плейс,كارلتون بلاس,کارلتون پلیس,卡爾頓普雷斯",9743,K7C
5959326,CA,ON,,44.33342,-76.16607,,Ontario,,,Gananoque,Gananoque,XGW,5458,K7G
6024829,CA,QC,15,45.65008,-74.33253,76020,Quebec,Laurentides,Lachute,Lachute,Lachute,"Lashit,lashwt,lshwt,Лашит,لاشوت,لاچوٹ,لشوت",9562,J8H
6166739,CA,ON,,48.46686,-81.33312,,Ontario,Timmins,,Timmins Southeast,Timmins,"Timins,Timmins,YTS,di ming si,timinseu,timinzu,tymyns,tymyns  antaryw,tymynz,Тиминс,Тимминс,Тіммінс,טימינס,تيمينز,تیمینس، انتاریو,ٹیمنز,ティミンズ,蒂明斯,티민스",42997,P4N
5927279,CA,ON,,43.57877,-79.62487,,Ontario,Mississauga,,Mississauga (West Cooksville / Fairview / City Centre / East Creditview),Cooksville,,0,L5B
5949258,CA,ON,,43.53999,-79.68485,,Ontario,Mississauga,,Mississauga (Erin Mills / Western Business Park),Erin Mills,,0,L5L
6074951,CA,ON,,46.4937,-80.93459,,Ontario,Greater Sudbury,,Greater Sudbury (Downtown / Minnow Lake),Minnow Lake,,0,P3B
6098787,CA,AB,,53.46667,-113.48333,,Alberta,Edmonton,,Edmonton (South Industrial),Parsons Industrial,,0,T6N
6151770,CA,BC,5965814,49.25,-123.11667,,British Columbia,Vancouver,,Vancouver (East Fairview / South Cambie),South Cambie,,0,V5Z
6943601,CA,NB,,46.13072,-67.19616,,New Brunswick,,,Millville,Millville,,0,E6E
5978353,CA,QC,,45.4445,-75.74105,,Quebec,Hull,,Hull Central,Hull,,0,J8Y
5946656,CA,AB,,51.12561,-114.14881,,Alberta,Calgary,,Calgary (Dalhousie / Edgemont / Hamptons / Hidden Valley),Edgemont,,0,T3A
5947866,CA,ON,,46.38336,-82.63315,,Ontario,,,Elliot Lake,Elliot Lake,"Eliot Lejk,YEL,alywt layk,alywt lyk,eriottoreiku,Елиот Лејк,إليوت لايك,الیوت لیک,الیٹ لیک,エリオットレイク",12508,P5A
5892532,CA,AB,,51.17622,-115.56982,,Alberta,,,Banff,Banff,"Banf,Banfas,Banff,YBA,baenpeu,ban fu,banf,banfu,banpi,bnf,Банф,Банфф,بانف,بنف,ბანფი,バンフ,班夫,밴프",7502,T1L
5971697,CA,NB,,45.72902,-67.00638,,New Brunswick,,,Harvey,Harvey,Harvey Station,0,E6K
5944371,CA,NB,,46.11681,-66.59887,,New Brunswick,,,Durham Bridge,Durham Bridge,,0,E6C
5946226,CA,ON,,42.31678,-82.98314,,Ontario,Windsor,,Windsor East (East Walkerville),East Windsor,,0,N8Y
6085931,CA,ON,,44.25012,-76.94944,,Ontario,,,Napanee,Napanee,XIF,0,K7R
6096729,CA,NL,,47.52909,-52.88136,,Newfoundland and Labrador,,,Paradise,Paradise,,0,A1L
5962442,CA,ON,,43.74171,-81.71339,,Ontario,,,Goderich,Goderich,"Goderich,Godrich,ge de li qi,godoritchi,Годрич,گوڈرچ، اونٹاریو,ゴドリッチ,戈德里奇",8032,N7A
6050837,CA,ON,,43.72083,-79.44556,,Ontario,North York,,North York (Lawrence Manor / Lawrence Heights),Lawrence Heights,,0,M6A
6051122,CA,ON,,42.05009,-82.59981,,Ontario,,,Leamington,Leamington,"Limington,lymynghtwn,Лимингтон,ليمينغتون",0,N8H
6048772,CA,ON,,43.58493,-79.56247,,Ontario,Mississauga,,Mississauga (Central Lakeview),Lakeview,,0,L5E
6122622,CA,ON,8133394,43.67422,-79.34436,,Ontario,Toronto,,East Toronto (The Danforth West / Riverdale),Riverdale,,0,M4K
6052583,CA,QC,14,45.85008,-73.48246,60035,Quebec,Lanaudière,L'Épiphanie,L'Épiphanie,L'Épiphanie,,4606,J5X
5946235,CA,ON,,43.70388,-79.34044,,Ontario,East York,,East York (Thorncliffe Park),East York,,0,M4H
5961868,CA,ON,,42.96222,-81.20639,,Ontario,London,,London (Glen Cairn),Glen Cairn Woods,,0,N5Z
6164097,CA,ON,,43.65114,-79.51522,,Ontario,Etobicoke,,Etobicoke (The Kingsway / Montgomery Road / Old Mill North),The Kingsway,,0,M8X
7290171,CA,NB,,46.90654,-67.38997,,New Brunswick,,,Plaster Rock,Plaster Rock,,0,E7G
6138791,CA,QC,,45.56758,-73.62168,,Quebec,,,Saint-Michel West,Saint-Michel,,0,H1Z
6945989,CA,QC,12,46.43401,-71.01168,26030,Quebec,Chaudière-Appalaches,Sainte-Marie,Sainte-Marie,Sainte-Marie,,11584,G6E
5895611,CA,ON,,45.45917,-75.60389,,Ontario,Gloucester,,Gloucester (Beacon Hill / Cyrville),Beacon Hill North,,0,K1J
5916546,CA,NB,,46.21294,-64.27844,,New Brunswick,,,Cap-Pelé,Cap-Pele,,0,E4N
6058291,CA,MB,,50.0831,-96.94502,,Manitoba,,,Lockport,Lockport,,0,R1B
6174041,CA,BC,,48.43294,-123.3693,,British Columbia,Victoria,,Victoria Central British Columbia Provincial Government,Victoria,"Victoria,Victòria,Viktori,Viktoria,Viktoria Vretanikis Kolomvias,Viktorija,Viktorio,Viktoriya,Wiktoriye,YYJ,bigtolia,bikutoria,fktwrya,vhiktoriya,vikatori'a,viktoriya,vu~ikutoria,wei duo li ya,wiktxreiy,wyktwrya  brytysh klmbya,wyqtwryh,Βικτώρια Βρετανικής Κολομβίας,Виктори,Виктория,Викторија,Вікторія,Վիկտորիա,ויקטוריה,فكتوريا,وکٹوریا,وکٹوریا، برٹش کولمبیا,ویکتوریا، بریتیش کلمبیا,व्हिक्टोरिया,ਵਿਕਟੋਰੀਆ,விக்டோரியா,วิกตอเรีย,ვიქტორია,ビクトリア,ヴィクトリア,維多利亞,빅토리아",289625,V8W
5882725,CA,QC,,45.56667,-73.66667,,Quebec,Ahuntsic,,Ahuntsic Central,Ahuntsic,,0,H2C
6067497,CA,QC,14,45.75171,-73.65653,64015,Quebec,Lanaudière,Mascouche,Mascouche Central,Mascouche-Ouest,,0,J7L
6078447,CA,MB,,49.1919,-98.10136,,Manitoba,,,Morden,Morden,"Morden,Морден,مورڈن، مینی ٹوبا",6395,R6M
6126440,CA,ON,,45.5501,-75.29101,,Ontario,,,Rockland,Rockland,,0,K4K
6943732,CA,NB,,46.45578,-66.41982,,New Brunswick,,,Boiestown,Boiestown,,0,E6A
6107325,CA,QC,06,45.44868,-73.81669,66097,Quebec,Montréal,Pointe-Claire,Pointe-Claire,Pointe-Claire,"Poent Kler,bu wan ka li,bwynt klyr,pwynt-klr,Поент Клер,بوينت كلير,پوئنت-کلر,布彎卡利",30161,H9R
6137063,CA,NB,,45.91875,-64.38455,,New Brunswick,,,Sackville,Sackville,"Sakvill,XKV,Саквилл,سکولے، نیو برنسوک",5411,E4L
5906267,CA,QC,16,45.59104,-73.43605,58033,Quebec,Montérégie,Boucherville,Boucherville,Boucherville,"Bushervil,Bushervil',bushavu~iru,bwshrwyl,bwshyfyl  kybk,Бушервил,Бушервиль,باؤچرولے,بوشرویل,بوشيفيل، كيبك,ブーシャーヴィル",39062,J4B
6119440,CA,NB,,45.35576,-66.01273,,New Brunswick,Saint John,,"Saint John Northeast, Renforth",Renforth,,0,E2H
6179643,CA,ON,,43.74833,-79.29861,,Ontario,Scarborough,,Scarborough (Wexford / Maryvale),Wexford,,0,M1R
7499201,CA,ON,,44.10676,-78.94441,,Ontario,,,Port Perry,Port Perry,,0,L9L
8379100,CA,QC,03,46.75468,-71.69566,34017,Quebec,Capitale-Nationale,Pont-Rouge,Pont-Rouge,Pont-Rouge,,8723,G3H
5979052,CA,ON,,42.99861,-81.33194,,Ontario,London,,London West (Central Hyde Park / Oakridge),Hyde Park,,0,N6H
6072482,CA,BC,,48.38293,-123.53591,,British Columbia,,,Metchosin,Metchosin,,4803,V9C
5972360,CA,ON,,45.60009,-74.61595,,Ontario,,,Hawkesbury,Hawkesbury,"Hawkesbury,Khoksberi,hawksbry,hawkysbyry,Хоксбери,هاوكيسبيري,هاوکسبری",12283,K6A
6101042,CA,NB,,45.11683,-66.68218,,New Brunswick,,,Pennfield,Pennfield,,0,E5H
6137702,CA,QC,,46.05009,-74.28252,,Quebec,,,Sainte-Agathe-Des-Monts,Sainte-Agathe-des-Monts,"Sent Agat de Mon,Sent-Agat-de-Mon,sant aghath ds mwnts,snt-agat-dh-mwn,Сент Агат де Мон,Сент-Агат-де-Мон,سانت أغاث دس مونتس,سنت-آگات-ده-مون,سین-اگاٹھے-دس-مونٹس,サンタガット・デ・モン",5706,J8C
5886182,CA,NS,,45.61685,-61.99858,,Nova Scotia,,,Antigonish,Antigonish,"Antigonis,antygwnysh. nwa askwshya,آنتیگونیش٬ نوا اسکوشیا",5003,B2G
5887470,CA,QC,05,45.76678,-71.9324,40043,Quebec,Estrie,Asbestos,Asbestos,Asbestos,Asbestos,7190,J1T
5917781,CA,QC,,45.53118,-73.70358,,Quebec,Cartierville,,Cartierville Central,Cartierville,"Cartierville,YCV",0,H4J
6175411,CA,ON,,42.59303,-82.38853,,Ontario,,,Wallaceburg,Wallaceburg,,0,N8A
5937612,CA,QC,16,45.36678,-73.54917,67025,Quebec,Montérégie,Delson,Delson,Delson,Delson,7322,J5B
5970027,CA,ON,5969784,43.2225,-79.83556,,Ontario,Hamilton,,Hamilton (Sherwood / Huntington / Upper King's Forest / Lisgar / Berrisfield / Hampton Heights / Sunninghill),Hampton Heights,,0,L8T
6137540,CA,QC,,45.53341,-73.34916,,Quebec,,,Saint-Bruno,Saint-Bruno-de-Montarville,"Sen Brino de Montarvil,san brwnw dy mwntrafly,sn-brwnw-dw-mwntarwyl,Сен Брино де Монтарвил,سان برونو دي مونترافلي,سن-برونو-دو-مونتارویل,سینٹ-برونو-دے-مونترولے",24388,J3V
5985932,CA,AB,,53.52401,-113.58396,,Alberta,Edmonton,,Edmonton (Central Jasper Place / Buena Vista),Jasper Park,,0,T5R
5993072,CA,BC,,54.05244,-128.65342,,British Columbia,,,Kitimat,Kitimat,"kytymat,كيتيمات",8987,V8C
6087533,CA,ON,8581623,45.44139,-75.68778,,Ontario,Ottawa,,Ottawa (Rockcliffe Park / New Edinburgh),New Edinburgh,,0,K1M
6943731,CA,NB,,46.55697,-66.12568,,New Brunswick,,,Doaktown,Doaktown,"daktawn,داكتاون",0,E9C
5955960,CA,BC,,56.24988,-120.85292,,British Columbia,,,Fort St. John,Fort St. John,"Fort Sent DZon,Fort-Sent-Dzhon,YXJ,fwrt sant jwn,fwrt snt jan,sheng yue han bao,Форт Сент Џон,Форт-Сент-Джон,فورت سانت جون,فورت سنت جان,فورٹ سینٹ جان، برٹش کولمبیا,聖約翰堡",17402,V1J
6184004,CA,ON,,43.70917,-79.30139,,Ontario,East York,,East York (Parkview Hill / Woodbine Gardens),Woodbine Gardens,,0,M4B
6696258,CA,NB,,48.00751,-66.67272,,New Brunswick,,,Campbellton,Campbellton,"Kehmpbelton,kan bei er dun,Кэмпбелтон,کیمپبلٹن,坎贝尔顿",7384,E3N
5949568,CA,SK,,49.13337,-102.98422,,Saskatchewan,,,Estevan,Estevan,"Ehstevan,Estevan,YEN,astyfn,Естеван,Эстеван,إستيفن",9904,S4A
6076211,CA,NB,,46.09454,-64.7965,,New Brunswick,Moncton,,Moncton Central,Moncton,"Mon'kton,Moncton,Monkton,Monktonas,Monktono,YQM,meng ke dun,meongkeuteon,monkuton,mwnktwn,mwnqtwn,mx ngk tan,Μόνκτον,Монктон,מונקטון,مانکٹن,مونكتون,مونکتون,مونکٹون,มองก์ตัน,モンクトン,蒙克顿,멍크턴",87467,E1C
6082322,CA,BC,5965814,49.26667,-123.1,,British Columbia,Vancouver,,Vancouver (East Mount Pleasant),Mount Pleasant,,0,V5T
6071421,CA,SK,,54.13348,-108.43471,,Saskatchewan,,,Meadow Lake,Meadow Lake,"Meadow Lake,Medou Lejk,YLJ,medoureiku,Медоу Лејк,メドウレイク",4281,S9X
6156102,CA,MB,,49.52579,-96.68451,,Manitoba,,,Steinbach,Steinbach,"Stajnbak,Stajnbek,si tan ba ke,Стайнбак,Стайнбек,Стајнбак,سٹین بیچ، مانیٹوبا,سٹینباخ,斯坦巴克",9607,R5G
5924500,CA,QC,,45.13339,-71.79907,,Quebec,,,Coaticook,Coaticook,"Coaticook,Koatikuk,kwtykwk  kbk,kwtykwk  kybk,Коатикук,كوتيكوك، كيبك,کوتیکوک، کبک,کوٹیکوک",7021,J1A
5944222,CA,ON,,42.90011,-79.61631,,Ontario,,,Dunnville,Dunnville,,0,N1A
5991370,CA,ON,,44.25011,-79.46632,,Ontario,,,Keswick,Keswick,,21000,L4P
6178582,CA,BC,5965814,49.28333,-123.13333,,British Columbia,Vancouver,,Vancouver (South West End),West End,,44560,V6E
5975301,CA,NB,,45.91985,-64.65516,,New Brunswick,,,Hillsborough,Hillsborough,,0,E4H
5903420,CA,NB,,46.7398,-65.83186,,New Brunswick,,,Blackville,Blackville,"blakfyl,بلاكفيل",0,E9B
5924597,CA,NB,,46.33494,-64.61504,,New Brunswick,,,Cocagne,Cocagne,,0,E4R
5974978,CA,ON,8581623,45.38278,-75.75806,,Ontario,Ottawa,,Ottawa (Highland Park / Carlingwood),Highland Park,,0,K2A
6083905,CA,ON,8133394,43.62451,-79.3865,,Ontario,Toronto,,Downtown Toronto (Harbourfront East / Union Station / Toronto Island),Mugg's Island,,0,M5J
6122091,CA,ON,,43.87111,-79.43725,,Ontario,Richmond Hill,,Richmond Hill Southwest,Richmond Hill,"Richmond Khil,Richmond-Gill,Richmond-Khill,lichimeondeuhil,lie zhi wen shan,ritchimondohiru,rychmwnd hyl  antaryw,rytshmwnd hyl,Ричмонд Хил,Ричмонд-Гілл,Ричмонд-Хилл,ريتشموند هيل,ریچموند هیل، انتاریو,リッチモンドヒル,列治文山,烈治文山,리치먼드힐",185541,L4C
6182959,CA,QC,05,45.56678,-71.99909,42088,Quebec,Estrie,Windsor,Windsor,Windsor,"Vindzor,Виндзор",5408,J1S
5913415,CA,ON,,43.87531,-79.85584,,Ontario,,,Caledon,Caledon,,0,L7C
6110747,CA,QC,,45.57194,-73.68583,,Quebec,,,Pont-Viau,Pont-Viau,,0,H7G
6087843,CA,NS,,46.25014,-60.08175,,Nova Scotia,,,New Waterford,New Waterford,,0,B1H
6101906,CA,NB,,45.93935,-65.1802,,New Brunswick,,,Petitcodiac,Petitcodiac,,0,E4Z
6138643,CA,QC,14,45.85008,-73.76588,63048,Quebec,Lanaudière,Saint-Lin-Laurentides,Saint-Lin-Laurentides,Saint-Lin-Laurentides,,14159,J5M
5919010,CA,ON,5969784,43.26444,-79.87528,,Ontario,Hamilton,,Hamilton (Central / Strathcona / South Dundurn),Central,,0,L8R
6060839,CA,QC,04,46.25594,-72.94145,51015,Quebec,Mauricie,Louiseville,Louiseville,Louiseville,"Luivil,lwyyzwyl  kbk,lwyzfyl,Луивил,لاؤسولے,لويزفيل,لوییزویل، کبک",5819,J5V
6098652,CA,ON,,43.75392,-79.3224,,Ontario,North York,,North York (York Heights / Victoria Village / Parkway East),Parkway East,,0,M3A
6158027,CA,ON,,42.9551,-81.62232,,Ontario,,,Strathroy,Strathroy,XTY,0,N7G
6137941,CA,QC,16,45.58338,-73.33246,59010,Quebec,Montérégie,Sainte-Julie,Sainte-Julie,Sainte-Julie,"Sent Zhili,sant jwly,snt-zhwly  kbk,Сент Жили,سانت جولي,سنت-ژولی، کبک,سین-جلے، کیوبک",29019,J3E
6163363,CA,ON,8133394,43.67372,-79.29539,,Ontario,Toronto,,East Toronto (The Beaches),The Beaches,,0,M4E
5915119,CA,NB,,45.89541,-67.46781,,New Brunswick,,,Canterbury,Canterbury,,0,E6H
6944113,CA,QC,01,48.58388,-68.19214,09077,Quebec,Bas-Saint-Laurent,Mont-Joli,Mont-Joli,Mont-Joli,"Mon Zholi,Mont-Joli,YYY,mwn-zhwly,mwnt jwly,Мон Жоли,مون-ژولی,مونت جولي",6568,G5H
5935597,CA,AB,,53.50833,-113.42917,,Alberta,Edmonton,,Edmonton (SE Capilano / West Southeast Industrial / East Bonnie Doon),Davies Industrial East,,0,T6B
6050416,CA,QC,04,47.43337,-72.7824,90012,Quebec,Mauricie,La Tuque,La Tuque,La Tuque,"La Tik,La Tuque,La-Tjuk,YLQ,la tu ke,latak,latwk,Ла Тик,Ла-Тюк,لاتاك,لاتوک,拉圖克",9503,G9X
7870895,CA,ON,8133394,43.64887,-79.45016,,Ontario,Toronto,,West Toronto (Parkdale / Roncesvalles Village),Roncesvalles,,0,M6R
5927502,CA,ON,8581623,45.36361,-75.74778,,Ontario,Ottawa,,Ottawa (Queensway / Copeland / Carlington / Carleton Heights),Copeland Park,,0,K2C
6183858,CA,NS,,45.08345,-64.36546,,Nova Scotia,,,Wolfville,Wolfville,"wlf wyl,ولف ویل",3523,B4P
6325488,CA,QC,,46.78139,-71.29217,,Quebec,Sainte-Foy,,Sainte-Foy Northeast,Sainte-Foy,"BQC,Q14875569,Sainte-Foy",0,G1V
6111696,CA,QC,09,50.03339,-66.86545,97022,Quebec,Côte-Nord,Port-Cartier,Port-Cartier,Port-Cartier,"Por Kartje,Port-Cartier,bwrt kartyr,ka jie gang,pwrt-kartyh  kbk,Пор Картје,بورت كارتير,پورت-کارتیه، کبک,卡捷港",5851,G5B
5919137,CA,BC,,48.56634,-123.41932,,British Columbia,,,Central Saanich,Central Saanich,,0,V8M
5925975,CA,ON,,44.4834,-80.21638,,Ontario,,,Collingwood,Collingwood,"Kolingvud,kalyngwwd  antaryw,kwlynjwwd,Колингвуд,Колінгвуд,كولينجوود,کالینگوود، انتاریو",15809,L9Y
6138968,CA,QC,02,48.58339,-72.33244,91035,Quebec,Saguenay/Lac-Saint-Jean,Saint-Prime,Saint-Prime,Saint-Prime,,0,G8J
5937252,CA,NL,,49.16671,-57.43163,,Newfoundland and Labrador,,,Deer Lake,Deer Lake,"Deer Lake,YDF",4163,A8A
6071488,CA,ON,,43.59181,-79.76579,,Ontario,Mississauga,,Mississauga (Lisgar / Meadowvale),Meadowvale West,,0,L5N
6098747,CA,ON,,45.34732,-80.03527,,Ontario,,,Parry Sound,Parry Sound,"Pari Saund,Parri-Saund,YPD,pa li wan,parisaundo,Пари Саунд,Паррі-Саунд,パリーサウンド,帕里灣",6469,P2A
6071670,CA,ON,,43.01327,-81.29511,,Ontario,London,,London (Sunningdale / West Masonville / Medway / NE Hyde Park / East Fox Hollow),Medway Heights,,0,N6G
6117838,CA,NS,,45.98344,-60.36516,,Nova Scotia,,,East Bay,Rear of East Bay,,0,B1J
6158023,CA,AB,,51.05011,-113.38523,,Alberta,,,Strathmore,Strathmore,"Stratmor,Стратмор",10009,T1P
5954718,CA,MB,,54.76703,-101.87433,,Manitoba,,,Flin Flon,Flin Flon,"Flin Flon,Flin-Flon,YFO,fln flwn,flyn flwn,Флин Флон,Флин-Флон,Флін-Флон,فلن فلان، مینی ٹوبا,فلن فلون,فلین فلون",6002,R8A
6051174,CA,ON,,43.7079,-79.36794,,Ontario,East York,,East York (Leaside),Leaside,,0,M4G
6136405,CA,ON,,43.67167,-79.4846,,Ontario,York,,York (Runnymede / The Junction North),Runnymede,,0,M6N
5942913,CA,ON,,49.78334,-92.75032,,Ontario,,,Dryden,Dryden,YHD,8195,P8N
6050650,CA,QC,14,45.88338,-73.28245,52007,Quebec,Lanaudière,Lavaltrie,Lavaltrie,Lavaltrie,Lavaltrie,8762,J5T
6119101,CA,ON,8133394,43.66041,-79.3615,,Ontario,Toronto,,Downtown Toronto (Regent Park / Port of Toronto),Regent Park,,0,M5A
6172932,CA,ON,,44.10012,-79.11628,,Ontario,,,Uxbridge,Uxbridge,"Uksbridzh,ywksbrydj,Уксбридж,يوكسبريدج",11531,L9P
6942803,CA,NB,,47.79413,-64.9386,,New Brunswick,,,Caraquet,Caraquet,"Karaket,Каракет",0,E1W
11791097,CA,AB,,53.60196,-113.4071,,Alberta,Edmonton,,Edmonton (West Clareview / East Londonderry),Clareview Town Centre,,0,T5A
6047817,CA,BC,,48.99016,-123.81699,,British Columbia,,,Ladysmith,Ladysmith,"Ladysmith,Lejdismit,XEH,laydy smyth,lyydysmyt,Лейдисмит,ליידיסמית,لايدي سميث",8740,V9G
5884051,CA,ON,,44.15011,-79.86635,,Ontario,,,Alliston,Alliston,,0,L9R
5884467,CA,NS,,45.83345,-64.19874,,Nova Scotia,,,Amherst,Amherst,"a mo si te,amhrst,amhrst  nwa askatya,أمهرست,امهرست، نوا اسکاتیا,阿默斯特",9336,B4H
6173012,CA,QC,07,45.6501,-75.66604,82015,Quebec,Outaouais,Val-des-Monts,Val-des-Monts,Val-des-Monts,,9539,J8N
5905594,CA,AB,,53.52449,-113.46577,,Alberta,Edmonton,,Edmonton (Central Bonnie Doon),Bonnie Doon,,0,T6C
6147439,CA,BC,,48.64964,-123.40262,,British Columbia,,,Sidney,Sidney,"sydny,xi ni,سيدني,悉尼",0,V8L
5955815,CA,ON,,42.90012,-78.93286,,Ontario,,,Fort Erie,Fort Erie,"Fort Erie,Fort Iri,Fort Érié,Fort-Eri,fotoeri,fwrt ayry,yi li bao,Форт Ири,Форт-Ері,فورت إيري,フォートエリー,伊利堡",15953,L2A
6072206,CA,QC,16,45.31678,-73.74919,67045,Quebec,Montérégie,Mercier,Mercier,Mercier,,10121,J6R
6119451,CA,BC,5965814,49.25,-123.03333,,British Columbia,Vancouver,,Vancouver (South Hastings-Sunrise / North Renfrew-Collingwood),Renfrew-Collingwood,,0,V5M
6137626,CA,QC,15,45.73338,-74.13251,75005,Quebec,Laurentides,Saint-Colomban,Saint-Colomban,Saint-Colomban,,0,J5K
6032673,CA,QC,,45.58338,-70.88234,,Quebec,,,Lac-Megantic,Lac-Mégantic,"Lac-Megantic,Lac-Mégantic,Lak Megantik,lak mghantyk,lak-mgantyk  kbk,mei gan ti ke hu,Лак Мегантик,لاك مغانتيك,لاک-مگانتیک، کبک,لیک میگانٹک,梅干提克湖",4658,G6B
6144054,CA,MB,,50.1436,-96.88452,,Manitoba,,,Selkirk,Selkirk,"Selkirk,slkrk,Селкирк,Селкірк,سل کرک، مینی ٹوبا,سلکرک",9653,R1A
6147962,CA,ON,,42.8334,-80.29967,,Ontario,,,Simcoe,Simcoe,,13922,N3Y
5884238,CA,ON,8581623,45.38639,-75.65806,,Ontario,Ottawa,,Ottawa (Alta Vista),Alta Vista,,0,K1H
6180542,CA,AB,,51.08333,-113.96667,,Alberta,Calgary,,Calgary (Rundle / Whitehorn / Monterey Park),Whitehorn,,0,T1Y
6147765,CA,ON,,43.76278,-79.36889,,Ontario,North York,,North York (York Mills / Silver Hills),Silver Hills,,0,M2L
6163011,CA,ON,,44.35389,-78.31556,,Ontario,Peterborough,,Peterborough (Terra View Heights / Woodland Acres / Donwood),Terra View Heights,,0,K9L
7870909,CA,ON,8133394,43.6652,-79.4321,,Ontario,Toronto,,West Toronto (Dufferin / Dovercourt Village),Dovercourt,,0,M6H
6164084,CA,ON,8133394,43.66328,-79.46617,,Ontario,Toronto,,West Toronto (High Park / The Junction South),The Junction,West Toronto,0,M6P
6175059,CA,AB,,52.83482,-110.85342,,Alberta,,,Wainwright,Wainwright,"Vejnrajt,Wainwright,Вејнрајт",5380,T9W
5946820,CA,AB,,53.58345,-116.43559,,Alberta,,,Edson,Edson,"Edson,YET,Едсон",7975,T7E
6119109,CA,SK,,50.45008,-104.6178,,Saskatchewan,,,Regina,Regina,"Gorad Rehdzhajna,Redzaina,Redzajna,Redzhajna,Redzhajnae,Redžaina,Regina,Regina i Saskatchewan,Regino,Rejayna,Rengina,Reĝino,Ridzaina,Ridzhajna,Ridžaina,Régina,Urbs Reginae,YQR,li gu na,li jia na,lijaina,rejaina,rejina,rgyynh,rija'ina,rjayna,ryjayna,ryjyna  saskchywan,Ρεγγίνα,Горад Рэджайна,Реджайнæ,Реджайна,Реџајна,Риджайна,Ռեջայնա,רגיינה,رجاینا,ريجاينا,ریجینا، ساسکچیوان,रेजिना,ਰਿਜਾਇਨਾ,ரெஜைனா,რეჯაინა,レジャイナ,里賈納,里贾纳,리자이나",176183,S4M
6943723,CA,NB,,47.51326,-67.39288,,New Brunswick,,,Saint-Quentin,Saint-Quentin,,0,E8A
6942802,CA,NB,,47.66724,-64.82483,,New Brunswick,,,Inkerman,Inkerman,,0,E8P
5959974,CA,QC,,45.47723,-75.70164,,Quebec,Gatineau,,Gatineau Southwest,Gatineau,"Gatineau,Gatino,Sablono:TabelKapoLauCarta,gatino,gatynw,ghatynw,gytynw,jia di nuo,jia di nuo shi,kettinov,Ŝablono:TabelKapoLaŭĈarta,Гатино,Гатіно,غاتينو,گاتینو,گیتینؤ,گیٹینیو,கெட்டினோவ்,გატინო,ガティノー,加蒂諾,加蒂诺市,가티노",242124,J8T
6064180,CA,QC,05,45.26678,-72.14909,45072,Quebec,Estrie,Magog,Magog,Magog,"Magog,Mejgog,maghwgh  kybk,magogu,magwg,magwg  kbk,mygwg  kywbyk,Магог,Мейгог,ماغوغ، كيبك,ماگوگ,ماگوگ، کبک,میگوگ، کیوبیک,マゴグ",15550,J1X
6295855,CA,QC,12,46.21785,-70.77873,27028,Quebec,Chaudière-Appalaches,Beauceville,Beauceville,Beauceville,"Bosvil,CWHV,bwsfyl,bwswyl  kbk,Босвил,بوسفيل,بوسویل، کبک,بیوسولے",6226,G5X
6690232,CA,QC,03,47.44109,-70.49858,16013,Quebec,Capitale-Nationale,Baie-Saint-Paul,Baie-Saint-Paul,Baie-Saint-Paul,"Baie-Saint-Paul,Be Sen Pol,Be-Sen-Pol',bay syn pal,bh-sn-pl  kbk,byh san bwl,Бе Сен Пол,Бе-Сен-Поль,بائ سین پال,به-سن-پل، کبک,بيه سان بول",7288,G3Z
7870880,CA,ON,8133394,43.65176,-79.47857,,Ontario,Toronto,,West Toronto (Bloor West Village / Swansea),Bloor West Village,,0,M6S
6179229,CA,ON,,43.69291,-79.52351,,Ontario,Etobicoke,,Etobicoke (Westmount),Westmount,,0,M9P
6127159,CA,NB,,46.73452,-65.42705,,New Brunswick,,,Rogersville,Rogersville,"rwjrsfyl,rwjrzwyl  nyw brnswk,روجرزویل، نیو برنسوک,روجرسفيل",0,E4Y
6139184,CA,QC,,45.61678,-73.64918,,Quebec,,,Saint-Vincent-de-Paul,Saint-Vincent-de-Paul,,0,H7C
7870871,CA,ON,8133394,43.68206,-79.40382,,Ontario,Toronto,,Central Toronto (Summerhill West / Rathnelly / South Hill / Forest Hill SE / Deer Park),South Hill,,0,M4V
6119448,CA,ON,,45.46681,-76.68272,,Ontario,,,Renfrew,Renfrew,"Renfru,renfuru,rnfrw  antaryw,Ренфру,رنفرو، انتاریو,レンフルー",8018,K7V
6182212,CA,BC,,52.14153,-122.14451,,British Columbia,,,Williams Lake,Williams Lake,"Columetza,Uil'jams Lejk,Vilijams Lejk,Williams,Williams Lake,YWL,wei lian mu si hu,wlymzlyk,wylyamz lyk,Вилијамс Лејк,Уильямс Лейк,ولیمزلیک,ويليامز ليك,威廉姆斯湖",14168,V2G
5909628,CA,QC,16,45.45008,-73.46587,58007,Quebec,Montérégie,Brossard,Brossard South,Brossard,,0,J4Y
5918919,CA,ON,,43.69306,-79.42917,,Ontario,York,,York (Cedarvale),Cedarvale,,0,M6C
6157995,CA,BC,5965814,49.28333,-123.08333,,British Columbia,Vancouver,,Vancouver (Strathcona / Chinatown / Downtown Eastside),Strathcona,,0,V6A
6174348,CA,QC,,45.53976,-73.62542,,Quebec,Villeray,,Villeray West,Villeray,,0,H2P
6174348,CA,QC,,45.53976,-73.62542,,Quebec,Villeray,,Villeray Southeast,Villeray,,0,H2R
5886569,CA,AB,,51.13472,-114.20278,,Alberta,Calgary,,Calgary (Hawkwood / Arbour Lake / Royal Oak / Rocky Ridge),Arbour Lake,,0,T3G
6058207,CA,NS,,45.75015,-60.61518,,Nova Scotia,,,Loch Lomond,Loch Lomond West,,0,B2E
6160603,CA,SK,,50.28337,-107.80135,,Saskatchewan,,,Swift Current,Swift Current,"Svift Karent,Svift-Kerrent,Swift Current,YYN,si wei fu te ka lun te,swyft kwrnt,Свифт Карент,Свіфт-Керрент,سويفت كورنت,斯威夫特卡伦特",14703,S9H
11791760,CA,AB,,50.98947,-114.05976,,Alberta,Calgary,,Calgary (Highfield / Burns Industrial),Fairview Industrial,,0,T2H
5978207,CA,AB,,53.565,-113.57278,,Alberta,Edmonton,,Edmonton (South Westmount / Groat Estate / East Northwest Industrial),Huff Bremner Estate Industrial,,0,T5M
6066420,CA,NS,,45.96684,-60.23175,,Nova Scotia,,,Marion Bridge,Marion Bridge Road,,0,B1K
6159980,CA,NB,,45.72266,-65.50663,,New Brunswick,,,Sussex,Sussex,,4048,E4E
5905616,CA,AB,,54.26684,-110.73505,,Alberta,,,Bonnyville,Bonnyville,"Bonivil,YBY,Бонивил",6003,T9N
5970018,CA,NB,,45.52876,-65.85354,,New Brunswick,,,Hampton,Hampton,,4292,E5N
6077767,CA,ON,8133394,43.69056,-79.37861,,Ontario,Toronto,,Central Toronto (Moore Park / Summerhill East),Moore Park,,0,M4T
6943719,CA,NB,,47.47498,-65.495,,New Brunswick,,,Allardville,Allardville,,0,E8L
7874835,CA,AB,,51.02795,-114.10383,,Alberta,Calgary,,Calgary South (Altadore / Bankview / Richmond),South Calgary,,0,T2T
6065262,CA,QC,07,46.38341,-75.96605,83065,Quebec,Outaouais,Maniwaki,Maniwaki,Maniwaki,"Manivaki,Maniwaki,YMW,manywaky,manywaky  kbk,Маниваки,مانيواكي,مانیواکی,مانیواکی، کبک",4236,J9E
6138668,CA,NB,,46.74013,-64.96983,,New Brunswick,,,St-Louis-de-Kent,Saint-Louis de Kent,,0,E4X
5964372,CA,NL,,48.93324,-55.66492,,Newfoundland and Labrador,,,Grand Falls,Grand Falls,,0,A2A
6119518,CA,QC,14,45.74222,-73.45008,60013,Quebec,Lanaudière,Repentigny,Repentigny South,Repentigny,"Repantin'i,Repantini,Repentigny,rpantyny  kbk,rybntynyy,Репантиньи,Репантињи,ريبنتينيي,رپانتینی، کبک",76237,J6A
6173570,CA,QC,16,45.40008,-74.03251,71083,Quebec,Montérégie,Vaudreuil-Dorion,Vaudreuil-Dorion,Vaudreuil-Dorion,"Vodrej Dorion,Vodrej-Dorion,fwdrwydwrywn,wwdrwy-dwrywn,Водрей-Доріон,Водреј Дорион,فودرويدوريون,وودروی-دوریون",25789,J7V
6179196,CA,ON,,45.46687,-75.00375,,Ontario,,,Westminster Abbey,Westminster,,0,L0V
5978382,CA,ON,,43.63611,-79.49111,,Ontario,Etobicoke,,Etobicoke (Old Mill South / King's Mill Park / Sunnylea / Humber Bay / Mimico NE / The Queensway East / Royal York South East / Kingsway Park South East),Humber Bay,,0,M8Y
6064966,CA,ON,,43.72062,-79.64221,,Ontario,Mississauga,,Mississauga (Malton),Malton,,0,L4T
5958945,CA,NB,,45.77014,-66.16166,,New Brunswick,,,Gagetown,Gagetown,"YCX,jajtwn,جاجتون",0,E5M
6073363,CA,ON,,44.7501,-79.88296,,Ontario,,,Midland,Midland,"Midland,mei de lan,mydland,mydlnd  antaryw,Мидланд,Мідланд,ميدلاند,میدلند، انتاریو,美德兰",31502,L4R
6127663,CA,ON,,42.25527,-82.98789,,Ontario,Windsor,,Windsor (Roseland),Roseland,,0,N9G
5889167,CA,ON,,43.4001,-80.6497,,Ontario,,,Baden,Baden,,0,N3A
5955534,CA,ON,8133394,43.69711,-79.40839,,Ontario,Toronto,,Central Toronto (Forest Hill North & West),Forest Hill,,0,M5P
6138603,CA,QC,16,45.50008,-73.51028,58012,Quebec,Montérégie,Saint-Lambert,Saint-Lambert North,Saint-Lambert,"Sen Lamber,Sen-Lamber,XLM,san lambrt,sn-lambrt  kbk,Сен Ламбер,Сен-Ламбер,سان لامبرت,سن-لامبرت، کبک,سینٹ-لیمبرٹ، کیوبک",0,J4P
6138603,CA,QC,16,45.50008,-73.51028,58012,Quebec,Montérégie,Saint-Lambert,Saint-Lambert Central,Saint-Lambert,"Sen Lamber,Sen-Lamber,XLM,san lambrt,sn-lambrt  kbk,Сен Ламбер,Сен-Ламбер,سان لامبرت,سن-لامبرت، کبک,سینٹ-لیمبرٹ، کیوبک",0,J4R
6185217,CA,NS,,43.83345,-66.11557,,Nova Scotia,,,Yarmouth,Yarmouth,"Jarmut,YQI,Yarmouth,yameoseu,yarmwt,Ярмут,یارموت,یارموتھ، نوا سکوٹیا,야머스",7500,B5A
6086871,CA,BC,,49.49985,-117.28553,,British Columbia,,,Nelson,Nelson,"Nel'son,Nelson,neruson,nylswn,Нелсон,Нельсон,نيلسون,نیلسن، برٹش کولمبیا,ネルソン",9813,V1L
6161443,CA,ON,,43.77977,-79.29502,,Ontario,Scarborough,,Scarborough (Clarks Corners / Tam O'Shanter / Sullivan),Tam O'Shanter,,0,M1T
5914894,CA,AB,,51.08335,-115.35206,,Alberta,,,Canmore,Canmore,"Kanmor,Kenmor,kan mo er,Канмор,Кенмор,坎莫尔",12288,T1W
5935341,CA,MB,,51.14941,-100.05023,,Manitoba,,,Dauphin,Dauphin,"Dofen,Dofin,YDN,duo fen,Дофен,Дофін,ڈافن، مینی ٹوبا,ڈوفن,多芬",8418,R7N
6111867,CA,NS,,45.61685,-61.34853,,Nova Scotia,,,Port Hawkesbury,Port Hawkesbury,YPS,3564,B9A
6137489,CA,QC,,45.53338,-73.28246,,Quebec,,,Saint-Basile-Le-Grand,Saint-Basile-le-Grand,"Saint-Basile-le-Grand,Sen Bazil le Gran,san basyly ly jrand,sn-bazyl-lw-grand  kbk,Сен Базил ле Гран,سان باسيلي لي جراند,سن-بازیل-لو-گراند، کبک,سینٹ-بسلے-لے-گرینڈ، کیوبک",15605,J3N
6049863,CA,QC,16,45.41678,-73.49917,67015,Quebec,Montérégie,La Prairie,La Prairie,La Prairie,"La Preri,la bryry,la prry  kbk,Ла Прери,لا بريري,لا پرری، کبک",21763,J5R
6095645,CA,ON,,44.56717,-80.94349,,Ontario,,,Owen Sound,Owen Sound,"Ouehn-Saund,Oven Saund,YOS,awwn sawnd,awyn sawnd,ou~ensaundo,Овен Саунд,Оуэн-Саунд,أوين ساوند,اوون ساؤنڈ,اوون ساوند,オーウェンサウンド",22625,N4K
6160806,CA,AB,,52.311,-114.08375,,Alberta,,,Sylvan Lake,Sylvan Lake,"Silvan Lejk,Силван Лејк",10518,T4S
6101546,CA,ON,,44.90011,-76.24939,,Ontario,,,Perth,Perth,"Pert,pasu,po si,prt  antaryw,Перт,پرت، انتاریو,パース,珀斯",6481,K7H
6113365,CA,BC,,53.9166,-122.75301,,British Columbia,Prince George,,Prince George East Central,Prince George,"Prince George,Prins DZordz,Prins-Dzhordzh,YXS,bryns jwrj,peulinseujoji,phrins cxrc,prns jrj  brytysh klmbya,pryns gwrg,qiao zhi wang zi cheng,Принс Џорџ,Принс-Джордж,Прінс-Джордж,פרינס גורג,برينس جورج,پرنس جارج، برٹش کولمبیا,پرنس جرج، بریتیش کلمبیا,พรินซ์จอร์จ,乔治王子城,프린스조지",65558,V2L
6126749,CA,AB,,52.36683,-114.9188,,Alberta,,,Rocky Mountain House,Rocky Mountain House,YRM,6527,T4T
6948482,CA,ON,,43.26377,-79.95237,,Ontario,,,Dundas,Dundas,"Dandas,Дандас",0,L9H
5965546,CA,ON,,44.91681,-79.36633,,Ontario,,,Gravenhurst,Gravenhurst,"Gravenhurst i Ontario,Grejvenkherst,ge lei wen he si te,gureibunhasuto,jrafnhwrst,Грејвенхерст,جرافنهورست,グレイブンハースト,格雷文赫斯特",5839,P1P
6154383,CA,AB,,53.53344,-113.91874,,Alberta,Spruce Grove,,Spruce Grove North,Spruce Grove,"Spras Grouvas,Sprus Grouv,Sprus-Grouv,Spryus-Qruv,asprws grww,sbrws ghrwwf,si pu lu si ge luo fu,sprws grww,Спрус Гроув,Спрус-Гроув,اسپروس گروو,سبروس غرووف,سپروس گروو,斯普鲁斯格罗夫",17767,T7X
6167817,CA,NL,,47.66659,-52.73135,,Newfoundland and Labrador,,,Torbay,Torbay,,3097,A1K
6180550,CA,YT,,60.71611,-135.05375,,Yukon,,,Whitehorse,Whitehorse,"Equus Albus,Gorad Uajtkhors,Gouaitchors,Uaithors,Uajtkhors,Vaithorsas,Vajtkhors,Vaythors,Whitehorse,YXY,bai ma shi,howaitohosu,hwaiteuhoseu,vait'hars,wayt hwrs,wayٹ ہars  ywkwn,wyythwrs,Γουάιτχορς,Вайтхорс,Вајтхорс,Горад Уайтхорс,Уайтхорс,וייטהורס,وائٹ ہارس، یوکون,وايت هورس,وایت‌هورس، یوکان,வைட்ஹார்ஸ்,უაიტჰორსი,ホワイトホース,白馬市,화이트호스",23272,Y1A
5913449,CA,ON,,43.86015,-79.99605,,Ontario,,,Caledon Village,Caledon Village,,0,L7K
6126942,CA,AB,,51.18341,-113.93527,,Alberta,,,Rocky View,Rocky View,,0,T1Z
7870899,CA,AB,,51.0428,-114.19275,,Alberta,Calgary,,Calgary (Discovery Ridge / Signal Hill / Aspen Woods / Patterson / Cougar Ridge),Aspen Woods,,0,T3H
6174068,CA,BC,5965814,49.21667,-123.06667,,British Columbia,Vancouver,,Vancouver (SE Kensington / Victoria-Fraserview),Victoria-Fraserview,,0,V5P
5894162,CA,ON,,45.27489,-75.74919,,Ontario,Nepean,,Nepean (Barrhaven),Barrhaven,,0,K2J
5942547,CA,AB,,53.21682,-114.98544,,Alberta,,,Drayton Valley,Drayton Valley,"Drejton Vali,Drejton-Valli,YDC,Дрейтон-Валли,Дрејтон Вали",6099,T7A
6117823,CA,NS,,45.96684,-60.71518,,Nova Scotia,,,Christmas Island,Rear Christmas Island,,0,B1T
6139354,CA,NB,,46.03905,-65.04628,,New Brunswick,,,Salisbury,Salisbury,,1891,E4J
6150174,CA,ON,,44.90452,-76.02333,,Ontario,,,Smiths Falls,Smiths Falls,"Smiths Falls,YSH",10553,K7A
5907092,CA,ON,,45.03341,-79.31633,,Ontario,,,Bracebridge,Bracebridge,"Brejsbridz,brysbrydj,bureisuburijji,Брејсбриџ,بريسبريدج,ブレイスブリッジ",8238,P1L
6054677,CA,ON,,43.7334,-80.94973,,Ontario,,,Listowel,Listowel,,0,N4W
6111529,CA,MB,,49.97282,-98.29263,,Manitoba,,,Portage la Prairie,Portage la Prairie,"Portage la Prairie,Portedzh-la-Preri,Portidz la Preri,Portidzh-la-Preri,YPG,prtagy la prayry,Портедж-ла-Прері,Портидж-ла-Прери,Портиџ ла Прери,پرتاگی لا پرائری,پورٹیج لا پریری، مینی ٹوبا",12957,R1N
6115156,CA,ON,,45.47083,-75.50556,,Ontario,,,Orleans (Queenswood),Queenswood Heights,,0,K1E
7535690,CA,QC,03,46.68042,-71.7239,34025,Quebec,Capitale-Nationale,Donnacona,Donnacona,Donnacona,,5564,G3M
5914653,CA,AB,,53.01684,-112.83525,,Alberta,,,Camrose,Camrose,"Kamros',Kamrouz,Keimrozas,ka mu luo si,kamrwz,kmrwz,kymrwz  albrٹa,Камрось,Камроуз,كامروز,کمروز,کیمروز، البرٹا,卡姆罗斯",15686,T4V
5931800,CA,BC,,49.49991,-115.76879,,British Columbia,,,Cranbrook,Cranbrook,"Kranbruk,YXC,ke lan bu lu ke,kranbrwk,krnbrwk,Кранбрук,كرانبروك,کرنبروک,کرین بروک، برٹش کولمبیا,克兰布鲁克",18610,V1C
6173508,CA,QC,16,45.68338,-73.43246,59020,Quebec,Montérégie,Varennes,Varennes,Varennes,"Varen,Varennes,warn  kbk,Варен,وارن، کبک",20950,J3X
6074377,CA,ON,,43.51681,-79.88294,,Ontario,,,Milton,Milton,"Gorad Miltan,Milton,mi er dun,miruton,myltwn,Горад Мілтан,Милтон,Мілтон,ميلتون,ミルトン,米尔顿",84362,L9T
6074377,CA,ON,5969719,43.51681,-79.88294,,Ontario,Halton,,Milton,Milton,"Gorad Miltan,Milton,mi er dun,miruton,myltwn,Горад Мілтан,Милтон,Мілтон,ميلتون,ミルトン,米尔顿",84362,L9E
5964243,CA,NB,,45.34075,-66.25275,,New Brunswick,Grand,,Grand Bay-Westfield,Grand Bay-Westfield,Grand Bay–Westfield,0,E5K
6072350,CA,BC,,50.11225,-120.7942,,British Columbia,,,Merritt,Merritt,"Merit,YMB,myryt,Мерит,ميريت,میریٹ، برٹش کولمبیا",7179,V1K
6078636,CA,AB,,53.80014,-113.65203,,Alberta,,,Morinville,Morinville,,8108,T8R
6173864,CA,BC,,50.26729,-119.27337,,British Columbia,Vernon,,Vernon Central,Vernon,"Vernon,YVE,fu nong,fyrnwn,wrnn  brytysh klmbya,wrnn  brٹsh kwlmbya,Вернон,فيرنون,ورنن، برٹش کولمبیا,ورنن، بریتیش کلمبیا,弗农",47274,V1T
6354897,CA,QC,01,47.82699,-69.54243,12072,Quebec,Bas-Saint-Laurent,Rivière-du-Loup,Rivière-du-Loup,Rivière-du-Loup,"Riv'er-dju-Lu,River-dju-Lju,Riviere-du-Loup,Rivière-du-Loup,Rivjer di Lu,YRI,ryfry dw lwb,rywyyr-dw-lw,Ривьер-дю-Лу,Ривјер ди Лу,Рівєр-дю-Лю,ريفري دو لوب,ریوییر-دو-لو,ᑲᐱᑎᑌᒍᐁᔅ",18586,G5R
7870799,CA,ON,8133394,43.65261,-79.39249,,Ontario,Toronto,,Downtown Toronto (Kensington Market / Chinatown / Grange Park),Grange Park,Grange Park,0,M5T
5882873,CA,ON,,43.85012,-79.03288,,Ontario,Ajax,,Ajax Southwest,Ajax,"Adzhaks,Ehjdzhaks,Ejdzaks,ajaks,ajaks  antaryw,eijaegseu,eijakkusu,ya ji shi,Аджакс,Ејџакс,Эйджакс,أجاكس,اجاکس، انتاریو,エイジャックス,亞積士,에이잭스",90167,L1S
5888716,CA,ON,,42.76679,-80.98302,,Ontario,,,Aylmer,Aylmer,,7527,N5H
6053154,CA,AB,,49.69999,-112.81856,,Alberta,Lethbridge,,Lethbridge North,Lethbridge,"Letbric,Letbridz,Letbridzas,Letbridzh,Letbridžas,Lethbridge,YQL,lai si bu li qi,leseubeuliji,ltbrydg,lythbrydj,resuburijji,Летбридж,Летбриџ,לתברידג,لث‌بریج,ليثبريدج,لیتھ برج,لیتھبریج,レスブリッジ,萊斯布里奇,레스브리지",70617,T1H
6101606,CA,ON,,45.89452,-77.28007,,Ontario,,,Petawawa,Petawawa,"Petawawa,YWA",15988,K8H
6155299,CA,QC,05,45.10009,-72.04908,,Quebec,Estrie,,Estrie-Est (Stanstead),Stanstead-Est,,0,J0B
5916406,CA,AB,,53.55,-113.43333,,Alberta,Edmonton,,Edmonton (North Capilano),Capilano,,0,T6A
6049429,CA,BC,,49.10107,-122.65883,,British Columbia,,,Langley City,Langley,"Ciudad de Langley,Langley,Langley  British Columbia,Langli,YLY,laeng-geulli,lan li shi,langhly  kwlwmbya albrytanyt,lyngly,ranguri,Лангли,لانغلي، كولومبيا البريطانية,لینگلی,ラングリー,蘭里市,랭글리",23606,V3A
6138625,CA,QC,,45.58773,-73.59501,,Quebec,Saint-Léonard,,Saint-Léonard North,Saint-Léonard,,73423,H1P
6696259,CA,NB,,47.61814,-65.65112,,New Brunswick,,,Bathurst,Bathurst,"Baterst,ZBF,ba se si te,basasuto,Батерст,باتھرسٹ,バサースト,巴瑟斯特",12714,E2A
11791200,CA,AB,,53.50144,-113.37839,,Alberta,Edmonton,,Edmonton (East Southeast Industrial / South Clover Bar),Southeast Industrial,,0,T6P
6157040,CA,NB,,45.34819,-65.55563,,New Brunswick,,,St. Martins,St. Martins,,0,E5R
5948045,CA,ON,,43.60009,-80.5497,,Ontario,,,Elmira,Elmira,,0,N3B
6077315,CA,QC,,45.51675,-73.64918,,Quebec,Mount Royal,,Mount Royal North,Mont-Royal,"Mon Roajal,Mount Royal,mwn rwyal  kbk,mwnt rwyal,Мон Роајал,مون رویال، کبک,مونت رويال",18933,H3P
6077315,CA,QC,,45.51675,-73.64918,,Quebec,Mount Royal,,Mount Royal Central,Mont-Royal,"Mon Roajal,Mount Royal,mwn rwyal  kbk,mwnt rwyal,Мон Роајал,مون رویال، کبک,مونت رويال",18933,H3R
6098400,CA,ON,8133394,43.64039,-79.43613,,Ontario,Toronto,,West Toronto (Brockton / Parkdale Village / Exhibition Place),Parkdale,,0,M6K
5926526,CA,ON,,43.80011,-79.48291,,Ontario,,,Concord,Concord,,8255,L4K
5949531,CA,ON,,42.17509,-82.82483,,Ontario,,,Essex,Essex,"Eseks,asyks  awntaryw,Есекс,إسيكس، أونتاريو",0,N8M
6174335,CA,QC,08,47.33345,-79.43297,85025,Quebec,Abitibi-Témiscamingue,Ville-Marie,Ville-Marie,Ville-Marie,,2831,J9V
6105815,CA,BC,,49.22119,-122.68965,,British Columbia,,,Pitt Meadows,Pitt Meadows,"Pit Medous,Pitt Meadows,Pitt-Medous,Pitts Meadows,byt mydwz,pi te cao yuan,piteumedoseu,pittomedouzu,Пит Медоус,Питт-Медоус,بيت ميدوز,پٹ میڈوز,ピットメドウズ,匹特草原,피트메도스",17410,V3Y
6106371,CA,ON,,45.81265,-77.07323,,Ontario,Pembroke,,Pembroke (Pleasant View / Fairview),Pleasant View,,0,K8B
11791134,CA,AB,,53.58828,-113.33318,,Alberta,Edmonton,,Edmonton (North Clover Bar),Clover Bar Area,,0,T6S
5908737,CA,ON,,45.28522,-75.8569,,Ontario,Kanata,,Kanata (Bridlewood),Bridlewood,,0,K2M
5984687,CA,ON,,43.64626,-79.54196,,Ontario,Etobicoke,,Etobicoke (West Deane Park / Princess Gardens / Martin Grove / Islington / Cloverdale),Islington,,0,M9B
6093347,CA,AB,,51.78341,-114.10199,,Alberta,,,Olds,Olds,"Oulds,Оулдс",6947,T4H
6111632,CA,BC,,49.24133,-124.8028,,British Columbia,,,Port Alberni,Port Alberni,"Port Alberni,Port Almperni,Port-Alberni,YPB,ai bo ni gang,bwrt albyrny,Πορτ Άλμπερνι,Порт Алберни,Порт-Алберни,بورت ألبيرني,پورٹ البرنی,پورٹ البرنی، برٹش کولمبیا,艾伯尼港",21282,V9Y
6174216,CA,QC,,45.51143,-73.67459,,Quebec,Saint-Laurent,,Saint-Laurent Inner Northeast,Vieux-Saint-Laurent,,0,H4L
5949405,CA,NS,,45.93277,-60.64384,,Nova Scotia,,,Eskasoni,Eskasoni,,0,B1W
5955518,CA,ON,,42.30709,-82.9144,,Ontario,Windsor,,Windsor (East Forest Glade),Forest Glade,,0,N8R
5964731,CA,BC,5965814,49.28333,-123.06667,,British Columbia,Vancouver,,Vancouver (North Grandview-Woodlands),Grandview-Woodlands,,0,V5L
5957777,CA,NB,,45.66043,-66.61387,,New Brunswick,,,Fredericton Junction,Fredericton Junction,XFC,0,E5L
6154636,CA,BC,,49.69925,-123.15631,,British Columbia,,,Squamish,Squamish,"YSE,seukwomisi,skwamysh,سكواميش,스쿼미시",0,V8B
6183204,CA,MB,,49.1817,-97.94104,,Manitoba,,,Winkler,Winkler,"Uinkler,Vinkler,wnklr,Винклер,Вінклер,Уинклер,ونکلر,ونکلر، مینی ٹوبا",8270,R6W
5913490,CA,AB,,51.05011,-114.08529,,Alberta,Calgary,,Calgary (Connaught / West Victoria Park),Calgary,"Calgaria,Calgary,Gorad Kalgary,Kalgari,Kalgario,Kalgaris,Kalnkari,Kalqari,Kelgery,YYC,ka er jia li,ka jia li,kaelgeoli,kailagari,kalgari,kalghary,kalgry,kalkari,karugari,kelgari,klgry,kyalgari,kylgry,qlgry,Κάλγκαρι,Горад Калгары,Калгари,Калгарі,Կալգարի,קלגרי,كالغاري,کالگری,کلگری,کیلگری,कॅल्गारी,कैलगरी,ਕੈਲਗਰੀ,கால்கரி,కాల్గరీ,ಕ್ಯಾಲ್ಗರಿ,แคลกะรี,ကယ်လ်ဂရီမြို့,კალგარი,カルガリー,卡加利,卡尔加里,캘거리",1019942,T2R
6151843,CA,ON,,42.95861,-81.27333,,Ontario,London,,London (Southcrest / East Westmount / West Highland),Southcrest Estates,,0,N6J
5940291,CA,ON,,43.60012,-79.59961,,Ontario,Mississauga,,Mississauga (West Applewood / West Dixie / NW Lakeview),Dixie,,0,L4Y
6354908,CA,NS,,46.1351,-60.1831,,Nova Scotia,Sydney,,Sydney North Central,Sydney,"Baile Shidni,Sidni,Sydney,YQY,shidoni,sydny. nwa askwshya,Сидни,سیدنی٬ نوا اسکوشیا,シドニー",105968,B1P
5895650,CA,QC,06,45.43341,-73.86586,66107,Quebec,Montréal,Beaconsfield,Beaconsfield,Beaconsfield,"Bikonsfild,bykwnsfyld,bykwnsfyld  kbk,Биконсфилд,بيكونسفيلد,بیکنزفیلڈ,بیکونسفیلد، کبک",19194,H9W
5950903,CA,ON,,43.69062,-79.45434,,Ontario,York,,York (Fairbank / Oakwood),Fairbank,,0,M6E
5983175,CA,ON,,43.03339,-80.88302,,Ontario,,,Ingersoll,Ingersoll,"Ingersol,Ingersoll,XIB,anjrswl,Інгерсолл,Ингерсол,إنجرسول",11874,N5C
6137733,CA,QC,,45.40618,-73.9456,,Quebec,,,Sainte-Anne-De-Bellevue,Sainte-Anne-de-Bellevue,"Sent An de Belvi,Sent-Ann-de-Bel'vju,snt-an-dw-blww  kbk,Сент Ан де Белви,Сент-Анн-де-Бельвю,سنت-آن-دو-بلوو، کبک,سین-این-دے-بلووے، کیوبک",5197,H9X
