3590690,GT,14,,15.28801,-91.08914,,DEPTO DEL QUICHE,,,SACAPULAS,Sacapulas,Sacapulas,12088,14016
3595171,GT,16,,14.58194,-90.74361,,DEPTO DE SACATEPEQUEZ,,,JOCOTENANGO,Jocotenango,Jocotenango,17918,03002
3589885,GT,07,,14.71889,-90.64417,,DEPTO DE GUATEMALA,,,SAN JUAN SACATEPEQUEZ,San Juan Sacatepéquez,"San Juan Sacatepequez,San Juan Sacatepéquez",136886,01059
3598034,GT,03,,14.74111,-90.8875,,DEPTO DE CHIMALTENANGO,,,COMALAPA,Comalapa,Comalapa,20738,04004
3597804,GT,18,,14.27639,-90.29889,,DEPTO DE SANTA ROSA,,,CUILAPA,Cuilapa,"Cuajiniquilapa,Cuilapa",16484,06001
3590547,GT,07,,14.95,-89.96667,,DEPTO DE EL PROGRESO,,,SAN AGUSTIN ACASAGUASTLAN,San Agustín Acasaguastlán,"San Agustin,San Agustin Acasaguastlan,San Agustín,San Agustín Acasaguastlán",10335,02003
3592237,GT,14,,15.40614,-91.14682,,DEPTO DEL QUICHE,,,NEBAJ,Nebaj,Nebaj,23301,14013
3599834,GT,04,,14.68333,-89.53333,,DEPTO DE CHIQUIMULA,,,AGUA CALIENTE ( ESQUIPULAS),Agua Zarca,,0,20019
3589730,GT,02,,15.1,-90.4,,DEPTO DE BAJA VERAPAZ,,,SAN MIGUEL CHICAJ,San Miguel Chicaj,San Miguel Chicaj,13747,15002
3598655,GT,14,,14.93333,-91.11667,,DEPTO DEL QUICHE,,,CHICHICASTENANGO,Chichicastenango,"Chichicastenango,Chichikastenango,Santo Tomas Chichicastenango,Santo Tomás Chichicastenango,Чичикастенанго",79759,14006
3589400,GT,15,,14.58333,-91.61667,,DEPTO DE RETALHULEU,,,SANTA CRUZ MULUA,Santa Cruz Muluá,"Mulua,Muluá,Santa Cruz Mulua,Santa Cruz Muluá",2706,11003
3591750,GT,19,,14.73333,-91.15,,DEPTO DE SOLOLA,,,PANAJACHEL,Panajachel,Panajachel,12863,07010
3594753,GT,06,,14.23083,-90.94722,,DEPTO DE ESCUINTLA,,,LA DEMOCRACIA,La Democracia,"Democracia,La Democracia",5479,05003
3587636,GT,03,,14.50417,-90.95694,,DEPTO DE CHIMALTENANGO,,,YEPOCAPA,Yepocapa,"San Pedro Yepocapa,Yepocapa",8961,04012
3589774,GT,13,,14.86667,-91.58333,,DEPTO DE QUETZALTENANGO,,,SAN MATEO,San Mateo,San Mateo,5534,09010
3593298,GT,11,,14.31667,-89.78333,,DEPTO DE JUTIAPA,,,DEPTO DE JUTIAPA,Loma de Chavarría,,0,22000
3588460,GT,17,,15.12254,-91.80635,,DEPTO DE SAN MARCOS,,,TEJUTLA,Tejutla,Tejutla,2653,12010
3589402,GT,19,,14.75,-91.21667,,DEPTO DE SOLOLA,,,SANTA CRUZ LA LAGUNA,Santa Cruz La Laguna,"Santa Cruz,Santa Cruz La Laguna",1422,07014
3594610,GT,22,,14.96667,-89.55,,DEPTO DE ZACAPA,,,LA FRAGUA (ZACAPA),La Fragua,La Fragua,0,19016
3590395,GT,14,,15.19153,-91.07806,,DEPTO DEL QUICHE,,,SAN BARTOLOME JOCOTENANGO,San Bartolomé Jocotenango,"San Bartolome Jocotenango,San Bartolomé Jocotenango",1620,14017
3598804,GT,14,,15.48523,-91.0352,,DEPTO DEL QUICHE,,,CHAJUL,Chajul,Chajul,11657,14005
3589456,GT,11,,14.45,-89.75,,DEPTO DE JUTIAPA,,,SANTA CATARINA MITA,Santa Catarina Mita,Santa Catarina Mita,10817,22003
3588762,GT,13,,15.0,-91.61667,,DEPTO DE QUETZALTENANGO,,,SIBILIA,Sibilia,Sibilia,1180,09005
3590449,GT,07,,14.74972,-90.28667,,DEPTO DE EL PROGRESO,,,SAN ANTONIO LA PAZ,San Antonio La Paz,San Antonio La Paz,7781,02008
3597078,GT,09,,15.53333,-89.35,,DEPTO DE IZABAL,,,EL ESTOR,El Estor,El Estor,15842,18003
3589805,GT,17,,14.96389,-91.79444,,DEPTO DE SAN MARCOS,,,SAN MARCOS,San Marcos,"La Union,San Marcos,San Marcos La Union,San Markosas,San-Markos,sanmaleukoseu,sheng ma ke si,Сан-Маркос,聖馬科斯,산마르코스",25088,12001
3589637,GT,19,,14.69297,-91.27201,,DEPTO DE SOLOLA,,,SAN PEDRO LA LAGUNA,San Pedro La Laguna,"San Pedro,San Pedro La Laguna",9681,07018
3590393,GT,16,,14.60611,-90.68,,DEPTO DE SACATEPEQUEZ,,,SAN BARTOLOME MILPAS ALTAS,San Bartolomé Milpas Altas,"San Barlotome Milpas Altas,San Barlotomé Milpas Altas,San Bartolome,San Bartolome Milpas Altas,San Bartolomé,San Bartolomé Milpas Altas",6261,03007
3590030,GT,07,,14.76278,-90.37639,,DEPTO DE GUATEMALA,,,SAN JOSE DEL GOLFO,San José del Golfo,"San Jose El Golfo,San Jose del Golfo,San José El Golfo,San José del Golfo",4908,01053
3589812,GT,10,,14.51667,-89.76667,,DEPTO DE JALAPA,,,SAN MANUEL CHAPARRON,San Manuel Chaparrón,"Chaparron,Chaparrón,San Manuel Chaparron,San Manuel Chaparrón",2624,21004
3591093,GT,06,,14.28356,-91.36063,,DEPTO DE ESCUINTLA,,,TIQUISATE,Tiquisate,"Pueblo Nuevo,Pueblo Nuevo Tiquisate,Tiquisate,Tiquizate",18189,05006
3595929,GT,17,,14.86667,-91.93333,,DEPTO DE SAN MARCOS,,,EL TUMBADOR,El Tumbador,"El Trumbador,El Tumbador,Tumbador",7562,12013
3589454,GT,19,,14.71667,-91.13333,,DEPTO DE SOLOLA,,,SANTA CATARINA PALOPO,Santa Catarina Palopó,"Santa Catalina,Santa Catarina,Santa Catarina Palopo,Santa Catarina Palopó",2948,07011
3590188,GT,08,,15.38796,-91.72564,,DEPTO DE HUEHUETENANGO,,,SAN GASPAR IXCHIL,San Gaspar Ixchil,"San Gaspar,San Gaspar Ixchil",551,13029
3589390,GT,04,,14.71667,-89.5,,DEPTO DE CHIQUIMULA,,,SANTA ELENA (CHIQUIMULA),Santa Elena,,0,20015
3590041,GT,19,,14.76667,-91.21667,,DEPTO DE SOLOLA,,,SAN JOSE CHACAYA,San José Chacayá,"San Jose,San Jose Chacaya,San José,San José Chacayá",839,07002
3592105,GT,15,,14.6,-91.7,,DEPTO DE RETALHULEU,,,NUEVO SAN CARLOS,Nuevo San Carlos,Nuevo San Carlos,19162,11008
3590127,GT,04,,14.66667,-89.5,,DEPTO DE CHIQUIMULA,,,SAN JACINTO,San Jacinto,San Jacinto,1519,20010
3595237,GT,10,,14.63472,-89.98889,,DEPTO DE JALAPA,,,JALAPA,Jalapa,"Jalapa,Khalapa,Халапа",45834,21001
3590520,GT,21,,14.9,-91.48333,,DEPTO DE TOTONICAPAN,,,SAN ANDRES XECUL,San Andrés Xecul,"San Andres,San Andres Xecul,San Andrés,San Andrés Xecul",12133,08004
3589676,GT,22,,15.05,-89.5,,DEPTO DE ZACAPA,,,SAN PABLO (ZACAPA),San Pablo,,0,19017
3591629,GT,03,,14.60778,-90.80306,,DEPTO DE CHIMALTENANGO,,,PARRAMOS,Parramos,Parramos,9613,04014
3589923,GT,20,,14.41667,-91.18333,,DEPTO DE SUCHITEPEQUEZ,,,SAN JUAN BAUTISTA,San Juan Bautista,"San Juan,San Juan Bautista",2680,10016
3591210,GT,03,,14.55,-91.08333,,DEPTO DE CHIMALTENANGO,,,POCHUTA,Pochuta,Pochuta,3879,04008
3598529,GT,07,,14.70833,-90.49944,,DEPTO DE GUATEMALA,,,CHINAUTLA,Chinautla,"Chignautla,Chinautla,Santa Cruz de Chinautla",97172,01055
3596041,GT,03,,14.64778,-90.79278,,DEPTO DE CHIMALTENANGO,,,EL TEJAR,El Tejar,"El Tejar,Tejar",15770,04016
3589627,GT,07,,14.68417,-90.64417,,DEPTO DE GUATEMALA,,,SAN PEDRO SACATEPEQUEZ,San Pedro Sacatepéquez,"San Pedro Sacatepequez,San Pedro Sacatepéquez",14315,01058
3589841,GT,12,,16.19889,-89.44028,,DEPTO DE PETEN,,,SAN LUIS,San Luis,San Luis,6776,17009
3589247,GT,19,,14.71667,-91.31667,,DEPTO DE SOLOLA,,,SANTA MARIA VISITACION,Santa María Visitación,"Santa Maria Visitacion,Santa María Visitación",1487,07003
3589776,GT,15,,14.6,-91.6,,DEPTO DE RETALHULEU,,,SAN MARTIN ZAPOTITLAN,San Martín Zapotitlán,"San Martin,San Martin Zapotitlan,San Martín,San Martín Zapotitlán",4419,11004
3599575,GT,08,,15.80361,-91.31583,,DEPTO DE HUEHUETENANGO,,,BARILLAS,Barillas,Barillas,14100,13026
3593500,GT,22,,14.96667,-89.28333,,DEPTO DE ZACAPA,,,LA UNION,La Unión,"La Union,La Unión",3682,19009
3589577,GT,17,,14.93333,-91.91667,,DEPTO DE SAN MARCOS,,,SAN RAFAEL PIE DE LA CUESTA,San Rafael Pie de La Cuesta,"San Rafael,San Rafael Pie Cuesta,San Rafael Pie de La Cuesta,San Rafael Pie la Cuesta,San Rafael Pié la Cuesta",4320,12011
3592609,GT,20,,14.53417,-91.50333,,DEPTO DE SUCHITEPEQUEZ,,,MAZATENANGO,Mazatenango,"Masatenango,Mazatenango,Масатенанго",44132,10001
3590029,GT,20,,14.45,-91.41667,,DEPTO DE SUCHITEPEQUEZ,,,SAN JOSE EL IDOLO,San José El Ídolo,"San Jose El Idolo,San José El Ídolo",2412,10005
3590979,GT,13,,14.83472,-91.51806,,DEPTO DE QUETZALTENANGO,,,QUETZALTENANGO,Quetzaltenango,"AAZ,Kecaltenangas,Kecaltenango,Kesal'tenango,Ketsaltenan'nko,Ketzaltenango,Quetzaltenanco,Quetzaltenango,Quetzaltenānco,Quexaltenango,Quezaltenango,ke sa er te nan ge,keteusaltenang-go,ketsu~arutenango,Κετσαλτενάνγκο,Кесальтенанго,Кецалтенанго,ケツァルテナンゴ,克薩爾特南戈,케트살테낭고",132230,09001
3597722,GT,12,,16.51417,-89.41583,,DEPTO DE PETEN,,,DOLORES,Dolores,Dolores,10604,17008
3598465,GT,04,,14.8,-89.54583,,DEPTO DE CHIQUIMULA,,,CHIQUIMULA,Chiquimula,"CIQ,Chikimula,Chiquimula,Ciudad Procer,Ciudad Prócer,La Perla de Oriente,Чикимула",41521,20001
3590197,GT,20,,14.58333,-91.51667,,DEPTO DE SUCHITEPEQUEZ,,,SAN FRANCISCO ZAPOTITLAN,San Francisco Zapotitlán,"San Francisco Zapotitlan,San Francisco Zapotitlán",13855,10003
3599669,GT,19,,14.81667,-91.23333,,DEPTO DE SOLOLA,,,ARGUETA (SOLOLA),Argueta,,0,07023
3589880,GT,18,,14.08222,-90.26111,,DEPTO DE SANTA ROSA,,,SAN JUAN TECUACO,San Juan Tecuaco,"San Juan Tecuaco,Tecuaco",2210,06007
3599699,GT,16,,14.56111,-90.73444,,DEPTO DE SACATEPEQUEZ,,,ANTIGUA GUATEMALA,Antigua Guatemala,"Antigoua Gouatemala,Antigua,Antigua Guatemala,Antigua-Guatemala,Antigua-Gvatemala,Antigva Gvatemala,Antikva Gvatemalo,Huehcauh Cuauhtemallan,Huehcāuh Cuauhtēmallān,Muy Noble y Muy Leal Ciudad de Santiago de los Caballeros,Santiago de los Caballeros de Guatemala,The Most Noble and Most Loyal City of Santiago of the Knights of Goathemala,an de gua,antikuva kuvattamala,Αντίγουα Γουατεμάλα,Антигва Гватемала,Антигуа-Гватемала,Антигуа-Гуатемала,Антіґуа-Ґватемала,אנטיגואה גואטמלה,ஆன்டிகுவா குவாத்தமாலா,ანტიგუა-გვატემალა,アンティグア・グアテマラ,安地瓜",39368,03001
3588476,GT,03,,14.76694,-90.99417,,DEPTO DE CHIMALTENANGO,,,TECPAN GUATEMALA,Tecpán Guatemala,"Tecpam,Tecpan,Tecpan Guatemala,Tecpán,Tecpán Guatemala",21978,04006
3590406,GT,07,,14.795,-90.19222,,DEPTO DE EL PROGRESO,,,SANARATE,Sanarate,Sanarate,15843,02007
3599793,GT,13,,14.81667,-91.5,,DEPTO DE QUETZALTENANGO,,,ALMOLONGA,Almolonga,Almolonga,11913,09013
3599972,GT,11,,14.5,-89.65,,DEPTO DE JUTIAPA,,,AGUA BLANCA,Agua Blanca,Agua Blanca,2776,22004
3589460,GT,16,,14.54889,-90.78833,,DEPTO DE SACATEPEQUEZ,,,SANTA CATARINA BARAHONA,Santa Catarina Barahona,"Santa Catalina,Santa Catarina,Santa Catarina Barahona",3214,03016
3589296,GT,22,,14.91667,-89.51667,,DEPTO DE ZACAPA,,,SANTA LUCIA (ZACAPA),Santa Lucía,,0,19015
3589480,GT,03,,14.79139,-90.97083,,DEPTO DE CHIMALTENANGO,,,SANTA APOLONIA,Santa Apolonia,Santa Apolonia,2396,04005
3589795,GT,19,,14.71667,-91.26667,,DEPTO DE SOLOLA,,,SAN MARCOS LA LAGUNA,San Marcos La Laguna,"San Marcos,San Marcos La Laguna",2681,07016
3592126,GT,18,,14.38111,-90.27611,,DEPTO DE SANTA ROSA,,,NUEVA SANTA ROSA,Nueva Santa Rosa,Nueva Santa Rosa,10130,06014
3589900,GT,08,,15.60022,-91.44639,,DEPTO DE HUEHUETENANGO,,,SAN JUAN IXCOY,San Juan Ixcoy,San Juan Ixcoy,2535,13023
3595631,GT,02,,14.91361,-90.52278,,DEPTO DE BAJA VERAPAZ,,,GRANADOS,Granados,Granados,937,15005
3589569,GT,07,,14.76472,-90.59556,,DEPTO DE GUATEMALA,,,SAN RAYMUNDO,San Raimundo,"San Raimundo,San Raymundo",8689,01060
3592642,GT,06,,14.20306,-90.84806,,DEPTO DE ESCUINTLA,,,MASAGUA,Masagua,Masagua,10045,05005
3596423,GT,11,,14.35,-89.85,,DEPTO DE JUTIAPA,,,EL PROGRESO,El Progreso,"El Progreso,Progreso",7350,22002
3597985,GT,04,,14.51667,-89.45,,DEPTO DE CHIQUIMULA,,,CONCEPCION LAS MINAS,Concepción Las Minas,"Concepcion,Concepcion Las Minas,Concepción,Concepción Las Minas",1295,20008
3591060,GT,06,,13.9274,-90.82166,,DEPTO DE ESCUINTLA,,,SAN JOSE,Puerto San José,"GSJ,Puerto San Chose,Puerto San Chosė,Puerto San Jose,Puerto San José,Puerto de San Jose,Puerto de San José,San Jose,San Jose de Guatemala,San José,San José de Guatemala,sheng he sai gang,پورتو سان ہوزے,聖何塞港",18655,05009
3587593,GT,11,,14.2,-89.78333,,DEPTO DE JUTIAPA,,,YUPILTEPEQUE,Yupiltepeque,"Tupiltepeque,Yupiltepeque",3028,22006
3589629,GT,10,,14.66667,-89.85,,DEPTO DE JALAPA,,,SAN PEDRO PINULA,San Pedro Pinula,San Pedro Pinula,3302,21002
3590458,GT,08,,15.6501,-91.77163,,DEPTO DE HUEHUETENANGO,,,SAN ANTONIO HUISTA,San Antonio Huista,San Antonio Huista,5669,13024
3595232,GT,11,,14.14167,-90.00861,,DEPTO DE JUTIAPA,,,JALPATAGUA,Jalpatagua,Jalpatagua,10469,22012
3589671,GT,20,,14.58333,-91.45,,DEPTO DE SUCHITEPEQUEZ,,,SAN PABLO JOCOPILAS,San Pablo Jocopilas,"San Pablo,San Pablo Jocopilas",20259,10009
3590325,GT,07,,14.91667,-89.88333,,DEPTO DE EL PROGRESO,,,SAN CRISTOBAL ACASAGUASTLAN,San Cristóbal Acasaguastlán,"Acasaguastlan,Acasaguastlán,San Cristobal,San Cristobal Acasaguastlan,San Cristóbal,San Cristóbal Acasaguastlán",2171,02004
3590017,GT,04,,14.71667,-89.58333,,DEPTO DE CHIQUIMULA,,,SAN JOSE LA ARADA,San José La Arada,"San Jose Arada,San Jose La Arada,San José Arada,San José La Arada",2361,20002
3595778,GT,17,,14.93333,-91.81667,,DEPTO DE SAN MARCOS,,,ESQUIPULAS PALO GORDO,Esquipulas Palo Gordo,"Esquipulas Palo Gordo,Palo Gorde,Palo Gordo",1533,12027
3592519,GT,07,,14.63333,-90.60639,,DEPTO DE GUATEMALA,,,MIXCO,Mixco,"Mishko,Mixco,Мишко",473080,01057
3589282,GT,19,,14.76667,-91.26667,,DEPTO DE SOLOLA,,,SANTA LUCIA UTATLAN,Santa Lucía Utatlán,"Santa Lucia,Santa Lucia Utatlan,Santa Lucía,Santa Lucía Utatlán",1305,07004
3589804,GT,09,,15.56667,-88.91667,,DEPTO DE IZABAL,,,SAN FELIPE (LIVINGSTON),San Marcos,San Marcos,0,18019
3592041,GT,13,,14.88333,-91.51667,,DEPTO DE QUETZALTENANGO,,,OLINTEPEQUE,Olintepeque,Olintepeque,0,09003
3594702,GT,13,,14.88333,-91.68333,,DEPTO DE QUETZALTENANGO,,,LA ESPERANZA,La Esperanza,,0,09023
3595783,GT,04,,14.56667,-89.35,,DEPTO DE CHIQUIMULA,,,ESQUIPULAS,Esquipulas,"Eskipulasas,Esquipulas,ai si ji pu la si,埃斯基普拉斯",20674,20007
3590318,GT,21,,14.91667,-91.43333,,DEPTO DE TOTONICAPAN,,,SAN CRISTOBAL TOTONICAPAN,San Cristóbal Totonicapán,"San Cristobal,San Cristobal Totonicapan,San Cristóbal,San Cristóbal Totonicapán",4191,08002
3591415,GT,07,,14.50278,-90.55167,,DEPTO DE GUATEMALA,,,PETAPA,Petapa,"Petapa,San Miguel Petapa",141455,01066
3588491,GT,18,,14.06719,-90.46791,,DEPTO DE SANTA ROSA,,,TAXISCO,Taxisco,Taxisco,6518,06009
3590419,GT,17,,14.96667,-91.73333,,DEPTO DE SAN MARCOS,,,SAN ANTONIO SACATEPEQUEZ,San Antonio Sacatepéquez,"San Antonio,San Antonio Sacatepequez,San Antonio Sacatepéquez",1658,12003
3598277,GT,07,,14.82167,-90.50861,,DEPTO DE GUATEMALA,,,CHUARRANCHO,Chuarrancho,"Chibatutuy,Chuarrancho",7149,01061
3590312,GT,22,,14.78333,-89.78333,,DEPTO DE ZACAPA,,,SAN DIEGO,San Diego,San Diego,557,19008
3596421,GT,07,,14.85417,-90.06944,,DEPTO DE EL PROGRESO,,,GUASTATOYA,Guastatoya,"El Progreso,Guastatoya,Gusfatoya,Progreso",13467,02001
3599300,GT,15,,14.48333,-91.83333,,DEPTO DE RETALHULEU,,,CABALLO BLANCO (RETALHULEU),Caballo Blanco,,0,11010
3590804,GT,20,,14.40042,-91.31713,,DEPTO DE SUCHITEPEQUEZ,,,RIO BRAVO,Río Bravo,"Rio Bravo,Río Bravo",7568,10020
3590804,GT,20,,14.40042,-91.31713,,DEPTO DE SUCHITEPEQUEZ,,,GUATALON (RIO BRAVO),Río Bravo,"Rio Bravo,Río Bravo",7568,10024
3597676,GT,11,,14.16667,-89.83333,,DEPTO DE JUTIAPA,,,EL ADELANTO,El Adelanto,"Adelanto,El Adelanto",1964,22009
3589498,GT,08,,15.68085,-91.82005,,DEPTO DE HUEHUETENANGO,,,SANTA ANA HUISTA,Santa Ana Huista,Santa Ana Huista,2004,13031
3589643,GT,01,,15.48333,-90.26667,,DEPTO DE ALTA VERAPAZ,,,SAN PEDRO CARCHA,San Pedro Carchá,"Carcha,Carchá,San Pedro Carcha,San Pedro Carchá",13332,16009
3589977,GT,07,,14.54611,-90.41139,,DEPTO DE GUATEMALA,,,SAN JOSE PINULA,San José Pinula,"San Jose Pinula,San José Pinula",47247,01052
3598462,GT,18,,14.0838,-90.38547,,DEPTO DE SANTA ROSA,,,CHIQUIMULILLA,Chiquimulilla,Chiquimulilla,12842,06008
3591851,GT,07,,14.66472,-90.35861,,DEPTO DE GUATEMALA,,,PALENCIA,Palencia,Palencia,18574,01054
3589036,GT,06,,14.41611,-90.63917,,DEPTO DE ESCUINTLA,,,SAN VICENTE PACAYA,San Vicente Pacaya,"San Vicente,San Vicente Martir,San Vicente Mártir,San Vicente Pacaya",7162,05012
3589507,GT,12,,16.8,-89.83333,,DEPTO DE PETEN,,,SANTA ANA,Santa Ana,Santa Ana,9523,17007
3599069,GT,13,,14.81667,-91.45,,DEPTO DE QUETZALTENANGO,,,CANTEL,Cantel,Cantel,26063,09014
3597587,GT,15,,14.6,-91.73333,,DEPTO DE RETALHULEU,,,EL ASINTAL,El Asintal,"Acintal,Asintal,El Acintal,El Asintal",6156,11009
3589727,GT,16,,14.52389,-90.79833,,DEPTO DE SACATEPEQUEZ,,,SAN MIGUEL DUENAS,San Miguel Dueñas,"Duenas,Dueñas,San Miguel Duenas,San Miguel Dueñas",8424,03013
3589285,GT,16,,14.57583,-90.67861,,DEPTO DE SACATEPEQUEZ,,,SANTA LUCIA MILPAS ALTAS,Santa Lucía Milpas Altas,"Santa Lucia,Santa Lucia Milpas Altas,Santa Lucía,Santa Lucía Milpas Altas",13001,03009
3590987,GT,11,,14.27028,-90.04028,,DEPTO DE JUTIAPA,,,QUESADA,Quesada,"Quesada,Quezada",2250,22017
3589592,GT,18,,14.48139,-90.17333,,DEPTO DE SANTA ROSA,,,SAN RAFAEL LAS FLORES,San Rafael Las Flores,"San Rafael,San Rafael Las Flores",2572,06005
3592035,GT,04,,14.68333,-89.35,,DEPTO DE CHIQUIMULA,,,OLOPA,Olopa,Olopa,1690,20006
3590858,GT,15,,14.53611,-91.67778,,DEPTO DE RETALHULEU,,,RETALHULEU,Retalhuleu,"RER,Retalhuleo,Retalhuleu,Retalhuley,Retaluleu,Реталулеу",36656,11001
3589547,GT,17,,15.06468,-91.83526,,DEPTO DE SAN MARCOS,,,SAN SEBASTIAN (SAN MARCOS),San Sebastían,"San Sebastian,San Sebastián,San Sebastían",0,12037
3590323,GT,17,,14.9,-91.78333,,DEPTO DE SAN MARCOS,,,SAN CRISTOBAL CUCHO,San Cristóbal Cucho,"San Cristobal,San Cristobal Cucho,San Cristóbal,San Cristóbal Cucho",9152,12025
3590456,GT,14,,15.05472,-91.22986,,DEPTO DEL QUICHE,,,SAN ANTONIO ILOTENANGO,San Antonio Ilotenango,San Antonio Ilotenango,2021,14008
3589770,GT,08,,15.83194,-91.47806,,DEPTO DE HUEHUETENANGO,,,SAN MATEO IXTATAN,San Mateo Ixtatán,"San Mateo Ixtatan,San Mateo Ixtatán",13213,13018
3597837,GT,02,,15.13333,-90.58333,,DEPTO DE BAJA VERAPAZ,,,CUBULCO,Cubulco,Cubulco,9753,15004
3589640,GT,14,,15.09525,-91.15135,,DEPTO DEL QUICHE,,,SAN PEDRO JOCOPILAS,San Pédro Jocopilas,"San Pedro Jocopilas,San Pédro Jocopilas",1040,14009
3590294,GT,04,,14.75,-89.51667,,DEPTO DE CHIQUIMULA,,,SAN ESTEBAN (CHIQUIMULA),San Esteban,,0,20017
3596389,GT,17,,14.76667,-91.81667,,DEPTO DE SAN MARCOS,,,EL QUETZAL,El Quetzal,"El Quetzal,Quetzal",12122,12020
3590090,GT,22,,14.93333,-89.58333,,DEPTO DE ZACAPA,,,SAN JORGE (ZACAPA),San Jorge,San Jorge,0,19013
3590195,GT,20,,14.51667,-91.51667,,DEPTO DE SUCHITEPEQUEZ,,,SAN GABRIEL,San Gabriel,San Gabriel,4118,10012
3590788,GT,22,,15.06667,-89.58333,,DEPTO DE ZACAPA,,,RIO HONDO,Río Hondo,"Rio Hondo,Río Hondo",5997,19003
3589053,GT,22,,14.9,-89.75,,DEPTO DE ZACAPA,,,SAN VICENTE,San Vicente,,0,19018
3592145,GT,06,,14.2,-91.3,,DEPTO DE ESCUINTLA,,,NUEVA CONCEPCION,Nueva Concepción,"Concepcion,Concepcion La Grande,Concepción,Concepción La Grande,Nueva Concepcion,Nueva Concepción",11121,05013
3595416,GT,08,,15.31918,-91.47241,,DEPTO DE HUEHUETENANGO,,,HUEHUETENANGO,Huehuetenango,"HUG,Huehuetenangas,Huehuetenango,Uehuehtenango,Ueuetenango,ue-uetenang-go,u~eu~etenango,wei wei te nan ge,Уеуетенанго,Уэуэтенанго,ウェウェテナンゴ,韋韋特南戈,우에우에테낭고",79426,13001
3598572,GT,03,,14.66111,-90.81944,,DEPTO DE CHIMALTENANGO,,,CHIMALTENANGO,Chimaltenango,"Chimal'tenango,Chimaltenango,Santa Ana Chimaltenango,Чимальтенанго",82370,04001
3587902,GT,07,,14.52694,-90.5875,,DEPTO DE GUATEMALA,,,VILLA NUEVA,Villa Nueva,"Vil'ja-Nuehva,Vilja Nueva,Viljanueva,Villa Nueva,bi ya nu ai wa,wya nwywa  gwatymala,Вилья-Нуэва,Вилянуева,ویا نویوا، گواتیمالا,比亞努埃瓦",406830,01064
3589865,GT,17,,15.03087,-91.73534,,DEPTO DE SAN MARCOS,,,SAN LORENZO,San Lorenzo,San Lorenzo,945,12029
3592483,GT,21,,15.04437,-91.40864,,DEPTO DE TOTONICAPAN,,,MOMOSTENANGO,Momostenango,Momostenango,31739,08005
3595757,GT,22,,15.0,-89.56667,,DEPTO DE ZACAPA,,,ESTANZUELA,Estanzuela,Estanzuela,8937,19002
3598678,GT,20,,14.53333,-91.31667,,DEPTO DE SUCHITEPEQUEZ,,,CHICACAO,Chicacao,Chicacao,20426,10013
3591574,GT,16,,14.59667,-90.75472,,DEPTO DE SACATEPEQUEZ,,,PASTORES,Pastores,Pastores,10393,03003
3589852,GT,16,,14.60972,-90.65694,,DEPTO DE SACATEPEQUEZ,,,SAN LUCAS SACATEPEQUEZ,San Lucas Sacatepéquez,"San Lucas,San Lucas Sacatepequez,San Lucas Sacatepéquez",17959,03008
3587510,GT,13,,14.78333,-91.48333,,DEPTO DE QUETZALTENANGO,,,ZUNIL,Zunil,Zunil,9986,09016
3590522,GT,15,,14.56667,-91.58333,,DEPTO DE RETALHULEU,,,SAN ANDRES VILLA SECA,San Andrés Villa Seca,"San Andres,San Andres Villa Seca,San Andrés,San Andrés Villa Seca",5102,11006
3599788,GT,16,,14.48028,-90.8075,,DEPTO DE SACATEPEQUEZ,,,ALOTENANGO,Alotenango,"Alotenango,San Juan Alotenango",17410,03014
3590475,GT,16,,14.53972,-90.76944,,DEPTO DE SACATEPEQUEZ,,,SAN ANTONIO AGUAS CALIENTES,San Antonio Aguas Calientes,"San Antonio,San Antonio Aguas Calientes",7811,03015
3598968,GT,18,,14.42222,-90.24417,,DEPTO DE SANTA ROSA,,,CASILLAS,Casillas,Casillas,8970,06004
3589289,GT,06,,14.33333,-91.01667,,DEPTO DE ESCUINTLA,,,SANTA LUCIA COTZUMALGUAPA,Santa Lucía Cotzumalguapa,"Santa Lucia,Santa Lucia Cotzumalguapa,Santa Lucía,Santa Lucía Cotzumalguapa",62097,05002
3590777,GT,11,,14.23333,-89.96667,,DEPTO DE JUTIAPA,,,RIO DE PAZ,Río Paz,,0,22021
3589913,GT,14,,15.43368,-91.03481,,DEPTO DEL QUICHE,,,SAN JUAN COTZAL,San Juan Cotzal,San Juan Cotzal,11046,14011
3587543,GT,03,,14.65444,-90.88944,,DEPTO DE CHIMALTENANGO,,,ZARAGOZA,Zaragoza,Zaragoza,9361,04015
11475339,GT,17,,15.05942,-91.81796,,DEPTO DE SAN MARCOS,,,LOS LIMINES (OCOS),Los Cerezos,Los Cerezos,0,12038
3589494,GT,18,,14.2,-90.28333,,DEPTO DE SANTA ROSA,,,SANTA MARIA IXHUATAN,Santa Anita,"Santa Anita,Santa Anita Nistiquipaque",0,06010
3589072,GT,16,,14.67778,-90.69778,,DEPTO DE SACATEPEQUEZ,,,SANTO DOMINGO XENACOJ,Santo Domingo Xenacoj,"Santa Domingo Xenacoj,Santo Domingo Xecanoj,Santo Domingo Xenacoj,Xenacoj,Xenaeoj",8791,03005
3590053,GT,11,,14.26528,-90.12694,,DEPTO DE JUTIAPA,,,SAN JOSE ACATEMPA,San José Acatempa,"Acatempa,San Jose Acatempa,San José Acatempa",6367,22016
3591885,GT,17,,14.72152,-92.03521,,DEPTO DE SAN MARCOS,,,PAJAPITA,Pajapita,Pajapita,8164,12022
3587578,GT,14,,15.08333,-90.83333,,DEPTO DEL QUICHE,,,ZACUALPA,Zacualpa,Zacualpa,9241,14004
3589062,GT,20,,14.63333,-91.38333,,DEPTO DE SUCHITEPEQUEZ,,,SANTO TOMAS LA UNION,Santo Tomás La Unión,"Santo Tomas La Union,Santo Tomás La Unión",7081,10017
3591954,GT,14,,15.11667,-90.4,,DEPTO DEL QUICHE,,,PACHALUM,Pachalum,,0,14022
3595714,GT,07,,14.46528,-90.44083,,DEPTO DE GUATEMALA,,,FRAIJANES,Fraijanes,Fraijanes,28492,01062
3595803,GT,06,,14.305,-90.785,,DEPTO DE ESCUINTLA,,,ESCUINTLA,Escuintla,"Ehskuintla,Escuintla,Esquintla,esuku~intora,Эскуинтла,エスクィントラ",103165,05001
3598958,GT,17,,14.8515,-92.07646,,DEPTO DE SAN MARCOS,,,CATARINA,Catarina,Catarina,3040,12016
3589408,GT,03,,14.68722,-90.915,,DEPTO DE CHIMALTENANGO,,,SANTA CRUZ BALANYA,Santa Cruz Balanyá,"Santa Cruz Balanya,Santa Cruz Balanyá",7825,04010
3589632,GT,08,,15.49142,-91.76551,,DEPTO DE HUEHUETENANGO,,,SAN PEDRO NECTA,San Pedro Necta,San Pedro Necta,3554,13006
3590529,GT,06,,14.62,-90.84417,,DEPTO DE ESCUINTLA,,,ITZAPA,San Andrés Itzapa,"Itzapa,San Andres Itzapa,San Andrés Itzapa",18647,05010
3590529,GT,03,,14.62,-90.84417,,DEPTO DE CHIMALTENANGO,,,SAN ANDRES ITZAPA,San Andrés Itzapa,"Itzapa,San Andres Itzapa,San Andrés Itzapa",18647,04013
3590424,GT,19,,14.7,-91.11667,,DEPTO DE SOLOLA,,,SAN ANTONIO PALOPO,San Antonio Palopó,"San Antonio,San Antonio Palopo,San Antonio Palopó",3588,07012
3590526,GT,14,,15.21667,-90.91667,,DEPTO DEL QUICHE,,,SAN ANDRES SAJCABAJA,San Andrés Sajcabajá,"San Andres Sajcabaja,San Andrés Sajcabajá",1988,14014
3590037,GT,13,,14.88333,-91.48333,,DEPTO DE QUETZALTENANGO,,,SAN JOSE CHIQUILAJA (QUETZALTENANGO),San José Chiquilajá,"Chicalaja,Chicalajá,San Jose Chiquilaja,San José Chiquilajá",0,09029
3589105,GT,19,,14.63823,-91.22901,,DEPTO DE SOLOLA,,,SANTIAGO ATITLAN,Santiago Atitlán,"Atitlan,Atitlán,Santiago",33309,07019
3589975,GT,03,,14.81972,-90.90639,,DEPTO DE CHIMALTENANGO,,,SAN JOSE POAQUIL,San José Poaquil,"San Jose Poaquil,San José Poaquil",5987,04002
3598787,GT,15,,14.3,-91.91667,,DEPTO DE RETALHULEU,,,CHAMPERICO,Champerico,"Champerico,Puerto Champerico,Puerto de Champerico",7761,11007
3590249,GT,12,,16.8,-89.93333,,DEPTO DE PETEN,,,SAN FRANCISCO,San Francisco,San Francisco,3954,17006
3587587,GT,22,,14.97222,-89.53056,,DEPTO DE ZACAPA,,,ZACAPA,Zacapa,"Sakapa,Zacapa,Сакапа",36088,19001
3591541,GT,20,,14.41667,-91.16667,,DEPTO DE SUCHITEPEQUEZ,,,PATULUL,Patulul,Patulul,14196,10014
3590399,GT,21,,15.08438,-91.45606,,DEPTO DE TOTONICAPAN,,,SAN BARTOLO,San Bartolo,San Bartolo,1290,08008
3595366,GT,04,,14.61667,-89.61667,,DEPTO DE CHIQUIMULA,,,IPALA,Ipala,"Ipala,Jilotepeque",5283,20011
3592477,GT,10,,14.5,-89.86667,,DEPTO DE JALAPA,,,MONJAS,Monjas,Monjas,10351,21006
3593344,GT,10,,14.61667,-89.96667,,DEPTO DE JALAPA,,,LLANO GRANDE,Llano Grande,,0,21008
3589101,GT,16,,14.63528,-90.67639,,DEPTO DE SACATEPEQUEZ,,,SANTIAGO SACATEPEQUEZ,Santiago Sacatepéquez,"Santiago,Santiago Sacatepequez,Santiago Sacatepéquez",24210,03006
3591092,GT,18,,14.22583,-90.47417,,DEPTO DE SANTA ROSA,,,PUEBLO NUEVO VINAS,Pueblo Nuevo Viñas,"Pueblo Nuevo,Pueblo Nuevo Vinas,Pueblo Nuevo Viñas",4211,06013
3590347,GT,13,,14.98333,-91.55,,DEPTO DE QUETZALTENANGO,,,SAN CARLOS SIJA,San Carlos Sija,"San Carlos,San Carlos Sija,Sija",6831,09004
3597750,GT,20,,14.53333,-91.56667,,DEPTO DE SUCHITEPEQUEZ,,,CUYOTENANGO,Cuyotenango,Cuyotenango,10825,10002
3598122,GT,13,,14.7,-91.86667,,DEPTO DE QUETZALTENANGO,,,COATEPEQUE,Coatepeque,"CTF,Coatepec,Coatepeque,Koatepeke,Koatepekė,ke a te pei ke,Коатепеке,کواتیپیکے، کویتسالتینانگو,科阿特佩克",45654,09020
3590213,GT,13,,14.91667,-91.53333,,DEPTO DE QUETZALTENANGO,,,SAN FRANCISCO LA UNION,San Francisco La Unión,"San Francisco La Union,San Francisco La Unión",1170,09018
3591618,GT,11,,13.97722,-90.20639,,DEPTO DE JUTIAPA,,,PASACO,Pasaco,Pasaco,1873,22015
3594143,GT,17,,14.8,-91.81667,,DEPTO DE SAN MARCOS,,,LA REFORMA,La Reforma,"La Reforma,Reforma",4905,12021
3590924,GT,02,,15.1,-90.45,,DEPTO DE BAJA VERAPAZ,,,RABINAL,Rabinal,Rabinal,10737,15003
3598128,GT,16,,14.52639,-90.75972,,DEPTO DE SACATEPEQUEZ,,,CIUDAD VIEJA,Ciudad Vieja,Ciudad Vieja,30203,03012
3589646,GT,07,,14.78667,-90.45111,,DEPTO DE GUATEMALA,,,SAN PEDRO AYAMPUC,San Pedro Ayampuc,San Pedro Ayampuc,46803,01056
3590288,GT,15,,14.61667,-91.6,,DEPTO DE RETALHULEU,,,SAN FELIPE,San Felipe,San Felipe,8921,11005
3587923,GT,07,,14.48139,-90.53167,,DEPTO DE GUATEMALA,,,VILLA CANALES,Villa Canales,"Villa Anales,Villa Canales",122194,01065
3588653,GT,16,,14.64639,-90.73389,,DEPTO DE SACATEPEQUEZ,,,SUMPANGO,Sumpango,Sumpango,20884,03004
3589869,GT,20,,14.48333,-91.51667,,DEPTO DE SUCHITEPEQUEZ,,,SAN LORENZO,San Lorenzo,San Lorenzo,2165,10007
3589917,GT,01,,15.43333,-90.33333,,DEPTO DE ALTA VERAPAZ,,,SAN JUAN CHAMELCO,San Juan Chamelco,"Chamelco,San Juan Chamelco",11944,16010
3589554,GT,07,,14.74722,-90.1125,,DEPTO DE EL PROGRESO,,,SANSARE,Sansare,Sansare,3792,02006
3589159,GT,18,,14.38806,-90.29556,,DEPTO DE SANTA ROSA,,,SANTA ROSA DE LIMA,Santa Rosa de Lima,"Santa Rosa,Santa Rosa de Lima,Santa Rose de Lima",5984,06003
3592322,GT,11,,14.03861,-90.08083,,DEPTO DE JUTIAPA,,,MOYUTA,Moyuta,"Moyuta,Moyutla,Pueblo Moyuta",8145,22014
3591272,GT,19,,14.86667,-91.18333,,DEPTO DE SOLOLA,,,PIXABAJ (SOLOLA),Pixabaj,,0,07024
3590355,GT,10,,14.49778,-90.06028,,DEPTO DE JALAPA,,,SAN CARLOS ALZATATE,San Carlos Alzatate,"Alzatate,San Carlos Alzatate",0,21005
3589256,GT,21,,15.02992,-91.3292,,DEPTO DE TOTONICAPAN,,,SANTA MARIA CHIQUIMULA,Santa María Chiquimula,"Santa Maria Chiquimula,Santa María Chiquimula",6980,08006
3589398,GT,18,,14.38806,-90.36972,,DEPTO DE SANTA ROSA,,,SANTA CRUZ NARANJO,Santa Cruz Naranjo,"Santa Cruz,Santa Cruz Naranjo",6254,06012
3589433,GT,19,,14.71667,-91.3,,DEPTO DE SOLOLA,,,SANTA CLARA LA LAGUNA,Santa Clara La Laguna,"Santa Clara,Santa Clara La Laguna",5306,07007
3589458,GT,19,,14.8,-91.36667,,DEPTO DE SOLOLA,,,SANTA CATARINA IXTAHUACAN,Santa Catarina Ixtahuacán,"Santa Catarina Ixtahuacan,Santa Catarina Ixtahuacán",14734,07006
3589903,GT,04,,14.76667,-89.43333,,DEPTO DE CHIQUIMULA,,,SAN JUAN ERMITA,San Juan Ermita,"San Juan Ermita,San Juan de la Ermita",1623,20003
3590219,GT,21,,14.95,-91.45,,DEPTO DE TOTONICAPAN,,,SAN FRANCISCO EL ALTO,San Francisco El Alto,"San Francisco,San Francisco El Alto",54493,08003
3590384,GT,20,,14.53333,-91.45,,DEPTO DE SUCHITEPEQUEZ,,,SAN BERNARDINO,San Bernardino,San Bernardino,5501,10004
3589475,GT,20,,14.43333,-91.23333,,DEPTO DE SUCHITEPEQUEZ,,,SANTA BARBARA,Santa Bárbara,"Santa Barbara,Santa Bárbara",12906,10015
3589709,GT,20,,14.53333,-91.36667,,DEPTO DE SUCHITEPEQUEZ,,,SAN MIGUEL PANAN,San Miguel Panán,"Panan,Panán,San Miguel Panan,San Miguel Panán",2024,10011
3589822,GT,10,,14.65,-89.73333,,DEPTO DE JALAPA,,,SAN LUIS JILOTEPEQUE,San Luis Jilotepeque,"Jilotepeque,San Luis,San Luis Jilotepeque",10306,21003
3589395,GT,01,,15.36667,-90.43333,,DEPTO DE ALTA VERAPAZ,,,SANTA CRUZ VERAPAZ,Santa Cruz Verapaz,"Santa Cruz,Santa Cruz Verapaz",5843,16002
3589452,GT,07,,14.56889,-90.49528,,DEPTO DE GUATEMALA,,,SANTA CATARINA PINULA,Santa Catarina Pinula,Santa Catarina Pinula,67994,01051
3589287,GT,21,,15.12819,-91.23619,,DEPTO DE TOTONICAPAN,,,SANTA LUCIA LA REFORMA,Santa Lucia La Reforma,"Santa Lucia La Reforma,Santa Lucía La Reforma",1406,08007
3593091,GT,19,,14.85,-91.15,,DEPTO DE SOLOLA,,,LOS ENCUENTROS SOLOLA,Los Encuentros,"El Rancho,Encuentros,Los Encuentros",0,07020
3598031,GT,11,,14.11667,-89.91667,,DEPTO DE JUTIAPA,,,COMAPA,Comapa,Comapa,1493,22011
3594422,GT,12,,16.7885,-90.11698,,DEPTO DE PETEN,,,LA LIBERTAD,La Libertad,"La Libertad,la li bo ta de,拉利伯塔德",8646,17005
3592019,GT,18,,14.22806,-90.17583,,DEPTO DE SANTA ROSA,,,ORATORIO,Oratorio,"El Oratorio,Oratorio",10155,06006
3595069,GT,11,,14.29167,-89.89583,,DEPTO DE JUTIAPA,,,JUTIAPA,Jutiapa,"Juliapa,Jutiapa,Khutiapa,Хутиапа",34332,22001
3596941,GT,07,,14.86667,-90.26667,,DEPTO DE EL PROGRESO,,,EL JICARO,El Jícaro,"El Jicaro,El Jícaro,Jicaro,Jícaro",0,02005
3599582,GT,18,,14.30944,-90.36111,,DEPTO DE SANTA ROSA,,,BARBERENA,Barberena,"Barbarena,Barberena",30539,06002
3599633,GT,11,,14.17444,-89.7425,,DEPTO DE JUTIAPA,,,ATESCATEMPA,Atescatempa,Atescatempa,11543,22007
3589355,GT,08,,15.7306,-91.45846,,DEPTO DE HUEHUETENANGO,,,SANTA EULALIA,Santa Eulalia,Santa Eulalia,4921,13017
3590537,GT,12,,16.96667,-89.91667,,DEPTO DE PETEN,,,SAN ANDRES,San Andrés,"San Andres,San Andrés,sheng an de lei si,聖安德雷斯",7235,17004
3592362,GT,09,,15.48333,-88.81667,,DEPTO DE IZABAL,,,MORALES,Morales,Morales,18994,18004
3589778,GT,13,,14.81667,-91.65,,DEPTO DE QUETZALTENANGO,,,SAN MARTIN SACATEPEQUEZ,San Martín Sacatepéquez,"San Martin,San Martin Sacatepequez,San Martín,San Martín Sacatepéquez",3658,09012
3595148,GT,14,,14.995,-90.80611,,DEPTO DEL QUICHE,,,JOYABAJ,Joyabaj,Joyabaj,13164,14012
3596249,GT,17,,14.91667,-91.96667,,DEPTO DE SAN MARCOS,,,EL RODEO,El Rodeo,"El Rodeo,Rodeo",1887,12014
3589669,GT,19,,14.71667,-91.26667,,DEPTO DE SOLOLA,,,SAN PABLO LA LAGUNA,San Pablo La Laguna,"San Pablo,San Pablo La Laguna,San Pablo Laguna",6186,07015
3592108,GT,17,,14.8,-91.91667,,DEPTO DE SAN MARCOS,,,NUEVO PROGRESO,Nuevo Progreso,"Nuevo Progreso,Nuevo Progresso",8113,12012
3598073,GT,13,,14.71667,-91.73333,,DEPTO DE QUETZALTENANGO,,,COLOMBA,Colomba,Colomba,19115,09017
3589074,GT,20,,14.46667,-91.48333,,DEPTO DE SUCHITEPEQUEZ,,,SANTO DOMINGO SUCHITEPEQUEZ,Santo Domingo Suchitepéquez,"Santo Domingo,Santo Domingo Suchitepequez,Santo Domingo Suchitepéquez",6270,10006
3590412,GT,20,,14.53333,-91.41667,,DEPTO DE SUCHITEPEQUEZ,,,SAN ANTONIO SUCHITEPEQUEZ,San Antonio Suchitepéquez,"San Antonio,San Antonio Suchitepequez,San Antonio Suchitepéquez",10951,10010
3594575,GT,06,,14.08333,-91.05,,DEPTO DE ESCUINTLA,,,LA GOMERA,La Gomera,La Gomera,24001,05007
3597993,GT,13,,14.85,-91.61667,,DEPTO DE QUETZALTENANGO,,,CONCEPCION CHIQUIRICHAPA,Concepción Chiquirichapa,"Concepcion,Concepcion Chiquirichapa,Concepción,Concepción Chiquirichapa",8080,09011
3589253,GT,16,,14.51833,-90.72667,,DEPTO DE SACATEPEQUEZ,,,SANTA MARIA DE JESUS,Santa María de Jesús,"Santa Maria,Santa Maria de Jesus,Santa María,Santa María de Jesús",15529,03011
3589677,GT,17,,14.93281,-92.00414,,DEPTO DE SAN MARCOS,,,SAN PABLO,San Pablo,San Pablo,13668,12019
3596644,GT,13,,14.65,-91.58333,,DEPTO DE QUETZALTENANGO,,,EL PALMAR,El Palmar,"El Palmar,Palmar",15167,09019
3589626,GT,17,,14.96667,-91.76667,,DEPTO DE SAN MARCOS,,,SAN PEDRO SACATEPEQUEZ,San Pedro Sacatepéquez,"San Pedra,San Pedro,San Pedro Sacatepequez,San Pedro Sacatepéquez,San Pedro Zacatepec,sheng pei de luo sa ka te pei ke si,聖佩德羅薩卡特佩克斯",40021,12002
3591997,GT,13,,14.86667,-91.61667,,DEPTO DE QUETZALTENANGO,,,OSTUNCALCO,Ostuncalco,"Ostuncalco,San Juan Ostuncalco",28894,09009
3592770,GT,16,,14.54528,-90.67528,,DEPTO DE SACATEPEQUEZ,,,MAGDALENA MILPAS ALTAS,Magdalena Milpas Altas,"Magdalena,Magdalena Milpas Altas",5582,03010
3590814,GT,17,,15.0382,-91.68463,,DEPTO DE SAN MARCOS,,,RIO BLANCO,Río Blanco,"Rio Blanco,Río Blanco",829,12028
3600008,GT,03,,14.55194,-90.94222,,DEPTO DE CHIMALTENANGO,,,ACATENANGO,Acatenango,Acatenango,7050,04011
3599639,GT,11,,14.33083,-89.71083,,DEPTO DE JUTIAPA,,,ASUNCION MITA,Asunción Mita,"Asuncion,Asuncion Mita,Asunción Mita,Mita",15608,22005
3589780,GT,03,,14.78778,-90.7925,,DEPTO DE CHIMALTENANGO,,,SAN MARTIN JILOTEPEQUE,San Martín Jilotepeque,"San Martin Jilotepeque,San Martín Jilotepeque",9846,04003
3598692,GT,08,,15.35484,-91.45807,,DEPTO DE HUEHUETENANGO,,,CHIANTLA,Chiantla,Chiantla,8465,13002
3589896,GT,19,,14.7,-91.28333,,DEPTO DE SOLOLA,,,SAN JUAN LA LAGUNA,San Juan La Laguna,"San Juan,San Juan La Laguna",4608,07017
3589863,GT,08,,15.28827,-91.45959,,DEPTO DE HUEHUETENANGO,,,SAN LORENZO (HUEHUETENANGO),San Lorenzo,San Lorenzo,0,13033
11512906,GT,08,,15.49266,-91.82507,,DEPTO DE HUEHUETENANGO,,,LA LIBERTAD,La Esperanza,La Esperanza,0,13011
3589404,GT,14,,15.03085,-91.14871,,DEPTO DEL QUICHE,,,SANTA CRUZ DEL QUICHE,Santa Cruz del Quiché,"AQB,Santa Cruz del Quiche,Santa Cruz del Quiché,Santa-Krus-del'-Kiche,Санта-Крус-дель-Киче",23618,14001
3589548,GT,15,,14.56667,-91.65,,DEPTO DE RETALHULEU,,,SAN SEBASTIAN,San Sebastián,"San Sebastian,San Sebastián",14823,11002
3590069,GT,12,,16.98333,-89.9,,DEPTO DE PETEN,,,SAN JOSE,San José,"San Jose,San José",1201,17002
3591841,GT,13,,14.93333,-91.7,,DEPTO DE QUETZALTENANGO,,,PALESTINA DE LOS ALTOS,Palestina de los Altos,"Palestina,Palestina de los Altos",1691,09024
3589925,GT,08,,15.42886,-91.62398,,DEPTO DE HUEHUETENANGO,,,SAN JUAN ATITAN,San Juan Atitán,"San Juan Atitan,San Juan Atitlan,San Juan Atitlán,San Juan Atitán",1910,13016
3597301,GT,02,,14.96417,-90.48056,,DEPTO DE BAJA VERAPAZ,,,EL CHOL,El Chol,"El Chol,Santa Cruz El Chol",2391,15006
