1237964,LK,,NW,7.009,80.9052,,,Nuwara Eliya,,Kurupanawela,Kurupanawela,,0,22252
1238178,LK,,KY,7.2737,80.7001,,,Kandy,,Kundasale,Kundasale,Kundasale,0,20168
1248434,LK,,KE,6.9776,80.2624,,,Kegalle,,Dehiowita,Dehiowita,,0,71400
1248532,LK,,KE,7.1807,80.4251,,,Kegalle,,Debathgama,Debathgama Udabage,"Debatgama Udabage,Debathgama,Debathgama Udabage",0,71037
1224059,LK,,KY,7.3493,80.6808,,,Kandy,,Wattegama,Wattegama,Wattegama,0,20810
1226638,LK,,MH,6.01667,80.56667,,,Matara,,Thihagoda,Thihagoda,"Thihagoda,Tihagoda",0,81280
1227253,LK,,KE,7.1647,80.4793,,,Kegalle,,Talgaspitiya,Talgaspitiya,,0,71541
1235871,LK,,BD,7.01667,80.95,,,Badulla,,Maspanna,Maspanna,"Maspanna,Maspanne",0,90328
1240006,LK,,GQ,7.2965,80.1001,,,Gampaha,,Kitalawalana,Kitalawalana,,0,11206
1251500,LK,,KE,7.2376,80.4168,,,Kegalle,,Ambulugala,Ambulugala,,0,71503
7539372,LK,,AD,8.1929,80.1457,,,Anuradhapura,,Gemunupura,Gemunupura,,0,50224
1231326,LK,,RN,6.4329,80.455,,,Ratnapura,,Panapola,Panapola,,0,70461
1232283,LK,,AD,8.1334,80.3599,,,Anuradhapura,,Pahala Halmillewa,Pahala Hammillewa,"Hammillewa,Pahala Halmillewa,Pahala Hammillewa",0,50206
1232454,LK,,RN,6.2675,80.9022,,,Ratnapura,,Padalangala,Padalangala,,0,70230
1245653,LK,,KG,7.3211,80.1235,,,Kurunegala,,Giriulla,Giriulla,,0,60140
1247997,LK,,BD,6.7422,80.9733,,,Badulla,,Dikkapitiya,Dikkapitiya,,0,90214
7440319,LK,,AD,8.6044,80.681,,,Anuradhapura,,Galkadawala,Galkadawala,,0,50006
1223584,LK,,KG,7.5666,79.908,,,Kurunegala,,Wellarawa,Wellarawa,,0,60456
1243764,LK,,HB,6.1087,80.9309,,,Hambantota,,Hungama,Hungama,,0,82120
7435648,LK,,NW,7.0741,80.6584,,,Nuwara Eliya,,Katukitula,Katukitula,,0,20588
1225428,LK,,GL,6.3429,80.0927,,,Galle,,Uragasmanhandiya,Uragasmanhandiya,Uragasmanhandiya,0,80350
1230263,LK,,KG,7.4607,80.5171,,,Kurunegala,,Pihimbuwa,Pihimbuwa,,0,60053
1248600,LK,,KY,7.2825,80.5352,,,Kandy,,Danture,Danture,Danture,0,20465
1250053,LK,,RN,6.7181,80.7671,,,Ratnapura,,Belihuloya,Belihuloya,"Belihuloya,Walakadawela",0,70140
1232714,LK,,BD,6.8173,80.8403,,,Badulla,,Ohiya,Ohiya,Ohiya,0,90168
1234684,LK,,RN,6.6878,80.689,,,Ratnapura,,Morahela,Morahela,,0,70129
1240723,LK,,KE,7.2523,80.3436,,,Kegalle,,Kegalle,Kegalle,"Keballa,Kegalla,Kegalle,kagal,kegarra,kekalai,Кегалле,کاگال,கேகாலை,කෑගල්ල,ケーガッラ",17962,71000
1248337,LK,,RN,6.5169,80.4658,,,Ratnapura,,Delwala,Delwala,,0,70046
1251683,LK,,BD,6.8173,81.0448,,,Badulla,,Ambadandegama,Ambadandegama,,0,90108
1251526,LK,,KY,7.3501,80.6211,,,Kandy,,Ambatenna,Ambatenna,,0,20136
7435991,LK,,AD,8.0909,80.356,,,Anuradhapura,,Tammennawa,Tammennawa,,0,50104
1223899,LK,,KE,7.0967,80.3041,,,Kegalle,,Wegalla,Wegalla,,0,71234
1231046,LK,,APR,7.25,81.6,,,Ampara,,Paragahakele,Paragahakele,"Paragahakele,Paragahakelle",0,32031
1235172,LK,,KT,6.4394,80.1971,,,Kalutara,,Meegahatenna,Meegahatenna,"Meegahatenna,Migahatenna",0,12130
1236487,LK,,NW,7.0276,80.652,,,Nuwara Eliya,,Maldeniya,Maldeniya,,0,22021
1237114,LK,,AD,7.9865,80.6153,,,Anuradhapura,,Maha Elagamuwa,Maha Elegamuwa,"Elagamuwa,Maha Elagamuwa,Maha Elegamuwa",0,50126
1245159,LK,,AD,8.0363,80.7467,,,Anuradhapura,,Habarana,Habarana,"Habarana,Habarane",0,50150
1249435,LK,,KE,7.1032,80.3344,,,Kegalle,,Bulathkohupitiya,Bulathkohupitiya,"Bulathkohupitiya,Bulatkohupitiya",0,71230
1249884,LK,,KG,7.6004,79.9345,,,Kurunegala,,Bingiriya,Bingiriya,,0,60450
1233289,LK,,GL,6.3757,80.3604,,,Galle,,Neluwa,Neluwa,"Nelluwa,Neluwa",0,80082
1232421,LK,,AD,8.23333,80.73333,,,Anuradhapura,,Padikaramaduwa,Padikaramaduwa,"Padikaramaduwa,Padikkaramaduwa",0,50338
1233555,LK,,BC,7.58333,81.71667,,,Batticaloa,,Navatkadu,Navatkadu,,0,30018
1238973,LK,,GQ,7.1231,79.9263,,,Gampaha,,Kotugoda,Kotugoda,Kotugoda,0,11390
1239198,LK,,BD,6.7434,81.0189,,,Badulla,,Koslanda,Koslanda,"Koslanda,Koslanda Town",0,90190
1246000,LK,,KY,7.1643,80.5696,,,Kandy,,Gampola,Gampola,"Gampola,Gampola Town",24730,20500
1248128,LK,,KE,7.2159,80.4704,,,Kegalle,,Dewanagala,Dewanagala,"Devanagala,Dewanagala",0,71527
1248235,LK,,BD,6.9002,81.0555,,,Badulla,,Demodara,Demodara,"Demodara,Demodera",0,90080
1229950,LK,,KG,7.3381,80.3003,,,Kurunegala,,Polgahawela,Polgahawela,"Polgahawela,Polgahawila",0,60300
1232592,LK,,RN,6.6081,80.6181,,,Ratnapura,,Opanayaka,Opanayaka,"Opanake,Opanayaka",0,70080
1243385,LK,,PX,8.1601,80.036,,,Puttalam,,Ihala Puliyankulama,Ihala Puliyankulama,,0,61316
1245450,LK,,KE,7.0356,80.2104,,,Kegalle,,Gonagala,Gonagala-North,"Gonagala,Gonagala-North",0,71318
1246397,LK,,KY,7.4162,80.5639,,,Kandy,,Galhinna,Galhinna,Galhinna,0,20152
1224818,LK,,GQ,7.1535,80.0597,,,Gampaha,,Veyangoda,Veyangoda,,0,11100
1230945,LK,,KE,7.36667,80.41667,,,Kegalle,,Parape,Parape,,0,71105
1231410,LK,,KT,6.7132,79.9026,,,Kalutara,,Panadura,Panadura,"Panadura,Panadure,Pandura",33735,12500
1241972,LK,,BD,6.7596,80.8455,,,Badulla,,Kalupahana,Kalupahana,,0,90186
1249207,LK,,BC,7.58333,81.78333,,,Batticaloa,,Cheddipalayam,Cheddipalayam,"Cheddipalavam,Cheddipalayam",0,30194
1249645,LK,,KY,7.3,80.9,,,Kandy,,Bopana,Bopana,Bopana,0,20932
7544476,LK,,KE,7.1238,80.2864,,,Kegalle,,Kotiyakumbura,Kotiyakumbura,,0,71370
1230532,LK,,AD,8.26667,80.53333,,,Anuradhapura,,Perimiyankulama,Perimiyankulama,,0,50004
1234863,LK,,HB,6.1257,80.7112,,,Hambantota,,Modarawana,Modarawana,"Modarawana,Moderawana",0,82416
1237080,LK,,KT,6.61667,80.16667,,,Kalutara,,Mahagama,Mahagama North,"Mahagama,Mahagama North",0,12210
1239153,LK,,GQ,7.2844,80.0625,,,Gampaha,,Kotadeniyawa,Kotadeniyawa,,0,11232
1229102,LK,,PX,7.6519,79.8339,,,Puttalam,,Rajakadaluwa,Rajakadaluwa,,0,61242
1234674,LK,,AD,8.5052,80.7887,,,Anuradhapura,,Morakewa,Morakewa,"Morakawa,Morakewa",0,50349
1237208,LK,,KT,6.5041,79.9811,,,Kalutara,,Maggona,Maggona,"Maggona,Maggona West",0,12060
1248139,LK,,GQ,7.1659,79.9905,,,Gampaha,,Dewalapola,Dewalapola,"Devalapola,Dewalapola",0,11102
1249349,LK,,GQ,7.0491,80.0514,,,Gampaha,,Buthpitiya,Buthpitiya North,"Buthpitiya,Buthpitiya North",0,11720
1225796,LK,,GQ,7.11667,79.98333,,,Gampaha,,Udugampola,Udugampola,,0,11030
1233517,LK,,PX,8.0,80.11667,,,Puttalam,,Nawagattegama,Nawagattegama,,0,61520
1243238,LK,,PX,7.5716,79.8307,,,Puttalam,,Ilippadeniya,Ilippadeniya,,0,61018
1249621,LK,,KG,7.3191,80.0824,,,Kurunegala,,Bopitiya,Bopitiya,,0,60155
1251476,LK,,KE,7.0673,80.2955,,,Kegalle,,Ampagala,Ampagala,,0,71232
1241318,LK,,KG,7.78333,80.33333,,,Kurunegala,,Karambe,Karambe,,0,60602
1249748,LK,,NW,6.7994,80.665,,,Nuwara Eliya,,Bogawantalawa,Bogawantalawa,"Bogawantalawa,Kotiyagala",0,22060
8303585,LK,,PX,7.8501,79.8156,,,Puttalam,,Mangalaeliya,Mangalaeliya,,0,61266
1229148,LK,,MH,6.1337,80.6142,,,Matara,,Radawela,Radawela,,0,81316
1230637,LK,,KT,6.40201,80.21273,,,Kalutara,,Pelawatta,Pelawatta,,0,12138
1236439,LK,,BD,7.1089,81.0089,,,Badulla,,Maliyadda,Maliyadda,,0,90022
1237209,LK,,GL,6.1036,80.4062,,,Galle,,Magedara,Magedara,"Magedara,Magedera",0,80152
1238902,LK,,TC,8.8146,81.099,,,Trincomalee,,Kuchchaveli,Kuchchaveli,Kuchchaveli,0,31014
1224500,LK,,KT,6.3615,80.1931,,,Kalutara,,Walallawita,Walallawita,Walallawita,0,12134
1229718,LK,,KG,7.4214,80.3303,,,Kurunegala,,Pothuhera,Pothuhera,"Pothuhera,Potuhera",0,60330
1233369,LK,,GQ,7.2083,79.8358,,,Gampaha,,Negombo,Negombo,"Negombas,Negombo,nei gong bo,nigonbo,nirkolumpu,nygwmbw,Негомбо,نیگومبو,நீர்கொழும்பு,මීගමුව,ニゴンボ,內貢博",137223,11500
1244498,LK,,KE,7.3073,80.3043,,,Kegalle,,Helamada,Helamada,,0,71046
1246257,LK,,KG,7.9645,80.3232,,,Kurunegala,,Gallewa,Gallewa,,0,60712
1251116,LK,,KY,7.4242,80.574,,,Kandy,,Ankumbura,Ankumbura-Udagama,,0,20150
8302935,LK,,KY,7.1998,80.7552,,,Kandy,,Unuwinna,Unuwinna,,0,20708
1235855,LK,,MT,7.4698,80.6217,,,Matale,,Matale,Matale,"Matale,Matale Town,matare,mattalai,Матале,ماتالے,மாத்தளை,මාතලේ,マータレー",36462,21000
1236470,LK,,KE,6.8886,80.4285,,,Kegalle,,Maliboda,Maliboda Estate,"Ihala Maliboda,Maliboda,Maliboda Estate",0,71411
1251347,LK,,PX,7.8786,80.008,,,Puttalam,,Anamaduwa,Anamaduwa,,0,61500
1226176,LK,,KE,7.4944,79.9094,,,Kegalle,,Tuntota,Tuntota,,0,71062
1229396,LK,,AD,8.6113,80.4715,,,Anuradhapura,,Punewa,Punewa,,0,50506
1230674,LK,,RN,6.5434,80.4528,,,Ratnapura,,Pebotuwa,Pebotuwa,,0,70045
1247142,LK,,HB,6.3362,81.2441,,,Hambantota,,Ellagala,Ellagala,,0,82619
1251127,LK,,KE,6.9221,80.374,,,Kegalle,,Anhettigama,Anhettigama,,0,71403
1223738,LK,,MH,5.97501,80.42968,,,Matara,,Weligama,Weligama,Weligama,22179,81700
1237497,LK,,KG,7.70611,80.49639,,,Kurunegala,,Madahapola,Madahapola,,0,60552
1241076,LK,,MJ,6.4134,81.3346,,,Moneragala,,Sella Kataragama,Kataragama,"Kataragama,Катарагама",20935,91405
1241076,LK,,MJ,6.4134,81.3346,,,Moneragala,,Kataragama,Kataragama,"Kataragama,Катарагама",20935,91400
1230002,LK,,KY,7.3472,80.5208,,,Kandy,,Poholiyadda,Poholiyadda,"Pohaliyadda,Poholiadda,Poholiyadda",0,20106
1232508,LK,,MT,7.45,80.56667,,,Matale,,Ovilikanda,Ovilikanda,"Ovilikanda,Owilikanda",0,21020
1240843,LK,,MT,7.5813,80.6267,,,Matale,,Kavudupelella,Kavudupelella,"Kavudupelella,Kawdupelella,Kawudupelella",0,21072
1244138,LK,,KY,7.2333,80.6,,,Kandy,,Hindagala,Hindagala,,0,20414
1248411,LK,,KY,7.01667,80.51667,,,Kandy,,Dekinda,Dekinda,Dekinda,0,20658
7616486,LK,,BD,6.8975,80.8705,,,Badulla,,Keppetipola,Keppetipola,Keppetipola,0,90350
1233410,LK,,GQ,7.0393,80.0197,,,Gampaha,,Nedungamuwa,Nedungamuwa,"Nedungamuwa,Nedungomuwa",0,11066
1241750,LK,,GQ,7.048,79.8937,,,Gampaha,,Kandana,Kandana,Kandana,33424,11320
1242184,LK,,BC,7.91667,81.56667,,,Batticaloa,,Kalkudah,Kalkudah,"Kal Kuda,Kalkudah",0,30410
1245472,LK,,TC,8.6749,80.9548,,,Trincomalee,,Gomarankadawala,Gomarankadawala,"Gomarankadawala,Gomarankadawela,Komarankatavai",0,31026
7433841,LK,,BD,7.2388,80.7293,,,Badulla,,Dulgolla,Dulgolla,,0,90104
7617892,LK,,APR,6.9952,81.3703,,,Ampara,,Namaloya,Namaloya Colony,,0,32037
7630378,LK,,BD,6.8945,81.1361,,,Badulla,,Bibilegama,Bibilegama West,,0,90502
1224346,LK,,GQ,7.0504,79.9226,,,Gampaha,,Walpola (WP),Walpola,,0,11012
1230932,LK,,AD,8.3864,80.3725,,,Anuradhapura,,Parasangahawewa,Parasangahawewa,,0,50055
1231035,LK,,MH,6.2328,80.5321,,,Matara,,Paragala,Paragala,,0,81474
1248607,LK,,PX,7.2964,79.8715,,,Puttalam,,Dankotuwa,Dankotuwa Town,"Dankotuwa,Dankotuwa Town",0,61130
1250599,LK,,KT,6.5084,80.2329,,,Kalutara,,Baduraliya,Baduraliya,"Baduraliya,Badureliya",0,12230
1250977,LK,,BD,7.1591,81.0761,,,Badulla,,Arawa,Arawa,,0,90017
1251993,LK,,KE,7.1259,80.3246,,,Kegalle,,Alawatura,Alawatura,,0,71204
1224688,LK,,KT,6.6686,79.9253,,,Kalutara,,Wadduwa,Meda Wadduwa,"Meda Wadduwa,Wadduwa",0,12560
1234316,LK,,PX,7.8087,79.8246,,,Puttalam,,Mundel,Mundel,"Mudal,Mundal,Mundel",0,61250
1247232,LK,,RN,6.6546,80.3712,,,Ratnapura,,Elapatha,Elapatha South,"Elapata,Elapatha,Elapatha South",0,70032
1249996,LK,,GQ,7.1229,80.0239,,,Gampaha,,Bemmulla,Bemmulla,,0,11040
1228183,LK,,MT,7.5916,80.5899,,,Matale,,Selagama,Selagama,Selagama,0,21058
1239611,LK,,RN,6.5681,80.4947,,,Ratnapura,,Kolombugama,Kolombugama,,0,70403
1243728,LK,,KG,7.60972,80.3925,,,Kurunegala,,Hunupola,Hunupola,,0,60582
1251574,LK,,GL,6.2355,80.0538,,,Galle,,Ambalangoda,Ambalangoda,"Ambalangoda,Ambalangoddi",20133,80300
1252196,LK,,GL,6.3136,80.0322,,,Galle,,Ahungalla,Ahungalla,Ahungalla,0,80562
7442098,LK,,TC,8.3249,80.9794,,,Trincomalee,,Agbopura,Agbopura,,0,31304
1223342,LK,,KG,7.41667,80.1,,,Kurunegala,,Wewagama,Wewagama,,0,60195
1225991,LK,,NW,7.0854,80.9165,,,Nuwara Eliya,,Udamadura,Udamadura,Udamadura,0,22285
1229655,LK,,AD,7.9261,80.5936,,,Anuradhapura,,Pubbogama,Pubbogama,,0,50122
1234639,LK,,KG,7.5073,80.4875,,,Kurunegala,,Morathiha,Morathiha Viharagama,"Morathiha Viharagama,Moratihe Viharagama",0,60038
1237463,LK,,PX,7.4979,79.8381,,,Puttalam,,Madampe,Madampe,"Madampe,Silva Town",0,61230
1244640,LK,,KY,7.3369,80.4658,,,Kandy,,Hataraliyadda,Hataraliyadda,Hataraliyadda,0,20060
1245770,LK,,RN,6.9052,80.2193,,,Ratnapura,,Getahetta,Getahetta,,0,70620
1247193,LK,,AD,8.3955,80.3103,,,Anuradhapura,,Elayapattuwa,Elayapattuwa,,0,50014
1224481,LK,,MH,5.99111,80.70194,,,Matara,,Walasgala,Walasgala,Walasgala,0,81220
1230021,LK,,GL,6.112,80.2105,,,Galle,,Poddala,Poddala,,0,80170
1239148,LK,,NW,6.9284,80.6061,,,Nuwara Eliya,,Kotagala,Kotagala,"Kotagala,Kotagala Town",0,22080
1240107,LK,,KG,7.4982,80.0977,,,Kurunegala,,Kirindawa,Kirindawa,,0,60212
1240637,LK,,KG,7.4939,80.1697,,,Kurunegala,,Kekunagolla,Kekunagolla,,0,60183
1241415,LK,,KG,7.4996,80.0548,,,Kurunegala,,Karagahagedara,Karagahagedara,,0,60106
1242775,LK,,HB,6.2212,80.7383,,,Hambantota,,Julampitiya,Julampitiya,"Jalampitiya,Julampitiya",0,82252
1250066,LK,,HB,6.0496,80.73252,,,Hambantota,,Beliatta,Beliatta,Beliatta,0,82400
1225896,LK,,KY,7.1727,80.8149,,,Kandy,,Udawatta,Udawatta,,0,20722
1236609,LK,,KY,7.33333,80.78333,,,Kandy,,Makuldeniya,Makuldeniya,Makuldeniya,0,20921
1248722,LK,,MH,6.2717,80.631,,,Matara,,Dampahala,Dampahala West,"Dampahala,Dampahala West",0,81612
1249810,LK,,BD,6.86306,80.86389,,,Badulla,,Bogahakumbura,Bogahakumbura,Bogahakumbura,0,90354
1251182,LK,,AD,8.1812,80.2013,,,Anuradhapura,,Angamuwa,Angamuwa,,0,50248
1223961,LK,,GQ,7.0176,79.9946,,,Gampaha,,Weboda,Weboda North,"Weboda,Weboda North",0,11858
1225643,LK,,RN,6.3649,80.6089,,,Ratnapura,,Ullinduwawa,Ullinduwawa,,0,70345
1228996,LK,,KE,7.31639,80.39056,,,Kegalle,,Rambukkana,Rambukkana,"Rambukkana,Rambukkana Bazaar",0,71100
1229787,LK,,KT,6.7373,80.1178,,,Kalutara,,Poruwedanda,Poruwedanda,,0,12432
1236114,LK,,GL,6.2307,80.3254,,,Galle,,Mapalagama,Mapalagama,,0,80112
1245504,LK,,BD,7.0691,80.9803,,,Badulla,,Godunna,Godunna,,0,90067
1247018,LK,,RN,6.34389,80.84889,,,Ratnapura,,Embilipitiya,Embilipitiya,"Embilipitiya,Embilipitiya Pallegama",0,70200
1239513,LK,,KE,7.265,80.433,,,Kegalle,,Kondeniya,Kondeniya,,0,71501
1243667,LK,,BD,6.7819,80.8931,,,Badulla,,Idalgashinna,Idalgashinna,Idalgashinna,0,96167
1248352,LK,,KE,6.9582,80.3174,,,Kegalle,,Deloluwa,Deloluwa,,0,71401
1248423,LK,,CO,6.85626,79.86159,,,Colombo,,Dehiwala,Dehiwala,"Dehiwala,Dehiwela",0,10350
1250859,LK,,KE,7.1453,80.2839,,,Kegalle,,Atale,Atale,,0,71363
1222862,LK,,GL,6.1619,80.2766,,,Galle,,Yatalamatta,Yatalamatta,,0,80107
1223580,LK,,KG,7.5556,80.3728,,,Kurunegala,,Wellawa,Wellawa,,0,60570
1242110,LK,,APR,7.40902,81.83472,,,Ampara,,Kalmunai,Kalmunai,Kalmunai,100171,32300
1247167,LK,,KG,7.3146,80.0516,,,Kurunegala,,Elibichchiya,Elibichchiya,"Elibichchiya,Elibichiya",0,60156
7542705,LK,,GQ,7.1371,79.9034,,,Gampaha,,Raddolugama,Raddolugama,"Raddolugama,Udagama",0,11400
1241174,LK,,MH,6.06667,80.66667,,,Matara,,Karatota,Karatota,,0,81318
1245164,LK,,CO,6.8708,80.0092,,,Colombo,,Habarakada,Habarakada,,0,10204
7474855,LK,,BD,7.0214,81.0879,,,Badulla,,Kuttiyagolla,Kuttiyagolla East,,0,90046
1226325,LK,,PX,7.4925,79.8061,,,Puttalam,,Toduwawa,Toduwawa North,"Toduwawa,Toduwawa North",0,61224
1228912,LK,,KY,7.35307,80.78355,,,Kandy,,Rangala,Rangala,Rangala,0,20922
1232828,LK,,KY,7.2291,80.6889,,,Kandy,,Nugaliyadda,Nugaliyadda,Nugaliyadda,0,20204
1239696,LK,,APR,7.186,81.5733,,,Ampara,,Koknahara,Koknahara,"Koknahara,Kokunarai",0,32035
1240244,LK,,BC,7.6,81.76667,,,Batticaloa,,Kirankulam,Kirankulam,,0,30159
1249380,LK,,HB,6.1899,81.267,,,Hambantota,,Bundala,Bundala Wellagangoda,"Bundala,Bundala Wellagangoda,Bundala Wellegangoda",0,82002
1249566,LK,,KE,7.1471,80.3992,,,Kegalle,,Bossella,Bossella,,0,71208
1250447,LK,,CO,6.8914,79.855,,,Colombo,,Bambalapitiya,Bambalapitiya,Bambalapitiya,0,00400
1235879,LK,,NW,6.8343,80.5676,,,Nuwara Eliya,,Maskeliya,Maskeliya,Maskeliya,0,22070
1241403,LK,,AD,8.2453,80.3307,,,Anuradhapura,,Karagahawewa,Karagahawewa,,0,50232
1243903,LK,,CO,6.8107,80.0466,,,Colombo,,Horagala,Horagala,,0,10502
1250872,LK,,KY,7.1354,80.6091,,,Kandy,,Atabage,Atabage Pallegama,"Atabage,Atabage Pallegama",0,20574
7433823,LK,,KY,7.2959,80.7361,,,Kandy,,Rajawella,Rajawella Colony,,0,20180
1233889,LK,,KG,7.4541,80.1358,,,Kurunegala,,Nakkawatta,Nakkawatta,,0,60186
1238375,LK,,GQ,7.1763,80.0827,,,Gampaha,,Kumbaloluwa,Kumbaloluwa,,0,11105
1242511,LK,,CO,6.9339,79.982,,,Colombo,,Kaduwela,Kaduwela,Kaduwela,0,10640
1244165,LK,,KG,7.75,80.08333,,,Kurunegala,,Hilogama,Hilogama,,0,60486
1245287,LK,,KT,6.6743,80.1159,,,Kalutara,,Govinna,Govinna,"Govinna,Gowinna",0,12310
1251459,LK,,APR,7.29754,81.68202,,,Ampara,,Ampara,Ampara,"ADP,Ampara,Amparai,Ampari",18348,32000
7622641,LK,,HB,6.3391,81.2571,,,Hambantota,,Beralihela,Beralihela,,0,82618
1223207,LK,,RN,6.6192,80.7415,,,Ratnapura,,Wikiliya,Wikiliya,,0,70114
1230058,LK,,GL,6.3517,80.2162,,,Galle,,Pitigala,Pitigala,,0,80420
1230537,LK,,BD,6.9378,80.8389,,,Badulla,,Perawella,Perawella,,0,90222
1231422,LK,,GQ,7.10056,79.84806,,,Gampaha,,Pamunugama,Pamunugama,,0,11370
1232629,LK,,APR,7.28333,81.85,,,Ampara,,Oluvil,Oluvil,Oluvil,0,32360
1241176,LK,,APR,7.38333,81.83333,,,Ampara,,Karativu,Karativu,,0,32250
1251135,LK,,KT,6.63833,80.08611,,,Kalutara,,Anguruwatota,Anguruwatota,,0,12320
1231363,LK,,APR,6.7552,81.8036,,,Ampara,,Panama,Panama,"Panama,Panawa",0,32508
1232245,LK,,PX,7.3685,79.8314,,,Puttalam,,Katuneriya,Pahala Katuneriya,"Katuneriya,Pahala Katuneriya",0,61180
1250651,LK,,GQ,7.2976,79.9844,,,Gampaha,,Badalgama,Badalgama,,0,11538
1251969,LK,,KE,7.1627,80.1681,,,Kegalle,,Algama,Algama Medagama,"Algama,Algama Medagama",0,71607
1227408,LK,,GQ,7.1624,79.8246,,,Gampaha,,Talahena,Talahena,"Talahena,Talahera",0,11504
1235107,LK,,AD,8.3593,80.5103,,,Anuradhapura,,Mihintale,Mihintale,Mihintale,5000,50300
1244135,LK,,KG,7.484,80.4118,,,Kurunegala,,Hindagolla,Hindagolla,,0,60034
1224021,LK,,PX,7.4662,79.9101,,,Puttalam,,Watugahamulla,Watugahamulla,,0,61198
1243115,LK,,MT,7.5716,80.6707,,,Matale,,Imbulgolla,Imbulgolla,Imbulgolla,0,21064
1244248,LK,,KE,7.3858,80.3878,,,Kegalle,,Hewadiwela,Hewadiwela,,0,71108
1245761,LK,,HB,6.03333,80.68333,,,Hambantota,,Getamanna,Getamanna South,"Getamanna,Getamanna South",0,82420
1247442,LK,,AD,8.31667,80.75,,,Anuradhapura,,Dutuwewa,Dutuwewa,,0,50393
8355369,LK,,KG,7.3423,80.079,,,Kurunegala,,Labbala,Labbala,,0,60162
1226796,LK,,KY,7.2809,80.6531,,,Kandy,,Tennekumbura,Tennekumbura,,0,20166
1235741,LK,,KE,7.2519,80.4453,,,Kegalle,,Mawanella,Mawanella,"Mawanella,Mawanella Town",0,71500
1240500,LK,,KG,7.326,80.1821,,,Kurunegala,,Keppitiwalana,Keppitiwalana,"Keppitiwala,Keppitiwalana",0,60288
1245596,LK,,RN,6.8848,80.3119,,,Ratnapura,,Godagampola,Godagampola,,0,70556
1246659,LK,,RN,6.5168,80.5451,,,Ratnapura,,Gabbela,Gabbela,,0,70156
1251159,LK,,GL,6.0359,80.3156,,,Galle,,Angulugaha,Angulugaha,,0,80122
7474988,LK,,BD,7.0053,81.0743,,,Badulla,,Nelumgama,Nelumgama,,0,90042
1222856,LK,,KE,7.1369,80.3068,,,Kegalle,,Yatapana,Yatapana,Yatapana,0,71326
1224449,LK,,MT,7.5219,80.5981,,,Matale,,Walawela,Walawela,,0,21048
1246453,LK,,AD,8.28333,80.71667,,,Anuradhapura,,Galenbindunuwewa,Galenbindunuwewa,"Galenbindunuwewa,Galenbinduwewa",0,50390
1248270,LK,,AD,8.28333,80.66667,,,Anuradhapura,,Dematawewa,Dematawewa,,0,50356
1224290,LK,,GL,6.1305,80.2521,,,Galle,,Wanduramba,Wanduramba,,0,80100
1229017,LK,,AD,8.4423,80.5054,,,Anuradhapura,,Rambewa,Rambewa,,0,50450
1237323,LK,,KY,7.26667,80.88333,,,Kandy,,Madugalla,Madugalla,,0,20938
1242796,LK,,PR,8.0,81.0,,,Polonnaruwa,,Jayanthipura,Jayanthipura,,0,51024
1243605,LK,,HB,6.09472,80.74111,,,Hambantota,,Ihala Beligalla,Ihala Beligalla,Ihala Beligalla,0,82412
1248615,LK,,MT,7.5293,80.6989,,,Matale,,Dankanda,Dankanda,Dankanda,0,21032
1224195,LK,,KE,7.2226,80.1887,,,Kegalle,,Warakapola,Warakapola,,0,71600
1225685,LK,,KG,7.463,80.2924,,,Kurunegala,,Uhumiya,Uhumiya,,0,60094
1227737,LK,,KG,7.6734,80.4748,,,Kurunegala,,Siyambalangamuwa,Siyambalangamuwa,"Siyambalangamuwa,Siyambalangomuwa,Siyambalanwatta",0,60646
1235499,LK,,BD,6.976,81.1712,,,Badulla,,Medawelagama,Medawelagama,"Medawela,Medawelagama",0,90518
1244955,LK,,KT,6.4137,80.1097,,,Kalutara,,Halwala,Halwala,,0,12118
1251489,LK,,KE,7.0273,80.1836,,,Kegalle,,Amitirigala,Amitirigala,,0,71320
7616479,LK,,BD,6.8258,80.9291,,,Badulla,,Galedanda,Galedanda,,0,90206
1222847,LK,,MT,7.5649,80.5821,,,Matale,,Yatawatta,Yatawatta,Yatawatta,0,21056
1229323,LK,,KY,7.1073,80.6322,,,Kandy,,Pussellawa,Pussellawa,Pussellawa,0,20580
1232934,LK,,GQ,7.0815,79.9308,,,Gampaha,,Niwandama,Niwandama South,"Niwandama,Niwandama South",0,11354
1236377,LK,,HB,6.1614,80.9701,,,Hambantota,,Mamadala,Mamadala,"Mamadala,Mamodala",0,82109
1241893,LK,,MH,5.94861,80.50056,,,Matara,,Kamburugamuwa,Kamburugamuwa,,0,81750
1245049,LK,,BD,6.9536,81.0299,,,Badulla,,Hali Ela,Hali-Ela,,0,90060
1247457,LK,,KY,7.3792,80.6429,,,Kandy,,Dunuwila,Dunuwila South,"Dunuwila,Dunuwila South",0,20824
1223908,LK,,KG,7.6476,79.9904,,,Kurunegala,,Weerapokuna,Weerapokuna,"Weerapokuna,Wirapokuna",0,60454
1245117,LK,,KE,7.2032,80.2956,,,Kegalle,,Hakahinna,Hakahinna,,0,71352
1225193,LK,,BC,7.91667,81.43333,,,Batticaloa,,Vakaneri,Vakaneri,,0,30424
1232409,LK,,NW,7.0877,80.8044,,,Nuwara Eliya,,Padiyapelella,Padiyapelella,"Maligatenna,Padiyapelella",0,20750
1240994,LK,,KY,7.3276,80.6212,,,Kandy,,Katugastota,Katugastota,Katugastota,0,20800
1244104,LK,,KE,6.9154,80.2972,,,Kegalle,,Hinguralakanda,Hinguralakanda,,0,71417
1251226,LK,,AD,7.9,80.52611,,,Anuradhapura,,Andiyagala,Andiyagala,,0,50112
1231559,LK,,AD,8.0577,80.707,,,Anuradhapura,,Palugaswewa,Palugaswewa,,0,50144
1231673,LK,,GQ,7.2,80.08333,,,Gampaha,,Pallewela,Pallewela,,0,11150
1235823,LK,,GL,6.3041,80.2522,,,Galle,,Mattaka,Mattaka,"Mattaka,Mattaka Junction",0,80424
1224003,LK,,KE,7.1845,80.3794,,,Kegalle,,Watura,Watura,,0,71035
1229657,LK,,MT,7.73333,80.71667,,,Matale,,Pubbiliya,Pubbiliya,,0,21502
1235863,LK,,NW,7.06667,80.63333,,,Nuwara Eliya,,Maswela,Maswela,Maswela,0,20566
1236411,LK,,KE,7.1364,80.2738,,,Kegalle,,Malmaduwa,Malmaduwa,,0,71325
1236613,LK,,GQ,6.9824,79.9531,,,Gampaha,,Makola,Makola North,,0,11640
1247114,LK,,RN,6.8092,80.2699,,,Ratnapura,,Ellawala,Ellawala Ihalagama,"Ellawala,Ellawala Ihalagama",0,70606
1249605,LK,,CO,6.8382,79.9104,,,Colombo,,Boralesgamuwa,Boralesgamuwa South,"Boralesgamuwa,Boralesgamuwa South,Boralesgomuwa",0,10290
1227066,LK,,TC,8.4995,81.0972,,,Trincomalee,,Tampalakamam,Tampalakamam,,0,31046
1234257,LK,,AD,8.23333,80.65,,,Anuradhapura,,Muriyakadawala,Muriyakadawala,,0,50344
1237304,LK,,NW,7.0462,80.9034,,,Nuwara Eliya,,Madulla,Madulla Ihalagama,"Madulla,Madulla Ihalagama",0,22256
1237567,LK,,HB,6.1074,80.9783,,,Hambantota,,Lunama,Lunama,Lunama,0,82108
1242004,LK,,KG,7.4498,80.2614,,,Kurunegala,,Kalugamuwa,Kalugamuwa,"Kalugamuwa,Kalugomuwa",0,60096
1226888,LK,,KY,7.29694,80.76861,,,Kandy,,Teldeniya,Teldeniya,"Teldeniya,Teldeniya Town,Teldiniya",0,20900
1235530,LK,,HB,6.1783,80.7692,,,Hambantota,,Medamulana,Medamulana,,0,82254
8355686,LK,,NW,7.0568,80.8074,,,Nuwara Eliya,,Gonakele,Gonakele,,0,22226
1223724,LK,,KE,7.0281,80.3348,,,Kegalle,,Welihelatenna,Welihelatenna,,0,71712
1226883,LK,,AD,8.1535,80.3244,,,Anuradhapura,,Telhiriyawa,Telhiriyawa,,0,50242
1229077,LK,,RN,6.4725,80.6106,,,Ratnapura,,Rakwana,Rakwana,Rakwana,0,70300
1230110,LK,,MH,6.2014,80.4593,,,Matara,,Pitabeddara,Pitabeddara,"Pitabeddara,Pitabeddera",0,81450
1231150,LK,,APR,7.0724,81.6065,,,Ampara,,Pannalagama,Pannalagama,,0,32022
1237940,LK,,RN,6.7765,80.3621,,,Ratnapura,,Kuruwita,Kuruwita,Kuruwita,0,70500
1236386,LK,,APR,7.33333,81.73333,,,Ampara,,Malwatta,Malwatta,"Malvattai,Malwatta,Malwattai",0,32198
1242256,LK,,RN,6.5391,80.4039,,,Ratnapura,,Kalawana,Kalawana,,0,70450
1246439,LK,,MT,7.75889,80.56833,,,Matale,,Galewela,Galewela,Galewela,0,21200
1248403,LK,,KE,7.2863,80.3626,,,Kegalle,,Deldeniya,Deldeniya,,0,71009
1251437,LK,,GL,6.3205,80.2173,,,Galle,,Amugoda,Amugoda,,0,80422
1222841,LK,,KG,7.3315,80.2633,,,Kurunegala,,Yatigaloluwa,Yatigaloluwa,,0,60314
1229611,LK,,GQ,6.9911,80.1197,,,Gampaha,,Pugoda,Pugoda,,0,10660
1234633,LK,,CO,6.773,79.8816,,,Colombo,,Moratuwa,Moratuwa,"Moratuva,Moratuwa,mo la tu wa,morato~uwa,morattuvai,mwratwwa,Моратува,موراتووا,மொறட்டுவை,මොරටුව,モラトゥワ,莫拉圖瓦",185031,10400
1242329,LK,,NW,7.1,80.9,,,Nuwara Eliya,,Kalaganwatta,Kalaganwatta,Kalaganwatta,0,22282
1225341,LK,,MH,6.1563,80.5151,,,Matara,,Urumutta,Urumutta,,0,81414
1235786,LK,,BD,6.9091,81.1323,,,Badulla,,Maussagolla,Maussagolla West,"Mausagolla,Maussagalla,Maussagolla,Maussagolla West",0,90582
1246494,LK,,KY,6.9864,80.5295,,,Kandy,,Galaboda,Galaboda,"Galaboda,Galboda",0,20664
1247593,LK,,KE,7.1839,80.2198,,,Kegalle,,Dorawaka,Dorawaka,,0,71601
7441915,LK,,AD,8.4225,81.0541,,,Anuradhapura,,Saliyapura,Saliyapura,,0,50008
7616489,LK,,BD,6.8447,81.0199,,,Badulla,,Heeloya,Heeloya,,0,90112
1224156,LK,,KG,7.6177,80.245,,,Kurunegala,,Wariyapola,Wariyapola,,0,60400
1224650,LK,,KG,7.4073,79.9731,,,Kurunegala,,Wadumunnegedara,Wadumunnegedara,,0,60204
1231154,LK,,KG,7.333,80.0329,,,Kurunegala,,Pannala,Pannala,Pannala,0,60160
1234918,LK,,RN,6.8279,80.2251,,,Ratnapura,,Mitipola,Mitipola,,0,70604
1246026,LK,,MT,7.5686,80.6961,,,Matale,,Gammaduwa,Gammaduwa,Gammaduwa,0,21068
1249904,LK,,MJ,7.1577,81.2192,,,Moneragala,,Bibile,Bibile,"Bibila,Bibila Town,Bibile",0,91500
1252208,LK,,GL,5.9896,80.3598,,,Galle,,Ahangama,Ahangama,"Ahangama,Ahangama Nakanda",0,80650
1251246,LK,,PX,7.7768,79.9465,,,Puttalam,,Andigama,Andigama,,0,61508
1222802,LK,,KE,7.2393,80.2857,,,Kegalle,,Yattogoda,Yattogoda,,0,71029
1230553,LK,,KY,7.2622,80.5841,,,Kandy,,Uda Peradeniya,Peradeniya,"Old Peradeniya,Peradeniya,Peradenya",0,20404
1230553,LK,,KY,7.2622,80.5841,,,Kandy,,Peradeniya,Peradeniya,"Old Peradeniya,Peradeniya,Peradenya",0,20400
1242066,LK,,MH,6.31667,80.4,,,Matara,,Kalubowitiyana,Kalubowitiyana,,0,81478
1248200,LK,,MH,6.3461,80.5515,,,Matara,,Deniyaya,Deniyaya,Deniyaya,0,81500
1235002,LK,,KG,7.71667,80.25,,,Kurunegala,,Minuwangete,Minuwangete,,0,60406
1238328,LK,,MJ,6.8235,81.3068,,,Moneragala,,Kumbukkana,Kumbukkana Town,"Kumbukkana,Kumbukkana Town",0,91098
1243012,LK,,KG,7.1783,80.6023,,,Kurunegala,,Inguruwatta,Inguruwatta,Inguruwatta,0,60064
1245584,LK,,GL,6.2393,80.0752,,,Galle,,Godahena,Godahena,,0,80302
1251441,LK,,KY,7.2715,80.656,,,Kandy,,Ampitiya,Ampitiya,"Ampitiya,Ampitiya Udagama",0,20160
1231367,LK,,KG,7.3391,80.335,,,Kurunegala,,Panaliya,Panaliya,,0,60312
1243936,LK,,CO,6.844,80.0024,,,Colombo,,Pitipana Homagama,Homagama,Homagama,34664,10206
1243936,LK,,CO,6.844,80.0024,,,Colombo,,Homagama,Homagama,Homagama,34664,10200
1251767,LK,,GL,6.1776,80.1386,,,Galle,,Aluthwala,Aluthwala,"Aluthwala,Alutwala",0,80332
8304311,LK,,KE,6.9558,80.396,,,Kegalle,,Noori,Noori,"Noori,Noori Estate",0,71407
1229126,LK,,GQ,7.0292,79.917,,,Gampaha,,Ragama,Ragama,Ragama,0,11010
1231417,LK,,GQ,7.2127,80.1375,,,Gampaha,,Pamunuwatta,Pamunuwatta,,0,11214
1234933,LK,,BD,6.9,81.16667,,,Badulla,,Miriyabedda,Miriyabedda,,0,90504
1245409,LK,,GL,6.1458,80.1384,,,Galle,,Gonapinuwala,Gonapinuwala West,"Gonapinuwala,Gonapinuwala West,Gonapinuwela",0,80230
1247468,LK,,AD,7.9169,80.0505,,,Anuradhapura,,Dunumadalawa,Dunumadalawa,"Dunumadalawa,Dunumandalawa,Dunumandalewa",0,50214
1248815,LK,,MJ,6.9557,81.367,,,Moneragala,,Dambagalla,Dambagalla,,0,91050
1249606,LK,,KE,6.9721,80.3285,,,Kegalle,,Boralankada,Boralankada,"Boralankada,Boralankanda",0,71418
1251631,LK,,GQ,7.0821,80.0616,,,Gampaha,,Ambagaspitiya,Ambagaspitiya,Ambagaspitiya,0,11052
1224133,LK,,NW,6.9704,80.6493,,,Nuwara Eliya,,Watagoda,Watagoda,,0,22110
1225505,LK,,KE,7.1456,80.3633,,,Kegalle,,Undugoda,Undugoda,,0,71200
1236591,LK,,KG,7.74222,80.44667,,,Kurunegala,,Makulpotha,Makulpotha,"Makulpota,Makulpotha",0,60514
1247525,LK,,KG,7.4893,79.8925,,,Kurunegala,,Dummalasuriya,Dummalasuriya,,0,60260
1245944,LK,,GL,6.3223,80.1516,,,Galle,,Ganegoda,Ganegoda,,0,80440
1229096,LK,,AD,8.062,80.251,,,Anuradhapura,,Rajanganaya,Rajanganaya,"Rajanganaya,Rajangane",0,50246
1228596,LK,,KY,7.144,80.7834,,,Kandy,,Rikillagaskada,Rikillagaskada,"Rikillagaskada,Rikkiligaskada",0,20730
1231455,LK,,RN,6.7282,80.6921,,,Ratnapura,,Pambagolla,Pambagolla,,0,70133
1232981,LK,,APR,7.34976,81.85304,,,Ampara,,Nintavur,Nintavur,"Nindavur,Nintavur",0,32340
1238227,LK,,TC,8.7353,81.1623,,,Trincomalee,,Kumburupiddy,Kumburupiddy,"Kumburupiddi,Kumburupiddy,Kumpiripiddi,Kumpurupiddi",0,31012
1248322,LK,,GQ,6.9879,80.0483,,,Gampaha,,Demalagama,Demalagama,,0,11692
1223434,LK,,KY,7.31667,80.58333,,,Kandy,,Werellagama,Werellagama,,0,20080
1225829,LK,,KG,7.4759,79.9655,,,Kurunegala,,Udubaddawa,Udubaddawa,"Udubaddawa,Udubaddawe Ihalagama",0,60250
1240114,LK,,HB,6.2186,81.3256,,,Hambantota,,Kirinda,Kirinda,,0,82614
1226285,LK,,KG,7.5069,80.4061,,,Kurunegala,,Torayaya,Torayaya,"Toraiya,Torayaya",0,60499
1233894,LK,,GL,6.1439,80.3353,,,Galle,,Nakiyadeniya,Nakiyadeniya Pahala,"Nakiadeniya,Nakiyadeniya,Nakiyadeniya Pahala",0,80064
1236468,LK,,MH,6.1252,80.4069,,,Matara,,Maliduwa,Pahala Maliduwa,"Maliduwa,Pahala Maliduwa",0,81424
1243026,LK,,MJ,7.2233,81.541,,,Moneragala,,Inginiyagala,Inginiyagala,"Inginiyagala,Inginiyalgala",0,91040
1243859,LK,,MH,6.1069,80.5866,,,Matara,,Horapawita,Horapawita,,0,81108
1246608,LK,,KY,7.1979,80.6645,,,Kandy,,Galaha,Galaha,"Galaha,Galaha Town",0,20420
1248742,LK,,RN,6.7105,80.3324,,,Ratnapura,,Dambuluwana,Dambuluwana,,0,70019
7547178,LK,,RN,6.6112,80.7142,,,Ratnapura,,Talakolahinna,Talakolahinna,,0,70101
1229599,LK,,BD,6.9028,80.9238,,,Badulla,,Puhulpola,Puhulpola,,0,90212
1232807,LK,,CO,6.8735,79.8899,,,Colombo,,Nugegoda,Nugegoda,"Nugegoda,Nugeoda",0,10250
1236977,LK,,PX,7.8393,79.8924,,,Puttalam,,Mahakumbukkadawala,Mahakumbukkadawala,,0,61272
1242081,LK,,GQ,6.9173,80.1109,,,Gampaha,,Kaluaggala,Kaluaggala,,0,11224
1242926,LK,,KG,7.4731,80.5458,,,Kurunegala,,Iriyagolla,Iriyagolla,,0,60045
1245886,LK,,MJ,7.0154,81.4243,,,Moneragala,,Uva Gangodagama,Gangodagama,,0,91054
1252021,LK,,MH,6.2738,80.4557,,,Matara,,Alapaladeniya,Alapaladeniya,,0,81475
1228872,LK,,AD,7.9267,80.1213,,,Anuradhapura,,Ranorawa,Ranorawa,"Ranorawa,Ranorewa",0,50212
1233716,LK,,KG,7.4337,80.1971,,,Kurunegala,,Narammala,Narammala,Narammala,0,60100
1234650,LK,,KT,6.5352,80.263,,,Kalutara,,Morapitiya,Morapitiya,,0,12232
1237067,LK,,KG,7.83333,80.13333,,,Kurunegala,,Mahagirilla,Mahagirilla,,0,60479
1249456,LK,,PX,7.3299,79.9272,,,Puttalam,,Bujjampola,Bujjampola,,0,61136
1251597,LK,,KG,7.492,80.4532,,,Kurunegala,,Ambakote,Ambakote,,0,60036
1230087,LK,,MJ,7.1841,81.2816,,,Moneragala,,Pitakumbura,Pitakumbura,,0,91505
1235047,LK,,KY,7.43333,80.83333,,,Kandy,,Mimure,Mimure,"Mimura,Mimure",0,20923
1235972,LK,,PX,7.4106,79.828,,,Puttalam,,Marawila,Marawila Town,"Marawila,Marawila Town,Mirawila",0,61210
1250188,LK,,GL,6.2216,80.1254,,,Galle,,Batapola,Batapola,Batapola,0,80320
1223196,LK,,MJ,6.8261,81.4907,,,Moneragala,,Wilaoya,Wilaoya,,0,91022
1227667,LK,,CO,6.91667,79.85,,,Colombo,,Slave Island,Slave Island,Slave Island,0,00200
1239242,LK,,CO,6.9404,80.1276,,,Colombo,,Kosgama,Kosgama Pahala,"Kosgama,Kosgama Pahala",0,10730
1241080,LK,,GQ,7.2503,79.8957,,,Gampaha,,Katana,Katana West,"Katana,Katana West",0,11534
1244108,LK,,PR,8.03333,80.95,,,Polonnaruwa,,Hingurakgoda,Hingurakgoda,"HIM,Hingurakgoda",0,51400
1225692,LK,,APR,7.36667,81.63333,,,Ampara,,Uhana,Uhana,"Uhana,Usana",0,32060
1235510,LK,,AD,8.5345,80.4923,,,Anuradhapura,,Medawachchiya,Medawachchiya,"Madawachchiya,Medawachchiya",0,50500
1235977,LK,,MJ,6.8169,81.3743,,,Moneragala,,Marawa,Marawa,,0,91006
1246529,LK,,KE,7.21667,80.41667,,,Kegalle,,Galatara,Galatara,,0,71505
1247698,LK,,KT,6.5531,80.0223,,,Kalutara,,Dodangoda,Dodangoda West,"Dodangoda,Dodangoda West",0,12020
1248847,LK,,APR,7.2007,81.6542,,,Ampara,,Damana,Damana,,0,32014
10344865,LK,,MT,7.58333,80.9667,,,Matale,,Devagiriya,Devagiriya,,0,21552
1232783,LK,,NW,6.97078,80.78286,,,Nuwara Eliya,,Nuwara Eliya,Nuwara Eliya,"NUA,Nuvara-Ehlija,Nuvara-Elija,Nuwara Elija,Nuwara Eliya,Nuwari Eliya,nu wo lei ai li ye,nuvareliya,nuwala elliya,nwara alya,nwwara alyya,Нувара-Елія,Нувара-Элия,نوارا إليا,نووارا الییا,நுவரெலியா,නුවරඑළිය,ヌワラ・エリヤ,努沃勒埃利耶,누와라 엘리야",25775,22200
1236581,LK,,KG,7.6103,80.3607,,,Kurunegala,,Makulwewa,Makulwewa,"Makuluwewa,Makulwewa",0,60578
1239882,LK,,GQ,7.2657,79.8603,,,Gampaha,,Kochchikade,Kochchikade,,0,11540
1223696,LK,,PR,7.95157,81.24523,,,Polonnaruwa,,Welikanda,Welikanda,"Welikanda,Welikande",0,51070
1228453,LK,,NW,7.036,80.904,,,Nuwara Eliya,,Rupaha,Rupaha,Rupaha,0,22245
1229364,LK,,KY,7.1262,80.6692,,,Kandy,,Pupuressa,Pupuressa,"Pupuressa,Pupuresse",0,20546
1230224,LK,,CO,6.7999,79.9249,,,Colombo,,Piliyandala,Piliyandala,"Piliyandala,Piliyandara",0,10300
1244240,LK,,MH,5.98333,80.53333,,,Matara,,Nadugala,Hewa Nadugala,,0,81092
1244961,LK,,KT,6.7,80.03333,,,Kalutara,,Haltota,Haltota,Haltota,0,12538
1226933,LK,,GL,6.3387,80.3437,,,Galle,,Tawalama,Tawalama,,0,80148
1232813,LK,,KY,7.33333,80.6,,,Kandy,,Nugawela,Nugawela,,0,20072
1233529,LK,,GL,6.3113,80.1333,,,Galle,,Nawadagala,Nawadagala,"Hawadagala,Navadagala,Nawadagala",0,80416
1237881,LK,,AD,8.16667,80.6,,,Anuradhapura,,Labunoruwa,Labunoruwa,,0,50088
1252254,LK,,KT,6.54222,80.15833,,,Kalutara,,Agalawatta,Agalawatta,Agalawatta,0,12200
1224435,LK,,RN,6.7298,80.6135,,,Ratnapura,,Waleboda,Waleboda Megoda,"Waleboda,Waleboda Megoda",0,70138
1237708,LK,,PX,7.3461,79.9286,,,Puttalam,,Lihiriyagama,Lihiriyagama,"Lihiriagama,Lihiriyagama",0,61138
1247668,LK,,KY,7.1794,80.598,,,Kandy,,Doluwa,Doluwa,,0,20532
1248922,LK,,NW,6.9759,80.4738,,,Nuwara Eliya,,Dagampitiya,Dagampitiya,Dagampitiya,0,20684
1249956,LK,,KE,7.0676,80.4123,,,Kegalle,,Berannawa,Berannawa,"Berannawa,Berranawa",0,71706
1226319,LK,,KE,7.2347,80.2239,,,Kegalle,,Tholangamuwa,Tholangamuwa,"Tholangamuwa,Tolangamuwa",0,71619
1231789,LK,,RN,6.4544,80.7388,,,Ratnapura,,Pallebedda,Pallebedda,,0,70170
1240909,LK,,KG,7.537,80.1899,,,Kurunegala,,Katupota,Katupota,,0,60350
1243456,LK,,PX,7.382,79.8749,,,Puttalam,,Ihala Kottaramulla,Ihala Kottaramulla,"Ihala Kottaramulla,Kattaramulla",0,61154
1244921,LK,,MJ,6.5331,80.9568,,,Moneragala,,Hambegamuwa,Hambegamuwa,,0,91308
1247611,LK,,APR,7.35,81.3,,,Ampara,,Dorakumbura,Dorakumbura,,0,32104
1251780,LK,,KE,7.23333,80.46667,,,Kegalle,,Alutnuwara,Alutnuwara,,0,71508
1251987,LK,,KG,7.2971,80.2343,,,Kurunegala,,Alawwa,Alawwa,,0,60280
1233531,LK,,APR,7.43333,81.78333,,,Ampara,,Navithanveli,Navithanveli,,0,32308
1244037,LK,,RN,6.5293,80.6085,,,Ratnapura,,Hiramadagama,Hiramadagama,,0,70296
1252160,LK,,APR,7.2165,81.8538,,,Ampara,,Akkaraipattu,Akkaraipattu,Akkaraipattu,0,32400
1228965,LK,,HB,6.2187,81.322,,,Hambantota,,Ranakeliya,Ranakeliya,,0,82612
1231910,LK,,MH,5.98333,80.51667,,,Matara,,Palatuwa,Palatuwa,,0,81050
1242635,LK,,TC,8.45,81.28333,,,Trincomalee,,Kaddaiparichchan,Kaddaiparichchan,"Kaddaiparichan,Kaddaiparichchan",0,31212
1245108,LK,,MH,6.08363,80.64453,,,Matara,,Hakmana,Hakmana,,0,81300
1246641,LK,,MJ,6.9196,81.3805,,,Moneragala,,Galabedda,Galabedda,"Galabedda,Galabedde",0,91008
1247800,LK,,PR,7.88333,80.88333,,,Polonnaruwa,,Diyabeduma,Diyabeduma,,0,51225
7474985,LK,,BD,7.0031,81.0829,,,Badulla,,Sirimalgoda,Sirimalgoda,,0,90044
1226915,LK,,KT,6.5829,80.0466,,,Kalutara,,Tebuwana,Tebuwana,"Tabuwana,Tebuwana",0,12025
1232991,LK,,GL,6.2033,80.103,,,Galle,,Nindana,Nindana,,0,80318
1238556,LK,,PX,7.8857,80.0312,,,Puttalam,,Kudawewa,Kudawewa,,0,61226
1247671,LK,,RN,6.5573,80.467,,,Ratnapura,,Doloswalakanda,Doloswalakanda,"Doloswalakanda,Doloswalkanda",0,70404
1247714,LK,,RN,6.7272,80.3255,,,Ratnapura,,Dodampe,Dodampe,,0,70017
1223506,LK,,KE,7.138,80.2568,,,Kegalle,,Weragala,Weragala,,0,71622
1227734,LK,,GQ,6.9707,79.9875,,,Gampaha,,Siyambalape,Siyambalape,,0,11607
1234890,LK,,BD,6.8619,81.1486,,,Badulla,,Miyanakandura,Miyanakandura,,0,90584
1235073,LK,,MH,6.297,80.469,,,Matara,,Pahala Millawa,Pahala Millawa,"Millawa,Pahala Millawa",0,81472
1239805,LK,,KT,6.61889,80.02194,,,Kalutara,,Koholana,Koholana,,0,12007
1246622,LK,,KY,7.373,80.5206,,,Kandy,,Galagedara,Galagedara,,0,20100
1250508,LK,,KG,7.8,80.25,,,Kurunegala,,Balalla,Balalla,,0,60604
1225514,LK,,GL,6.0212,80.2503,,,Galle,,Unawatuna,Unawatuna,"Unavatuna,Unawatuna,Унаватуна",2000,80600
1251089,LK,,KG,7.5013,80.1123,,,Kurunegala,,Anukkane,Anukkane,,0,60214
1252004,LK,,GQ,7.1202,80.1815,,,Gampaha,,Alawala,Alawala,,0,11122
7556744,LK,,GL,6.379,80.0563,,,Galle,,Miriswatta,Miriswatta,,0,80508
7557474,LK,,MH,6.3235,80.5101,,,Matara,,Kolawenigama,Kolawenigama,,0,81522
1241889,LK,,MH,6.08333,80.56667,,,Matara,,Kamburupitiya,Kamburupitiya,Kamburupitiya,0,81100
1242606,LK,,KG,7.715,79.9896,,,Kurunegala,,Kadigawa,Kadigawa,,0,60492
7433644,LK,,KY,7.2689,80.5441,,,Kandy,,Pilimatalawa,Pilimatalawa,,0,20450
1224184,LK,,MH,6.2739,80.5333,,,Matara,,Waralla,Waralla,,0,81479
1233775,LK,,BD,6.9041,81.1211,,,Badulla,,Namunukula,Namunukula,"Namunukula,Namunukula Town",0,90580
1236000,LK,,RN,6.6468,80.446,,,Ratnapura,,Marapana,Marapana,"Marapana,Marapona",0,70041
1244115,LK,,KE,7.2457,80.4664,,,Kegalle,,Hingula,Hingula,,0,71520
1222940,LK,,GQ,7.0869,80.0271,,,Gampaha,,Yakkala,Yakkala,"Yakkala,Yakwala",0,11870
1243099,LK,,MT,7.9314,80.6845,,,Matale,,Inamaluwa,Inamaluwa,"Inamalawa,Inamaluwa",0,21124
1246055,LK,,KT,6.5909,80.0083,,,Kalutara,,Gamagoda,Gamagoda,,0,12016
1249648,LK,,GQ,7.0742,80.1501,,,Gampaha,,Bopagama,Bopagama,,0,11134
1230202,LK,,RN,6.5728,80.169,,,Ratnapura,,Pimbura,Pimbura,,0,70472
1233492,LK,,GQ,7.2638,80.1012,,,Gampaha,,Nawana,Nawana,,0,11222
1235058,LK,,KT,6.7834,80.0625,,,Kalutara,,Millewa,Ihala Millewa,"Ihala Millewa,Millewa",0,12422
1238426,LK,,KY,7.3154,80.5887,,,Kandy,,Kulugammana,Kulugammana,,0,20048
1240548,LK,,BD,6.9977,81.1086,,,Badulla,,Kendagolla,Kendagolla,,0,90048
1250695,LK,,MJ,7.1084,81.2411,,,Moneragala,,Ayiwela,Ayiwela,,0,91516
1233658,LK,,GQ,7.0006,80.0245,,,Gampaha,,Naranwala,Naranwala,,0,11063
1244729,LK,,RN,7.0881,80.1713,,,Ratnapura,,Hapugastenna,Hapugastenna,,0,70164
1250497,LK,,GL,6.278,80.0366,,,Galle,,Balapitiya,Balapitiya,Balapitiya,0,80550
7616534,LK,,BD,6.8902,80.8473,,,Badulla,,Hewanakumbura,Hewanakumbura,,0,90358
1231827,LK,,PX,7.6841,79.9183,,,Puttalam,,Pallama,Pallama,"Pallama,Pallamae",0,61040
1234123,LK,,MT,7.51667,80.53333,,,Matale,,Muwandeniya,Muwandeniya,,0,21044
1237519,LK,,GQ,7.1981,80.0166,,,Gampaha,,Mabodale,Mabodale,Mabodale,0,11114
1238427,LK,,KG,7.4688,80.0401,,,Kurunegala,,Kuliyapitiya,Kuliyapitiya,Kuliyapitiya,6877,60200
1225280,LK,,AD,8.25,80.55,,,Anuradhapura,,Uttimaduwa,Uttimaduwa,"Uttimaduwa,Uttiumaduwa",0,50067
1228051,LK,,MT,7.94946,80.75037,,,Matale,,Sigiriya,Sigiriya,"GIU,Sigirija,Sigiriya,xi ji li ye,Сигирия,සගරය,සීගිරිය,锡吉里耶",1001,21120
1231028,LK,,KT,6.6685,79.9919,,,Kalutara,,Paragastota,Paragastota,,0,12414
1232822,LK,,BD,6.8994,80.8806,,,Badulla,,Nugatalawa,Nugatalawa,,0,90216
1234977,LK,,BD,6.8718,80.9445,,,Badulla,,Mirahawatta,Mirahawatta,,0,90134
1240622,LK,,GQ,6.9553,79.922,,,Gampaha,,Kelaniya,Kelaniya,"Kelanai,Kelaniya",28846,11600
7624537,LK,,MH,6.1201,80.4825,,,Matara,,Godapitiya,Godapitiya,,0,81408
1227303,LK,,AD,8.2364,80.3476,,,Anuradhapura,,Talawa,Talawa,"Talawa,Talawa Bazaar",0,50230
1227746,LK,,MJ,6.9067,81.5461,,,Moneragala,,Siyambalanduwa,Siyambalanduwa,"Siyambala-anduwa,Siyambalanduwa",0,91030
1233425,LK,,KT,6.5891,80.084,,,Kalutara,,Neboda,Neboda,"Naboda,Neboda,Pahala Neboda",0,12030
1235846,LK,,MH,5.94851,80.53528,,,Matara,,Matara,Matara,"Matara,ma ta la,matara,mattarai,Матара,மாத்தறை,මාතර,მატარა,マータラ,馬塔拉",76254,81000
1239397,LK,,KG,7.68333,80.41667,,,Kurunegala,,Konwewa,Konwewa,"Konwewa,Koonwewa",0,60630
1244926,LK,,HB,6.1241,81.1185,,,Hambantota,,Hambantota,Hambantota,"HRI,HTT,Hambambota,Hambanbota,Hambantota,Hambatota,Khambantota,ampantottai,hambantota,hambantwta,han ban tuo ta,hanbantota,Хамбантота,هامبانتوتا,ہامبانتوتا,हंबन्टोटा,அம்பாந்தோட்டை,ഹമ്പൻടോട്ട,හම්බන්තොට,ハンバントタ,汉班托塔,함반토타",0,82000
1246924,LK,,BC,7.7782,81.6038,,,Batticaloa,,Eravur,Eravur Town,"Ehravure,Eraur,Eravur,Eravur Town,Эравуре",22982,30300
1223573,LK,,CO,6.8753,79.8611,,,Colombo,,Wellawatta,Wellawatta,,0,00600
1227569,LK,,RN,6.7928,80.3913,,,Ratnapura,,Sudagala,Sudagala,,0,70502
1233106,LK,,KG,7.75033,80.11593,,,Kurunegala,,Nikaweratiya,Nikaweratiya,"Nickawerehittia,Nikaweratiya",0,60470
1238382,LK,,NW,7.1141,80.8511,,,Nuwara Eliya,,Kumbalgamuwa,Kumbalgamuwa,,0,22272
1247645,LK,,KE,7.3798,80.3469,,,Kegalle,,Dombemada,Dombemada,"Dombemada,Dombemeda",0,71115
1249393,LK,,RN,6.4357,80.6488,,,Ratnapura,,Bulutota,Bulutota,,0,70346
7539420,LK,,AD,8.3322,80.3645,,,Anuradhapura,,Pandulagama,Pandulagama,,0,50029
1222938,LK,,KG,7.3843,80.0355,,,Kurunegala,,Yakwila,Yakwila,,0,60202
1226002,LK,,GL,6.1828,80.2952,,,Galle,,Udalamatta,Udalamatta South,"Udalamatta,Udalamatta South",0,80108
1229803,LK,,GL,6.2707,80.2324,,,Galle,,Porawagama,Porawagama,,0,80408
1241762,LK,,MT,7.86667,80.71667,,,Matale,,Kandalama,Kandalama,,0,21106
1243956,LK,,GL,6.0647,80.3013,,,Galle,,Hiyare,Hiyare,,0,80056
1246959,LK,,AD,8.1426,80.403,,,Anuradhapura,,Eppawala,Eppawala,Eppawala,0,50260
1247709,LK,,GL,6.0962,80.1351,,,Galle,,Dodanduwa,Dodanduwa,"Dodanduwa,Donanduwa",0,80250
1250625,LK,,GL,6.1652,80.1782,,,Galle,,Baddegama,Baddegama,Baddegama,0,80200
1228132,LK,,AD,8.0911,80.4722,,,Anuradhapura,,Senapura,Senapura,,0,50284
1229598,LK,,MH,6.05,80.61667,,,Matara,,Puhulwella,Puhulwella,"Puhulwella,Puhuwella",0,81290
1230851,LK,,GQ,7.1666,80.1219,,,Gampaha,,Pasyala,Pasyala,,0,11890
1242089,LK,,PX,8.22873,79.75988,,,Puttalam,,Kalpitiya,Kalpitiya,"DBK,Kalpitiya,Kalpitya",0,61360
1242160,LK,,AD,8.4592,80.5643,,,Anuradhapura,,Kallanchiya,Kallanchiya,"Kalanchiya,Kallanchiya",0,50454
1242408,LK,,GL,6.1832,80.0734,,,Galle,,Kahawa,Kahawa,"Kahawa,Kahawe",0,80312
1249863,LK,,GQ,6.9423,79.9842,,,Gampaha,,Biyagama,Biyagama,Biyagama,0,11650
1250146,LK,,KY,7.362,80.5891,,,Kandy,,Batugoda,Batugoda,,0,20132
1224558,LK,,GL,6.0949,80.2026,,,Galle,,Wakwella,Wakwella,,0,80042
1228730,LK,,RN,6.68278,80.39917,,,Ratnapura,,Ratnapura,Ratnapura,"Ratnapur,Ratnapura,Ratnapury,irattinapuri,la te na pu lei,lateunapula,ratn pu ra,ratnabwra,ratnapura,rato~unapura,Ратнапура,Ратнапуры,راتنابورا,رتناپورہ,இரத்தினபுரி,രത്നപുര,රත්නපුර,รัตนปุระ,რატნაპურა,ラトゥナプラ,拉特納普勒,라트나푸라",47832,70000
1233609,LK,,PX,7.4123,79.8624,,,Puttalam,,Nattandiya,Nattandiya Town,"Nattandiya,Nattandiya Town",0,61190
1240089,LK,,GQ,7.0417,80.1282,,,Gampaha,,Kirindiwela,Kirindiwela,Kirindiwela,0,11730
1245567,LK,,KY,7.2305,80.6995,,,Kandy,,Godamunna,Godamunna,,0,20214
1247148,LK,,BD,6.8756,81.0463,,,Badulla,,Ella,Ella Town,"Ehlla,Ella,Ella Town,Элла",5000,90090
1247299,LK,,KG,7.9334,80.34,,,Kurunegala,,Ehetuwewa,Ehetuwewa,,0,60716
1250185,LK,,RN,6.8267,80.3673,,,Ratnapura,,Batatota,Batatota,,0,70504
1251831,LK,,KT,6.43333,79.98333,,,Kalutara,,Alutgama,Alutgama West,,0,12080
9259456,LK,,CO,6.83947,79.86451,,,Colombo,,Mount Lavinia,Mount Lavinia,Mount Lavinia,219827,10370
1223145,LK,,MH,6.1041,80.5134,,,Matara,,Wilpita,Wilpita,,0,81404
1227046,LK,,MJ,6.4331,81.1285,,,Moneragala,,Tanamalwila,Tanamalwila,"Tanamalwik,Tanamalwila",0,91300
1245065,LK,,BD,6.7603,80.8844,,,Badulla,,Haldummulla,Haldummulla,"Haldummulla,Haldumulla",0,90180
1250164,LK,,CO,6.8964,79.9181,,,Colombo,,Battaramulla,Battaramulla South,"Battaramulla,Battaramulla South",75633,10120
1230582,LK,,MH,6.03333,80.45,,,Matara,,Penetiyana,Penetiyana,,0,81722
1233301,LK,,KG,7.68333,80.45,,,Kurunegala,,Nelliya,Nelliya,,0,60549
1234157,LK,,PX,7.4541,79.8806,,,Puttalam,,Muttibendiwila,Muttibendiwila,,0,61195
1244110,LK,,PR,8.0375,81.02972,,,Polonnaruwa,,Hingurakdamana,Hingurakdamana,"Hingurakdamana,Hinguruwakdamana,Hinguruwakdamanan",0,51408
1244375,LK,,GQ,7.0177,80.0488,,,Gampaha,,Henegama,Henegama,,0,11715
1245923,LK,,AD,8.0933,80.6215,,,Anuradhapura,,Ganewalpola,Ganewalpola,,0,50142
7434224,LK,,KE,7.3101,80.3161,,,Kegalle,,Imbulgasdeniya,Imbulgasdeniya,,0,71055
7435706,LK,,KE,7.0663,80.4283,,,Kegalle,,Seaforth Colony,Seaforth Colony,,0,71708
1227293,LK,,CO,6.8738,79.9378,,,Colombo,,Talawatugoda,Talawatugoda,,0,10116
1228864,LK,,GL,6.3847,80.097,,,Galle,,Rantotuwila,Rantotuwila,"Rantotawila,Rantotuwila",0,80354
1236399,LK,,RN,6.707,80.4336,,,Ratnapura,,Malwala Junction,Malwala,"Malwala,Malwala Junction",0,70001
1245625,LK,,AD,8.25,80.51667,,,Anuradhapura,,Gnanikulama,Gnanikulama,,0,50036
7624467,LK,,MH,6.2886,80.5975,,,Matara,,Pothdeniya,Pothdeniya,,0,81538
1228438,LK,,KE,7.0427,80.2517,,,Kegalle,,Ruwanwella,Ruwanwella,,0,71300
1232262,LK,,KG,7.5457,79.9703,,,Kurunegala,,lhala Kadigamuwa,Pahala Kadigamuwa,"Pahala Kadigamuwa,Pahala Kadigomuwa",0,60238
1247614,LK,,KY,7.3638,80.6557,,,Kandy,,Doragamuwa,Doragamuwa,"Doragamuwa,Doragomuwa",0,20816
1226407,LK,,AD,8.3,80.58333,,,Anuradhapura,,Tirappane,Tirappane,,0,50072
1227312,LK,,KY,7.2507,80.6899,,,Kandy,,Talatuoya,Talatuoya,Talatuoya,0,20200
1244642,LK,,RN,6.6552,80.7571,,,Ratnapura,,Hatarabage,Hatarabage,"Hatarabage,Udagama",0,70108
1247641,LK,,GQ,6.9503,80.051,,,Gampaha,,Dompe,Dompe,,0,11680
1247751,LK,,MH,6.1215,80.4552,,,Matara,,Diyalape,Diyalape,,0,81422
1225740,LK,,KY,7.3637,80.4845,,,Kandy,,Uduwa,Uduwa,,0,20052
1226045,LK,,KY,7.0969,80.5128,,,Kandy,,Udahentenna,Udahentenna,Udahentenna,0,20506
1228983,LK,,KY,7.3,80.78333,,,Kandy,,Rambukwella,Rambukwella,"Rambukella,Rambukwella",0,20128
1236630,LK,,GQ,7.1023,79.9313,,,Gampaha,,Makewita,Makewita,,0,11358
1237561,LK,,BD,7.0369,81.2017,,,Badulla,,Lunugala,Lunugala,"Lunugala,Lunugala Town",0,90530
1238304,LK,,KG,7.6342,80.4333,,,Kurunegala,,Kumbukwewa,Kumbukwewa,"Kubukwewa,Kumbukwewa",0,60506
1241063,LK,,BC,8.21667,81.4,,,Batticaloa,,Kathiraveli,Kathiraveli,"Kathiraveli,Katiraveli",0,30456
1250161,LK,,BC,7.7102,81.6924,,,Batticaloa,,Batticaloa,Batticaloa,"BTC,Batikaloa,Batticaloa,Batticoloa,Battikaloa,Gorad Batykaloa,Madakalapuva,Madakalapuwa,Madakalapuwra,Maddakkalabbu,ba ti ka luo a,battikalova,battikaroa,batykalwa,mattakkalappu,Баттикалоа,Баттікалоа,Горад Батыкалоа,باتيكالوا,باٹیکالوا,बट्टिकलोवा,மட்டக்களப்பு,මඩකලපව නගරය,මඩකලපුව නගරය,ბატიკალოა,バッティカロア,巴提卡洛阿",86742,30000
1234839,LK,,KE,7.2578,80.3819,,,Kegalle,,Molagoda,Molagoda,Molagoda,0,71016
1247878,LK,,GQ,7.224,80.0094,,,Gampaha,,Divulapitiya,Divulapitiya,"Divulapitiya,Divulapitiya Town,Diwulapitiya,Diwulepitiya",0,11250
1249978,LK,,GL,6.42598,79.99575,,,Galle,,Bentota,Bentota,"BJT,Bentota,Бентота",37000,80500
7437091,LK,,RN,6.7359,80.2188,,,Ratnapura,,Ellagawa,Ellagawa,,0,70492
1244081,LK,,BD,6.8288,81.1573,,,Badulla,,Hingurukaduwa,Hingurukaduwa,Hingurukaduwa,0,90508
1251046,LK,,KG,7.3573,80.3425,,,Kurunegala,,Aragoda,Aragoda,,0,60308
1222807,LK,,KE,7.0279,80.2946,,,Kegalle,,Yatiyantota,Yatiyantota,Yatiyantota,0,71700
1241475,LK,,GQ,6.9504,80.0916,,,Gampaha,,Kapugoda,Kapugoda,,0,10662
1249785,LK,,AD,8.3169,80.2401,,,Anuradhapura,,Bogahawewa,Bogahawewa,,0,50566
7545307,LK,,CO,6.9459,79.8617,,,Colombo,,Kotahena,Kotahena,Kotahena,0,01300
1234762,LK,,MH,6.2943,80.6008,,,Matara,,Moragala Kirillapone,Moragala,,0,81532
1237482,LK,,RN,6.5317,80.515,,,Ratnapura,,Madalagama,Madalagama,,0,70158
1238049,LK,,BC,7.58757,81.78289,,,Batticaloa,,Kurukkalmadam,Kurukkalmadam,Kurukkalmadam,0,30192
1242835,LK,,GQ,7.0744,79.8919,,,Gampaha,,Ja-Ela,Ja Ela,Ja Ela,32175,11350
1248749,LK,,MT,7.86,80.65167,,,Matale,,Dambulla,Dambulla,"DBU,Dambul,Dambula,Dambulla,Gorad Dambula,dambulla,dan bu lei,danburra,tampullai,Горад Дамбула,Дамбулла,தம்புள்ளை,ദംബുള്ള,දඹුල්ල,ダンブッラ,丹布勒",66716,21100
1250329,LK,,KT,6.7144,79.988,,,Kalutara,,Bandaragama,Bandaragama,Bandaragama,0,12530
1250975,LK,,BD,7.33333,81.05,,,Badulla,,Arawatta,Arawatta,,0,90712
1251154,LK,,HB,6.164,80.8913,,,Hambantota,,Angunakolapelessa,Angunakolapelessa,,0,82220
7545331,LK,,CO,6.9177,79.8742,,,Colombo,,Borella,Borella,Borella,0,00800
1223731,LK,,HB,6.2049,81.1976,,,Hambantota,,Weligatta,Weligatta,,0,82004
1225734,LK,,KT,6.61667,80.06667,,,Kalutara,,Uduwara,Uduwara,,0,12322
1240353,LK,,GQ,7.2036,79.895,,,Gampaha,,Kimbulapitiya,Kimbulapitiya,,0,11522
1241573,LK,,BC,7.6798,81.6702,,,Batticaloa,,Kannankudah,Kannankudah,"Kannankuda,Kannankudah",0,30016
1243137,LK,,KE,7.0632,80.2544,,,Kegalle,,Imbulana,Imbulana,,0,71313
1244733,LK,,NW,7.0621,80.5713,,,Nuwara Eliya,,Hapugastalawa,Hapugastalawa,Hapugastalawa,0,20668
1248158,LK,,MH,5.93194,80.60694,,,Matara,,Devinuwara (Dondra),Devinuwara,"Devinuwara,Dewundara,Dondra",0,81160
1250131,LK,,GQ,7.0527,79.9266,,,Gampaha,,Batuwatta,Batuwatta West,"Batuwatta,Batuwatta West",0,11011
1250807,LK,,GQ,7.1152,80.1341,,,Gampaha,,Attanagalla,Attanagalla,Attanagalla,0,11120
1251552,LK,,MT,7.6579,80.6909,,,Matale,,Ambana,Ambana,"Ambana,Ambane",0,21504
1224592,LK,,KE,7.0593,80.2084,,,Kegalle,,Wahakula,Wahakula,,0,71303
1225398,LK,,GQ,7.0987,80.143,,,Gampaha,,Urapola,Urapola,,0,11126
1229747,LK,,PX,7.4921,79.9109,,,Puttalam,,Pothuwatawana,Pothuwatawana,"Pothuwatawana,Potuwatawana",0,61162
1232196,LK,,KG,7.6644,80.2833,,,Kurunegala,,Malagane,Pahala Malagane,,0,60404
1237687,LK,,NW,6.9217,80.685,,,Nuwara Eliya,,Lindula,Lindula,Lindula,0,22090
1237769,LK,,MT,7.75194,80.66083,,,Matale,,Lenadora,Lenadora,"Lenadora,Lendora",0,21094
1240204,LK,,RN,6.7446,80.2662,,,Ratnapura,,Kiriella,Kiriella,,0,70480
1241240,LK,,RN,6.8045,80.2027,,,Ratnapura,,Karandana,Karandana,,0,70488
1242766,LK,,KE,7.1335,80.3389,,,Kegalle,,Kabagamuwa,Kabagamuwa,,0,71202
1223672,LK,,BD,6.9044,80.9044,,,Badulla,,Welimada,Welimada,"Welimada,Welimada Town",0,90200
1229937,LK,,CO,6.7865,79.9657,,,Colombo,,Polgasowita,Polgasowita,Polgasowita,0,10320
1231182,LK,,TC,8.6333,81.0317,,,Trincomalee,,Pankulam,Pankulam,"Pankulam,Panwewa",0,31034
1251871,LK,,BD,7.3,81.11667,,,Badulla,,Aluketiyawa,Aluketiyawa,,0,90736
1225432,LK,,GL,6.3589,80.1181,,,Galle,,Uragaha,Maha Uragaha,"Maha Uragaha,Uragaha",0,80352
1233679,LK,,KG,7.3753,80.0813,,,Kurunegala,,Narangoda,Narangoda,,0,60152
1248208,LK,,MH,5.96667,80.45,,,Matara,,Denipitiya,Denipitiya,"Denepitiya,Denipitiya",0,81730
1223660,LK,,KT,6.465,80.1043,,,Kalutara,,Welipenna,Welipenna West,"Welipenna,Welipenna West",0,12108
1237554,LK,,HB,6.3434,81.2001,,,Hambantota,,Lunugamwehera,Lunugamwehera,"Lunugamwehera,Lunuganwehera",0,82634
7616448,LK,,BD,6.811,80.9962,,,Badulla,,Kebillawela,Kebillawela,,0,90102
1225702,LK,,GQ,7.1273,79.9563,,,Gampaha,,Uggalboda,Uggalboda,,0,11034
1229150,LK,,GQ,7.0321,80.0912,,,Gampaha,,Radawana,Radawana South,"Radawana,Radawana South",0,11725
1234136,LK,,TC,8.45851,81.2687,,,Trincomalee,,Mutur,Mutur,,0,31200
1242064,LK,,BD,6.8621,80.8791,,,Badulla,,Kalubululanda,Kalubululanda,"Kalabullanda,Kalubullanda,Kalubululanda",0,90352
1244101,LK,,APR,7.2144,81.6537,,,Ampara,,Hingurana,Hingurana,"Hingurana,Oliyanyaya",0,32010
1225298,LK,,HB,6.2475,80.8628,,,Hambantota,,Uswewa,Uswewa,,0,82278
1250638,LK,,MJ,6.8922,81.2396,,,Moneragala,,Badalkumbura,Badalkumbura,"Badalkumbura,Badalkumbure Town",0,91070
7475001,LK,,BD,7.0032,80.9678,,,Badulla,,Bambarapana,Bambarapana,,0,90322
1223847,LK,,MT,7.4,80.66667,,,Matale,,Wehigala,Wehigala West,"Wehigala,Wehigala West",0,21009
1233963,LK,,GL,6.1958,80.2742,,,Galle,,Nagoda,Nagoda,,0,80110
1239476,LK,,MT,7.6742,80.7171,,,Matale,,Kongahawela,Kongahawela,,0,21500
1247069,LK,,GL,6.2908,80.1626,,,Galle,,Elpitiya,Elpitiya,,0,80400
1247556,LK,,MT,7.508,80.6003,,,Matale,,Dullewa,Dullewa,Dullewa,0,21054
1250183,LK,,CO,6.878,80.0472,,,Colombo,,Batawala,Batawala,,0,10513
1234538,LK,,PX,7.8124,79.96,,,Puttalam,,Mudalakkuliya,Mudalakkuliya,,0,61506
1237376,LK,,GQ,7.1116,79.953,,,Gampaha,,Madelgamuwa,Madelgamuwa,"Madelgamuwa,Madelgomuwa",0,11033
1238310,LK,,NW,7.0612,80.8757,,,Nuwara Eliya,,Kumbukwela,Kumbukwela,,0,22246
1242419,LK,,BD,7.03333,81.11667,,,Badulla,,Kahataruppa,Kahataruppa,"Kahatarupe,Kahataruppa,Kahataruppe",0,90052
1252247,LK,,GL,6.193,80.2006,,,Galle,,Agaliya,Agaliya South,"Agala Kanda,Agaliya,Agaliya South",0,80212
1237485,LK,,KG,7.442,79.993,,,Kurunegala,,Madakumburumulla,Madakumburumulla,,0,60209
1239593,LK,,CO,6.9329,79.8848,,,Colombo,,Kolonnawa,Kolonnawa,Kolonnawa,58076,10600
7434811,LK,,NW,7.5158,80.6829,,,Nuwara Eliya,,Patana,Patana,,0,22012
1225598,LK,,KY,7.1592,80.9898,,,Kandy,,Ulpothagama,Ulpothagama,"Ulpota,Ulpotegama,Ulpothagama",0,20965
1231318,LK,,RN,6.8867,80.2716,,,Ratnapura,,Panawala,Panawala,,0,70612
1244342,LK,,KG,7.7,80.1,,,Kurunegala,,Hengamuwa,Hengamuwa,,0,60414
1245239,LK,,KY,7.2642,80.6859,,,Kandy,,Gurudeniya,Gurudeniya,Gurudeniya,0,20189
1247517,LK,,GQ,7.2256,79.9685,,,Gampaha,,Dunagaha,Dunagaha,Dunagaha,0,11264
1225677,LK,,MT,7.4228,80.6167,,,Matale,,Ukuwela,Ukuwela,"Ukuwala,Ukuwela",0,21300
1228100,LK,,PX,7.7313,79.9163,,,Puttalam,,Serukele,Serukele,,0,61042
1230420,LK,,BC,7.51667,81.76667,,,Batticaloa,,Periyaporativu,Periyaporativu,,0,30230
1230486,LK,,TC,8.49852,81.18317,,,Trincomalee,,Kinniya,Kinniya,"Periya Kinniyai,Periyakinniya",0,31100
1233595,LK,,MT,7.70472,80.65417,,,Matale,,Naula,Naula,Naula,0,21090
1235187,LK,,MH,6.1175,80.6797,,,Matara,,Miella,Miella,,0,81312
1236225,LK,,BC,7.48333,81.75,,,Batticaloa,,Mandur,Mandur,,0,30220
1242352,LK,,PX,7.5306,79.8189,,,Puttalam,,Kakkapalliya,Kakkapalliya,,0,61236
1245688,LK,,GL,6.0559,80.1774,,,Galle,,Gintota,Gintota,,0,80280
1250142,LK,,KY,7.41667,80.93333,,,Kandy,,Batumulla,Batumulla,Batumulla,0,20966
1229901,LK,,PR,7.93965,81.00274,,,Polonnaruwa,,Polonnaruwa,Polonnaruwa,"Cidade Antiga de Polonnaruva,Gorad Palanaruva,Polonaruva,Polonnaruva,Polonnaruwa,Polonnâruvâ,bo long na lu wo,pealannaruva,polannaruvai,polonanaruva,poron'naruwa,Горад Паланарува,Полоннарува,पोलोननरुवा,பொலன்னறுவை,പൊളന്നറുവ,පොළොනනරව,පොළොන්නරුව,პოლონარუვა,ポロンナルワ,波隆納魯沃",13900,51000
1229941,LK,,KT,6.4681,80.1924,,,Kalutara,,Polgampola,Polgampola,,0,12136
1237353,LK,,MT,7.68333,80.58333,,,Matale,,Madipola,Madipola Sinhalabage,"Madipola,Madipola Sinhalabage",0,21156
1242571,LK,,KY,7.2547,80.5242,,,Kandy,,Kadugannawa,Kadugannawa,"Kadugannawa,Kadugawnawa",1214,20300
1249358,LK,,GL,6.0733,80.1577,,,Galle,,Boossa,Boossa,"Boossa,Bussa,Busse",0,80270
1224421,LK,,GQ,7.0725,80.115,,,Gampaha,,Walgammulla,Walgammulla,,0,11146
1232452,LK,,HB,6.3599,81.1778,,,Hambantota,,Padawkema,Padawkema,"Padavkema,Padawkema",0,82636
1232950,LK,,GQ,7.1426,80.0938,,,Gampaha,,Nittambuwa,Nittambuwa,Nittambuwa,0,11880
1233370,LK,,AD,7.998,80.4595,,,Anuradhapura,,Negampaha,Negampaha,,0,50180
1245097,LK,,HB,6.1443,80.8332,,,Hambantota,,Hakuruwela,Hakuruwela,,0,82248
1247257,LK,,PR,7.72792,80.78993,,,Polonnaruwa,,Elahera,Elahera,,0,51258
1247938,LK,,BD,7.0,80.95,,,Badulla,,Dimbulana,Dimbulana,,0,90324
1223349,LK,,KG,7.4104,80.4814,,,Kurunegala,,Weuda,Weuda,,0,60080
1225358,LK,,MH,6.01667,80.65,,,Matara,,Urugamuwa,Urugamuwa West,,0,81230
1225493,LK,,BC,7.61667,81.55,,,Batticaloa,,Unnichchai,Unnichchai,"Unichchai,Unnichchai",0,30364
1235306,LK,,KY,7.2892,80.5041,,,Kandy,,Menikdiwela,Menikdiwela,Menikdiwela,0,20470
1241541,LK,,TC,8.36833,81.02806,,,Trincomalee,,Kantalai,Kantalai,,0,31300
1250415,LK,,MT,7.78333,80.53333,,,Matale,,Bambaragaswewa,Bambaragaswewa,Bambaragaswewa,0,21212
1250615,LK,,BD,6.9895,81.0557,,,Badulla,,Badulla,Badulla,"Badull,Badulla,Badully,ba du lei,bado~urra,badula,badulla,badwla,patulai,Бадулла,Бадуллы,بادولا,பதுளை,බදුල්ල,ბადულა,バドゥッラ,巴杜勒,바둘라",47587,90000
1251144,LK,,PX,7.7753,79.8581,,,Puttalam,,Angunawila,Angunawila,"Angunawila,Angunuwila",0,61264
1235732,LK,,KG,7.4086,80.3091,,,Kurunegala,,Mawathagama,Mawathagama,"Mawatagama,Mawathagama",0,60060
1237202,LK,,KG,7.5413,80.0941,,,Kurunegala,,Magulagama,Magulagama,,0,60221
1237433,LK,,AD,7.942,80.628,,,Anuradhapura,,Madatugama,Madatugama,"Madatugama,Madatugama Bazaar",0,50130
1251568,LK,,HB,6.1196,81.0214,,,Hambantota,,Ambalantota,Ambalantota,Ambalantota,0,82100
1223741,LK,,KY,7.1907,80.5865,,,Kandy,,Weligalla,Weligalla,,0,20610
1224546,LK,,KT,6.4485,80.078,,,Kalutara,,Walagedara,Walagedara,"Walagedara,Walagedera",0,12112
1242833,LK,,JA,9.66845,80.00742,,,Jaffna,,Jaffna,Jaffna,"Dzafn,Dzafna,Dzhafna,Dżafna,Džafn,Džafna,Gorad Dzhafna,JAF,Jaffna,Jaffna Town,gu fu na,jafna,jafuna,japeuna,japhana,japhna,japna,yalppanam,Горад Джафна,Джафна,جافنا,जाफना,ਜਾਫਨਾ,யாழ்ப்பாணம்,జాఫ్నా,ജാഫ്ന,යාපනය,ჯაფნა,ジャフナ,賈夫納,자프나",169102,40000
1245970,LK,,MH,5.93333,80.6,,,Matara,,Gandara,Gandara West,"Gandara,Gandara West,Gandura",0,81170
1250705,LK,,RN,6.6358,80.3083,,,Ratnapura,,Ayagama,Ayagama,,0,70024
1222753,LK,,PX,7.2915,79.9212,,,Puttalam,,Yogiyana,Yogiyana,,0,61144
1228111,LK,,APR,7.4572,81.2808,,,Ampara,,Serankada,Serankada,"Serankada,Serankade",0,32101
1232268,LK,,GQ,7.0376,79.9913,,,Gampaha,,Imbulgoda,Pahala Imbulgoda,"Imbulgoda,Pahala Imbulgoda",0,11856
1244426,LK,,KE,7.1736,80.5002,,,Kegalle,,Hemmatagama,Hemmatagama,,0,71530
1231413,LK,,KG,7.86667,80.21667,,,Kurunegala,,Panadaragama,Panadaragama,"Panadaragama,Panaduragama",0,60348
1233755,LK,,MJ,7.0847,81.2629,,,Moneragala,,Nannapurawa,Nannapurawa,,0,91519
1234471,LK,,PX,7.5861,79.855,,,Puttalam,,Mugunuwatawana,Mugunuwatawana,,0,61014
1245825,LK,,BD,6.9,81.0639,,,Badulla,,Gawarawela,Gawarawela,,0,90082
1248229,LK,,MH,6.1146,80.6606,,,Matara,,Denagama,Denagama East,"Denagama,Denagama East",0,81314
1249145,LK,,PX,7.57583,79.79528,,,Puttalam,,Chilaw,Chilaw,"Chilan,Chilaw,Chilaw Town",24712,61000
1251885,LK,,KY,7.3686,80.4672,,,Kandy,,Aludeniya,Aludeniya,,0,20062
1231795,LK,,MH,6.0,80.6,,,Matara,,Aparekka,Palle Aparekka,"Aparekka,Aperekka,Palle Aparekka",0,81032
1240045,LK,,CO,6.7977,80.0146,,,Colombo,,Kiriwattuduwa,Kiriwattuduwa,,0,10208
1241219,LK,,GL,6.2704,80.0794,,,Galle,,Karandeniya,Karandeniya,,0,80360
1246314,LK,,AD,8.27309,80.50129,,,Anuradhapura,,Galkulama,Galkulama,,0,50064
1249473,LK,,MJ,7.0434,81.4838,,,Moneragala,,Buddama,Buddama,,0,91038
7473622,LK,,GQ,6.9982,80.1286,,,Gampaha,,Pepiliyawala,Pepiliyawala,,0,11741
1233021,LK,,NW,7.0679,80.8939,,,Nuwara Eliya,,Nildandahinna,Nildandahinna,Nildandahinna,0,22280
1238257,LK,,KY,7.358,80.5493,,,Kandy,,Kumburegama,Kumburegama,,0,20086
1239592,LK,,RN,6.4021,80.6865,,,Ratnapura,,Kolonna,Kolonna,"Kolonna,Kolonne",0,70350
1240250,LK,,BC,7.8655,81.5375,,,Batticaloa,,Kiran,Kiran,,0,30394
1248503,LK,,KG,7.5097,80.0346,,,Kurunegala,,Deegalla,Deegalla,"Deegalla,Digalla",0,60228
1232760,LK,,MJ,6.9242,81.3493,,,Moneragala,,Obbegoda,Obbegoda,"Lachesis,Obbegoda,Obbekota",0,91007
1232854,LK,,NW,6.8377,80.6079,,,Nuwara Eliya,,Norwood,Norwood,"Norwood,Norwood Bazaar",0,22058
1233140,LK,,GQ,7.0951,80.1689,,,Gampaha,,Nikahetikanda,Nikahetikanda,,0,11128
1251633,LK,,BD,6.9232,80.8936,,,Badulla,,Ambagasdowa,Ambagasdowa,"Ambagasdowa,Ambagasduwa",0,90300
7616664,LK,,BD,6.8885,81.0357,,,Badulla,,Helahalpe,Helahalpe,,0,90122
1225062,LK,,BC,7.7995,81.5773,,,Batticaloa,,Vantharumoolai,Vantharumoolai,"Vandaramullai,Vandaroomoolai,Vantarumoolai,Vantarumulai,Vantharumoolai",0,30376
1226879,LK,,KE,7.0079,80.3798,,,Kegalle,,Teligama,Teligama,"Teligama,Thaligama",0,71724
1235033,LK,,KY,7.3376,80.5026,,,Kandy,,Minigamuwa,Minigamuwa,"Minigamuwa,Minigomuwa",0,20109
1235958,LK,,MJ,6.9754,81.473,,,Moneragala,,Mariarawa,Mariarawa,"Mariarawa,Marlarawa",0,91052
1223522,LK,,PX,7.3454,79.8386,,,Puttalam,,Wennappuwa,Wennappuwa Town,"Wennappuwa,Wennappuwa Town",0,61170
1234047,LK,,AD,8.26667,80.46667,,,Anuradhapura,,Nachchaduwa,Nachchaduwa,,0,50046
1247660,LK,,MJ,6.9016,81.4425,,,Moneragala,,Dombagahawela,Dombagahawela,,0,91010
1251592,LK,,KE,7.1366,80.4524,,,Kegalle,,Ambalakanda,Ambalakanda,,0,71546
1252179,LK,,GQ,7.2666,79.9652,,,Gampaha,,Akaragama,Akaragama,,0,11536
1224095,LK,,GQ,7.1891,80.0004,,,Gampaha,,Watinapaha,Watinapaha,,0,11104
1230951,LK,,MH,6.1596,80.6211,,,Matara,,Parapamulla,Parapamulla,,0,81322
1235027,LK,,KY,7.2182,80.9775,,,Kandy,,Minipe,Minipe,Minipe,0,20983
1235225,LK,,HB,6.2502,80.7634,,,Hambantota,,Middeniya,Middeniya,,0,82270
1241383,LK,,GL,6.0931,80.3781,,,Galle,,Karagoda,Karagoda,,0,80151
1236855,LK,,KG,7.3434,80.2082,,,Kurunegala,,Maharachchimulla,Maharachchimulla,"Maha Arachchimulla,Maharaccimulla,Maharachchimulla,Maharachimulla",0,60286
7542762,LK,,GQ,7.1776,79.9699,,,Gampaha,,Horampella,Horampella South,,0,11564
1224019,LK,,GL,6.2545,80.0576,,,Galle,,Watugedara,Watugedara,,0,80340
1230241,LK,,KG,7.4546,80.4141,,,Kurunegala,,Pilessa,Pilessa,,0,60058
1234913,LK,,GL,6.1915,80.0895,,,Galle,,Meetiyagoda,Meetiyagoda,"Meetiyagoda,Metiyagoda,Metiyagoda Kanda,Mitiyagoda",0,80330
1245698,LK,,GL,6.1425,80.1524,,,Galle,,Ginimellagaha,Ginimellagaha West,,0,80220
1246745,LK,,BD,6.9387,80.9717,,,Badulla,,Ettampitiya,Ettampitiya,"Ettampitiya,Ettampitiya Town,Ettanipitiya",0,90140
1231952,LK,,APR,7.26667,81.85,,,Ampara,,Palamunai,Palamunai,"Palaimuna,Palamunai",0,32354
1237243,LK,,KG,7.74111,80.41694,,,Kurunegala,,Maeliya,Maeliya,,0,60512
1243710,LK,,AD,8.0759,80.373,,,Anuradhapura,,Hurigaswewa,Hurigaswewa,,0,50176
1248080,LK,,KG,7.6729,80.4793,,,Kurunegala,,Diddeniya,Diddeniya,,0,60544
1248134,LK,,KE,7.2801,80.3186,,,Kegalle,,Dewalegama,Dewalegama,"Dewalagama,Dewalegama",0,71050
1241048,LK,,AD,7.6208,80.5515,,,Anuradhapura,,Katiyawa,Katiyawa,,0,50261
1250125,LK,,KE,7.0537,80.1701,,,Kegalle,,Batuwita,Batuwita,,0,71321
1228484,LK,,NW,6.9317,80.5495,,,Nuwara Eliya,,Rozella,Rozella,"Rozella,Rozelle",0,22008
1232879,LK,,AD,8.2631,80.2044,,,Anuradhapura,,Nochchiyagama,Nochchiyagama,,0,50200
1225985,LK,,HB,6.3391,81.1337,,,Hambantota,,Udamattala,Udamattala,,0,82638
1227767,LK,,MH,6.06667,80.76667,,,Matara,,Siyambalagoda,Siyambalagoda,"Siyambalagasgoda,Siyambalagoda",0,81462
1229436,LK,,BC,7.96667,81.38333,,,Batticaloa,,Punanai,Punanai,Punanai,0,30428
1241622,LK,,KY,7.2955,80.6356,,,Kandy,,Kandy,Kandy,"Gorad Kandy,KDW,Kandi,Kandis,Kandy,Mahanurora,Mahanuvara,Mahanuwara,kaendi,kaindi,kandy,kang ti,kanti,kendi,kndy,kyandi,Горад Канды,Канди,Канді,Կանդի,קאנדי,كاندي,کندی,کینڈی,कॅन्डी,कैंडी,क्यान्डी,ক্যান্ডি,கண்டி,കണ്ടി,මහනවර,මහනුවර,กัณฏิ,კანდი,キャンディ,康提,캔디",111701,20000
1224551,LK,,AD,8.15,80.5,,,Anuradhapura,,Walagambahuwa,Walagambahuwa,,0,50086
1242507,LK,,GL,6.2159,80.2072,,,Galle,,Kahaduwa,Kahaduwa,"Kahaduwa,Kanaduwa",0,80460
1250720,LK,,CO,6.953,80.2075,,,Colombo,,Avissawella,Avissawella,Avissawella,0,10700
7433716,LK,,KY,7.4173,80.5617,,,Kandy,,Batagolladeniya,Batagolladeniya,,0,20154
1222813,LK,,MH,6.03333,80.6,,,Matara,,Yatiyana,Yatiyana,,0,81034
1234339,LK,,KG,7.5469,80.0652,,,Kurunegala,,Munamaldeniya,Munamaldeniya,,0,60218
1236243,LK,,KG,7.6338,80.1061,,,Kurunegala,,Mandapola,Mandapola,,0,60434
1242221,LK,,GQ,7.195,80.11361,,,Gampaha,,Kaleliya,Kaleliya,,0,11160
1244582,LK,,CO,6.8841,79.8608,,,Colombo,,Havelock Town,Havelock Town,Havelock Town,0,00500
1247292,LK,,GQ,7.099,79.913,,,Gampaha,,Ekala,Ekala,"Ekala,Ekela",0,11380
1224588,LK,,AD,8.4771,80.5173,,,Anuradhapura,,Wahamalgollewa,Wahamalgollewa,,0,50492
1225365,LK,,MH,6.3041,80.6312,,,Matara,,Urubokka,Urubokka,,0,81600
1226350,LK,,GQ,6.9345,80.0902,,,Gampaha,,Tittapattara,Tittapattara,,0,10664
1227135,LK,,AD,8.15,80.3,,,Anuradhapura,,Tambuttegama,Tambuttegama,,0,50240
1243976,LK,,NW,6.9536,80.4446,,,Nuwara Eliya,,Hitigegama,Hitigegama,Hitigegama,0,22046
1247594,LK,,KG,7.4578,80.383,,,Kurunegala,,Doratiyawa,Doratiyawa,,0,60013
1232402,LK,,CO,6.8408,80.0897,,,Colombo,,Padukka,Padukka,Padukka,0,10500
1232413,LK,,KG,7.5477,79.9797,,,Kurunegala,,Padiwela,Padiwela,,0,60236
1241732,LK,,NW,6.9894,80.8127,,,Nuwara Eliya,,Kandapola,Kandapola Colony,"Kandapola,Kandapola Colony",0,22220
1242155,LK,,BC,7.46667,81.8,,,Batticaloa,,Kallar,Kallar,,0,30250
1242877,LK,,HB,6.1565,80.7256,,,Hambantota,,Ittademaliya,Ittademaliya,"Ithademaliya,Ittademaliya",0,82462
1244865,LK,,KY,7.28333,80.98333,,,Kandy,,Handaganawa,Handaganawa,Handaganawa,0,20984
1230613,LK,,GQ,6.9685,79.8836,,,Gampaha,,Peliyagoda,Peliyagoda,Peliyagoda,30717,11830
1235114,LK,,CO,6.8479,80.0484,,,Colombo,,Meegoda,Meegoda,"Meegoda,Migoda",0,10504
1237460,LK,,GQ,7.2507,79.9509,,,Gampaha,,Ihala Madampella,Ihala Madampella,"Ihala Madampella,Madampella Ihala",0,11265
1238694,LK,,MJ,6.5219,81.1228,,,Moneragala,,Uva Kudaoya,Kudaoya,,0,91298
1239142,LK,,MJ,7.1236,81.1902,,,Moneragala,,Kotagama,Kotagama,,0,91512
1224537,LK,,GL,6.0568,80.2475,,,Galle,,Walahanduwa,Walahanduwa,,0,80046
1245355,LK,,HB,6.2423,81.1053,,,Hambantota,,Gonnoruwa,Gonnoruwa,"Gonnoruwa,Gonoruwa",0,82006
7474691,LK,,KY,7.2197,80.9958,,,Kandy,,Ambagahapelessa,Ambagahapelessa,,0,20986
1248046,LK,,KG,7.87717,80.11321,,,Kurunegala,,Digannewa,Digannewa,,0,60485
7557516,LK,,HB,6.4572,80.7187,,,Hambantota,,Pallekanda,Pallekanda,,0,82454
1224080,LK,,KY,7.2373,80.5431,,,Kandy,,Wattappola,Wattappola,Wattappola,0,20454
1224118,LK,,CO,6.8509,80.064,,,Colombo,,Watareka,Watareka South,"Watareka,Watareka South",0,10511
1226371,LK,,HB,6.2765,81.2865,,,Hambantota,,Tissamaharama,Tissamaharama,"TTW,Tissa,Tissamaharama",0,82600
1230085,LK,,BD,7.1162,81.1262,,,Badulla,,Pitamaruwa,Pitamaruwa,,0,90544
1234436,LK,,PX,7.901,79.7534,,,Puttalam,,Mukkutoduwawa,Mukkutoduwawa,"Mukkutoduwawa,Mukkuwa Toduwa",0,61274
1242265,LK,,CO,7.16667,80.11667,,,Colombo,,Kalatuwawa,Kalatuwawa,,0,10718
1244244,LK,,KY,7.107,80.7648,,,Kandy,,Hewaheta,Hewaheta,Hewaheta,0,20440
1250515,LK,,MJ,6.5716,81.049,,,Moneragala,,Balaharuwa,Balaharuwa,,0,91295
1251995,LK,,KY,7.4042,80.6087,,,Kandy,,Alawatugoda,Alawatugoda,,0,20140
1224680,LK,,APR,7.11667,81.53333,,,Ampara,,Wadinagala,Wadinagala,Vadinagala,0,32039
1226498,LK,,BD,7.0195,81.0672,,,Badulla,,Timbirigaspitiya,Timbirigaspitiya,"Thimbirigaspitiya,Timbirigaspitiya",0,90012
1227684,LK,,AD,7.9474,80.5172,,,Anuradhapura,,Siyambalewa,Siyambalewa,,0,50184
1240517,LK,,KY,7.2945,80.711,,,Kandy,,Kengalla,Kengalla,Kengalla,0,20186
1241250,LK,,BD,6.8336,81.0705,,,Badulla,,Uva Karandagolla,Karandagolla,,0,90091
1243867,LK,,KT,6.7159,80.0626,,,Kalutara,,Horana,Horana South,"Horana,Horana South",8982,12400
1247131,LK,,GQ,7.144,80.1241,,,Gampaha,,Ellakkala,Ellakkala,,0,11116
1248379,LK,,GQ,6.9909,80.008,,,Gampaha,,Delgoda,Delgoda,,0,11700
1248516,LK,,CO,6.8905,80.027,,,Colombo,,Dedigamuwa,Dedigamuwa,"Dedigamuwa,Dedigomuwa",0,10656
1250802,LK,,PR,7.85,80.86667,,,Polonnaruwa,,Attanakadawala,Attanakadawala,,0,51235
1225308,LK,,KE,7.2162,80.4483,,,Kegalle,,Ussapitiya,Ussapitiya,,0,71510
1225761,LK,,KE,7.454,80.3993,,,Kegalle,,Udumulla,Udumulla,,0,71521
1225924,LK,,MT,7.41667,80.65,,,Matale,,Udatenna,Udatenna,Udatenna,0,21006
1229157,LK,,GQ,7.1785,80.1409,,,Gampaha,,Radawadunna,Radawadunna,,0,11892
1230246,LK,,KY,7.3022,80.6762,,,Kandy,,Pilawala,Pilawala,Pilawala,0,20196
1232408,LK,,APR,7.40018,81.24283,,,Ampara,,Padiyatalawa,Padiyatalawa,,0,32100
1235000,LK,,GQ,7.1663,79.9533,,,Gampaha,,Minuwangoda,Minuwangoda,Minuwangoda,7772,11550
1240098,LK,,KG,7.5617,80.4807,,,Kurunegala,,Kirindigalla,Kirindigalla,,0,60502
1240669,LK,,AD,8.0385,80.5941,,,Anuradhapura,,Kekirawa,Kekirawa,"Kekirawa,Kekirawa Bazaar",0,50100
1244851,LK,,CO,6.7939,80.1441,,,Colombo,,Handapangoda,Handapangoda,Handapangoda,0,10524
1245658,LK,,PR,7.98333,80.93333,,,Polonnaruwa,,Giritale,Giritale,"Giritala,Giritale",0,51026
1246428,LK,,KG,7.9965,80.2675,,,Kurunegala,,Galgamuwa,Galgamuwa,,0,60700
1247311,LK,,RN,6.8502,80.2624,,,Ratnapura,,Eheliyagoda,Eheliyagoda,,0,70600
1251252,LK,,GQ,7.1818,79.9001,,,Gampaha,,Andiambalama,Andiambalama,Andiambalama,0,11558
1233150,LK,,HB,6.08333,80.7,,,Hambantota,,Nihiluwa,Nihiluwa,,0,82414
1230961,LK,,AD,8.4945,80.8654,,,Anuradhapura,,Parangiyawadiya,Parangiyawadiya,"Parangiyawadiwa,Parangiyawadiya",0,50354
1233892,LK,,MJ,6.8875,81.2939,,,Moneragala,,Nakkala,Nakkala,,0,91003
1234490,LK,,GQ,7.061,80.0049,,,Gampaha,,Mudungoda,Mudungoda,,0,11056
1240873,LK,,GQ,7.2234,79.9383,,,Gampaha,,Katuwellegama,Katuwellegama,,0,11526
1241964,LK,,KT,6.5831,79.9593,,,Kalutara,,Kalutara,Kalutara,"KTY,Kalutara,Kalutara South,Калутара",38000,12000
8305079,LK,,NW,6.9268,80.4888,,,Nuwara Eliya,,Laxapana,Laxapana,,0,22034
1224085,LK,,GQ,6.9779,79.8898,,,Gampaha,,Wattala,Wattala,Wattala,30725,11104
1248185,LK,,KE,6.9314,80.3352,,,Kegalle,,Deraniyagala,Deraniyagala,Deraniyagala,0,71430
1250500,LK,,RN,6.6466,80.7007,,,Ratnapura,,Balangoda,Balangoda,Balangoda,0,70100
1250603,LK,,MJ,7.0878,81.4329,,,Moneragala,,Baduluwela,Baduluwela,,0,91058
1252125,LK,,MH,6.1007,80.4693,,,Matara,,Akuressa,Akuressa,Akuressa,0,81400
1225933,LK,,KY,7.343,80.6463,,,Kandy,,Udatalawinna,Udatalawinna,,0,20802
1228457,LK,,GQ,7.4074,80.0869,,,Gampaha,,Rukmale,Rukmale,,0,11129
1234384,LK,,CO,6.8796,80.0131,,,Colombo,,Mullegama,Mullegama,,0,10202
1236476,LK,,BD,7.4,81.05,,,Badulla,,Malgoda,Malgoda,,0,90754
1224616,LK,,CO,6.9019,80.1236,,,Colombo,,Waga,Waga,Waga,0,10680
1230153,LK,,RN,6.7087,80.6789,,,Ratnapura,,Pinnawala,Pinnawala,"Pinnawala,Pinnawela",0,70130
1235806,LK,,KT,6.5204,80.1128,,,Kalutara,,Matugama,Matugama,"Matugama,Matuguma",0,12100
1236606,LK,,KG,8.0987,80.3427,,,Kurunegala,,Makulewa,Makulewa,,0,60714
1237305,LK,,KY,7.3979,80.731,,,Kandy,,Madulkele,Madulkele,"Madulkele,Madulkele Bazaar",0,20840
1225664,LK,,KY,7.1031,80.5572,,,Kandy,,Ulapane,Ulapane,Ulapane,0,20562
1226307,LK,,TC,8.4055,81.3086,,,Trincomalee,,Toppur,Toppur,"Toppur,Topur",0,31250
1239174,LK,,PX,7.3692,79.893,,,Puttalam,,Koswatta,Koswatta,,0,61158
1239236,LK,,GL,6.338,80.0262,,,Galle,,Kosgoda,Kosgoda,Kosgoda,0,80570
1242040,LK,,KY,7.38333,80.88333,,,Kandy,,Kalugala,Kalugala,,0,20926
1242385,LK,,MT,7.5072,80.6569,,,Matale,,Kaikawala,Kaikawala,"Kaikawala,Kayikawala,Kayikawela",0,21066
1251534,LK,,NW,6.9658,80.4958,,,Nuwara Eliya,,Ambatalawa,Ambatalawa,,0,20686
1232310,LK,,AD,8.1988,80.2808,,,Anuradhapura,,Pahalagama,Pahalagama,,0,50244
1232588,LK,,GL,6.3587,80.1412,,,Galle,,Opatha,Opatha,"Opata,Opatha",0,80142
1234906,LK,,KT,6.7448,80.0922,,,Kalutara,,Miwanapalana,Miwanapalana,"Mivanapalana,Miwanapalana",0,12424
1237980,LK,,KG,7.4863,80.3623,,,Kurunegala,,Kurunegala,Kurunegala,"Kornegalle,Kurunegal,Kurunegala,Kurunegald,krnygala,kulunegalla,kurunakal,kurunegara,kwrwnyghala,Курунегала,كورونيغالا,کرنیگالا,குருணாகல்,කරණෑගල නගරය,කුරුණෑගල නගරය,クルネーガラ,쿠루네갈라",28571,60000
1239975,LK,,KT,6.4996,80.1807,,,Kalutara,,Kitulgoda,Kitulgoda,"Kithulgoda,Kitulgoda",0,12222
1242050,LK,,BD,7.1264,81.0975,,,Badulla,,Kalugahakandura,Kalugahakandura,,0,90546
1244268,LK,,KE,7.2094,80.358,,,Kegalle,,Hettimulla,Hettimulla,,0,71210
1247280,LK,,MJ,7.3,81.21667,,,Moneragala,,Ekiriyankumbura,Ekiriyankumbura,"Ekeriyankumbura,Ekiriyankumbura,Ekriyankumbura",0,91502
1247501,LK,,PX,7.4265,79.8985,,,Puttalam,,Dunkannawa,Dunkannawa,,0,61192
1249534,LK,,BD,6.95,80.93333,,,Badulla,,Bowela,Bowela,,0,90302
1249646,LK,,MH,6.1564,80.4872,,,Matara,,Bopagoda,Bopagoda,,0,81412
1250287,LK,,PX,7.627,79.8195,,,Puttalam,,Bangadeniya,Bangadeniya,,0,61238
1231058,LK,,KY,7.1123,80.607,,,Kandy,,Paradeka,Paradeka,Paradeka,0,20578
1236047,LK,,MT,7.58333,80.96667,,,Matale,,Maraka,Maraka,,0,21554
1236398,LK,,GQ,6.9414,80.021,,,Gampaha,,Malwana,Malwana,Malwana,0,11670
1225187,LK,,BC,8.13333,81.43333,,,Batticaloa,,Vakarai,Vakarai,Vakarai,21000,30450
1234066,LK,,KG,7.68333,80.06667,,,Kurunegala,,Nabadewa,Nabadewa,,0,60482
1235302,LK,,KY,7.3184,80.6995,,,Kandy,,Menikhinna,Menikhinna Town,"Menikhinna,Menikhinna Town",0,20170
1238017,LK,,AD,8.2,80.45,,,Anuradhapura,,Kurundankulama,Kurundankulama,,0,50062
1246030,LK,,BD,6.9186,81.2056,,,Badulla,,Gamewela,Gamewela,,0,90512
1247677,LK,,KY,7.3899,80.5794,,,Kandy,,Dolapihilla,Dolapihilla,Dolapihilla,0,20126
1248510,LK,,KE,7.0991,80.4016,,,Kegalle,,Dedugala,Dedugala,"Dedugala,Dedugalla",0,71237
1246007,LK,,GQ,7.0897,79.9925,,,Gampaha,,Gampaha,Gampaha,"Gampaha,Qampaha,ganpaha,jia mu po ha,kampaka,گامپاہا,கம்பகா,ගම්පහ,გამპაჰა,ガンパハ,加姆珀哈",9350,11000
1249664,LK,,KT,6.5721,80.0096,,,Kalutara,,Bombuwala,Bombuwala,"Bombuwala,Bombuwela",0,12024
1249931,LK,,KT,6.4788,79.9828,,,Kalutara,,Beruwala,Beruwala,Beruwala,34250,12070
1225405,LK,,BD,7.23333,81.1,,,Badulla,,Uraniya,Uraniya,,0,90702
1225809,LK,,GL,6.2211,80.3336,,,Galle,,Udugama,Udugama,,0,80070
1246294,LK,,GL,6.0367,80.217,,,Galle,,Galle,Galle,"Gale,Galla,Galle,Galė,Gorad Gale,Gálla,gal,gala,gale,gali,galla,galy,ghaly,goru,jia lei,kali,kxll,Гале,Галле,Горад Гале,Ґалле,גאלה,غالي,گال,گالی,गाल,गाली,गाल्ल,গালে,காலி,ഗാലെ,ගාල්ල,กอลล์,გალე,ゴール,加勒,갈",93118,80000
1248575,LK,,KG,7.3573,79.9829,,,Kurunegala,,Daraluwa,Daraluwa,,0,60174
7433625,LK,,KE,7.3124,80.4339,,,Kegalle,,Pattampitiya,Pattampitiya,,0,71130
7616591,LK,,BD,6.8097,80.893,,,Badulla,,Pitapola,Pitapola,,0,90171
1223114,LK,,HB,6.151,80.7643,,,Hambantota,,Weeraketiya,Weeraketiya,"Weeraketiya,Wiraketiya,Wiraketiyagoda",0,82240
1228493,LK,,MH,6.2469,80.5826,,,Matara,,Rotumba,Rotumba North,"Rotumba,Rotumba North",0,81074
1232259,LK,,AD,8.05,80.38333,,,Anuradhapura,,Kalankuttiya,Pahala Kalankuttiya,"Kalankuttiya,Pahala Kalankuttiya",0,50174
1247702,LK,,KG,7.5729,80.5377,,,Kurunegala,,Dodangaslanda,Dodangaslanda,,0,60530
8304328,LK,,RN,6.7804,80.3164,,,Ratnapura,,Teppanawa,Teppanawa,"Teppanawa,Theppanawa",0,70512
1240521,LK,,AD,8.4858,80.6067,,,Anuradhapura,,Kendewa,Kendewa,"Kendawa,Kendewa",0,50452
1248917,LK,,GQ,7.2219,79.9279,,,Gampaha,,Dagonna,Dagonna,"Dagona,Dagonna",0,11524
7474952,LK,,BD,7.065,81.0619,,,Badulla,,Egodawela,Egodawela,,0,90013
7616446,LK,,BD,6.838,80.8638,,,Badulla,,Kandepuhulpola,Kandepuhulpola,,0,90356
1223999,LK,,RN,6.489,80.4276,,,Ratnapura,,Waturawa,Waturawa,,0,70456
1234605,LK,,KT,6.6594,79.9726,,,Kalutara,,Morontuduwa,Morontuduwa,,0,12564
1241808,LK,,KG,7.61667,80.2,,,Kurunegala,,Kanattewewa,Kanattewewa,,0,60422
1244188,LK,,AD,8.2591,80.3983,,,Anuradhapura,,Hidogama,Hidogama,,0,50044
1247282,LK,,KY,7.1474,80.7562,,,Kandy,,Ekiriya,Ekiriya,,0,20732
1250272,LK,,PX,7.7931,79.8601,,,Puttalam,,Baranankattuwa,Baranankattuwa,"Baralankattuwa,Baranankattuwa",0,61262
1252135,LK,,KY,7.36667,80.61667,,,Kandy,,Akurana,Akurana,,0,20850
11205261,LK,,KG,7.61313,80.17518,,,Kurunegala,,Bandara Koswatta,Bandara Koswatta,,0,60424
1229724,LK,,APR,6.8762,81.8267,,,Ampara,,Pottuvil,Pottuvil,"AYY,Pottuvil,Pottuville",0,32500
1232461,LK,,KT,6.4526,80.0096,,,Kalutara,,Padagoda,Padagoda,,0,12074
1236358,LK,,PX,7.9991,79.7391,,,Puttalam,,Mampuri,Mampuri,"Mampuri,Narakadu",0,61341
1240453,LK,,KY,7.2103,80.5795,,,Kandy,,Ketakumbura,Ketakumbura,Ketakumbura,0,20306
1248835,LK,,KG,7.3633,80.1653,,,Kurunegala,,Dambadeniya,Dambadeniya,Dambadeniya,0,60130
1237556,LK,,GQ,6.9714,80.0933,,,Gampaha,,Lunugama,Pahala Lunugama,"Lunugama,Pahala Lunugama",0,11062
1247778,LK,,MH,5.98333,80.56667,,,Matara,,Diyagaha,Diyagaha,,0,81038
1249593,LK,,KG,7.68333,80.05,,,Kurunegala,,Boraluwewa,Boraluwewa,,0,60437
1250749,LK,,CO,6.8687,79.9998,,,Colombo,,Athurugiriya,Athurugiriya,"Athurugiriya,Aturugiriya",0,10150
1224510,LK,,KG,7.4217,80.0119,,,Kurunegala,,Walakumburumulla,Walakumburumulla,,0,60198
1228708,LK,,MT,7.5205,80.6798,,,Matale,,Rattota,Rattota,"Rattota,Rattota Town",0,21400
1231015,LK,,KT,6.4052,80.1253,,,Kalutara,,Paraigama,Paraigama,,0,12122
1234973,LK,,GQ,7.2439,80.1212,,,Gampaha,,Mirigama,Mirigama,Mirigama,0,11200
1237838,LK,,BD,6.9977,81.0039,,,Badulla,,Landewela,Landewela,,0,90068
1245133,LK,,GL,6.4001,80.0361,,,Galle,,Haburugala,Haburugala,Haburugala,0,80506
1248602,LK,,GQ,7.207,80.1769,,,Gampaha,,Danowita,Danowita,Danowita,0,11896
1224114,LK,,NW,6.9442,80.5377,,,Nuwara Eliya,,Watawala,Watawala,,0,22010
1224168,LK,,KG,8.1162,80.1565,,,Kurunegala,,Warawewa,Warawewa,,0,60739
1239093,LK,,MH,6.296,80.5421,,,Matara,,Kotapola,Kotapola North,"Kotapola,Kotapola North",0,81480
1248290,LK,,KG,7.5219,80.2898,,,Kurunegala,,Demataluwa,Demataluwa,,0,60024
1252139,LK,,MT,7.6467,80.6014,,,Matale,,Akuramboda,Akuramboda,Akuramboda,0,21142
1229293,LK,,PX,8.0362,79.8283,,,Puttalam,,Puttalam,Puttalam,"Putalao,Putalão,Puttalam,pu ta lei mu qu,puttalam,puttaramu,پوٹالام,புத்தளம்,පුත්තලම,プッタラム,普塔勒姆區",45661,61300
1232702,LK,,MJ,6.7456,81.3057,,,Moneragala,,Okkampitiya,Okkampitiya,"Okkampitiya,Okkampitiya Ihalagama",0,91060
1247862,LK,,KG,7.75,80.2,,,Kurunegala,,Divullegoda,Divullegoda,"Divullegoda,Diwullegoda",0,60472
1230730,LK,,BD,6.8751,80.979,,,Badulla,,Pattiyagedara,Pattiyagedara,"Pattiyagedara,Pattiyagedaragama,Pattiyagederagama",0,90138
1247084,LK,,PR,7.91667,80.55,,,Polonnaruwa,,Ellewewa,Ellewewa,,0,51034
1223214,LK,,NW,7.011,80.6238,,,Nuwara Eliya,,Wijebahukanda,Wijebahukanda,Wijebahukanda,0,22018
1244068,LK,,GL,6.3126,80.3116,,,Galle,,Hiniduma,Hiniduma,,0,80080
1250034,LK,,KT,6.5237,80.1765,,,Kalutara,,Bellana,Bellana,,0,12224
1251511,LK,,GQ,7.2507,80.1723,,,Gampaha,,Ambepussa,Ambepussa,,0,11212
1245463,LK,,KG,7.5135,80.0754,,,Kurunegala,,Ihala Gomugomuwa,Gomugomuwa Ihala,,0,60211
1225788,LK,,BD,6.96667,80.86667,,,Badulla,,Uduhawara,Uduhawara,"Uduhawara,Uduhawera",0,90226
1228964,LK,,CO,6.9144,80.032,,,Colombo,,Ranala,Ranala,"Ranala,Ranale",0,10654
1229932,LK,,KY,7.3308,80.6461,,,Kandy,,Polgolla,Polgolla,Polgolla,0,20250
1231008,LK,,RN,6.8271,80.3126,,,Ratnapura,,Parakaduwa,Parakaduwa,,0,70550
1244844,LK,,KY,7.23333,80.58333,,,Kandy,,Handessa,Handessa,Handessa,0,20480
1246554,LK,,KE,7.1374,80.2333,,,Kegalle,,Galapitamada,Galapitamada,"Galapitamada,Galapitimada",0,71603
1247673,LK,,KY,7.0808,80.4693,,,Kandy,,Dolosbage,Dolosbage,"Dolosbage,Dolosbage Bazaar",0,20510
1248314,LK,,GQ,7.2282,79.8964,,,Gampaha,,Demanhandiya,Demanhandiya,,0,11270
7433671,LK,,KY,7.3742,80.586,,,Kandy,,Pujapitiya,Pujapitiya,,0,20112
1223875,LK,,GQ,7.1715,79.9665,,,Gampaha,,Wegowwa,Wegowwa,,0,11562
1228622,LK,,MJ,7.0262,81.386,,,Moneragala,,Ruwalwela,Ruwalwela,"Reulvala,Revulvala,Ruwalwela",0,91056
1228781,LK,,MH,5.96667,80.65,,,Matara,,Ratmale,Ratmale,,0,81030
1234625,LK,,MH,6.2594,80.4889,,,Matara,,Morawaka,Morawaka,,0,81470
1234808,LK,,MJ,6.8714,81.3487,,,Moneragala,,Monaragala,Monaragala,"Monaragala,Monaragalla,Moneragala",10236,91000
1235015,LK,,PR,8.04652,80.90251,,,Polonnaruwa,,Minneriya,Minneriya,"HIM,Minneriya,Minnerya",0,51410
1239583,LK,,APR,6.9897,81.8621,,,Ampara,,Komari,Komari,"Komari,Komariya",0,32418
1243750,LK,,KY,7.3,80.85,,,Kandy,,Hunnasgiriya,Hunnasgiriya,Hunnasgiriya,0,20948
1247733,LK,,BD,6.80964,80.95746,,,Badulla,,Diyatalawa,Diyatalawa,Diyatalawa,0,90150
1248415,LK,,GQ,6.9694,80.0481,,,Gampaha,,Dekatana,Dekatana,Dekatana,0,11690
1234408,LK,,RN,6.2945,80.7625,,,Ratnapura,,Mulendiyawala,Mulendiyawala,"Mulendiyawala,Mullendiyawala",0,70212
1237939,LK,,BD,7.2221,81.0612,,,Badulla,,Kuruwitenna,Kuruwitenna,,0,90728
1248186,LK,,MH,6.2432,80.4706,,,Matara,,Derangala,Derangala,,0,81454
1222842,LK,,HB,6.1056,80.692,,,Hambantota,,Yatigala,Yatigala,,0,82418
1229398,LK,,NW,7.0151,80.6697,,,Nuwara Eliya,,Pundaluoya,Pundaluoya Town,"Pundaloya,Pundaluoya,Pundaluoya Town,Punduloya",0,22120
1230604,LK,,RN,6.6222,80.541,,,Ratnapura,,Pelmadulla,Pelmadulla,,0,70070
1236694,LK,,KG,7.825,80.27496,,,Kurunegala,,Maho,Maho,"Mabo,Maho",0,60600
1236799,LK,,PX,7.9536,80.0573,,,Puttalam,,Mahauswewa,Mahauswewa,,0,61512
1250308,LK,,BD,6.8334,80.9853,,,Badulla,,Bandarawela,Bandarawela,"Bandarawela,Bandarawela Town",0,90100
1228883,LK,,HB,6.0985,80.8807,,,Hambantota,,Ranna,Ranna,,0,82125
1229974,LK,,KT,6.7266,80.0369,,,Kalutara,,Pokunuwita,Pokunuwita,,0,12404
1241187,LK,,MH,6.08333,80.6,,,Matara,,Karaputugala,Karaputugala,Karaputugala,0,81106
1223487,LK,,KY,7.31667,80.98333,,,Kandy,,Weragantota,Weragantota,"Weragamtota,Weragantota",0,20982
1236754,LK,,MT,7.5869,80.6072,,,Matale,,Mahawela,Mahawela,,0,21140
1239040,LK,,NW,7.0142,80.5897,,,Nuwara Eliya,,Kotmale,Kotmale,Kotmale,0,20560
1239978,LK,,KE,6.9966,80.4068,,,Kegalle,,Kitulgala,Kitulgala,Kitulgala,0,71720
1240144,LK,,KG,7.5104,80.136,,,Kurunegala,,Kirimetiyawa,Kirimetiyawa,,0,60184
1240258,LK,,HB,6.2098,80.6632,,,Hambantota,,Kirama,Kirama,,0,82550
1245012,LK,,KG,7.5963,80.0034,,,Kurunegala,,Halmillawewa,Halmillawewa,"Halmillawewa,Halmullawewa",0,60441
1228056,LK,,GQ,7.1305,79.8871,,,Gampaha,,Seeduwa,Seeduwa,"Seeduwa,Siduwa",0,11410
1231400,LK,,KG,7.5551,80.4577,,,Kurunegala,,Panagamuwa,Panagamuwa,,0,60052
1241562,LK,,KE,7.0805,80.2794,,,Kegalle,,Kannattota,Kannattota,"Kannatotta,Kannattota",0,71372
1249391,LK,,KG,7.4873,80.4676,,,Kurunegala,,Buluwala,Buluwala,,0,60076
1230856,LK,,BD,6.9346,81.1574,,,Badulla,,Passara,Passara,"Passara,Passara Town",0,90500
1231121,LK,,CO,6.8462,79.9448,,,Colombo,,Pannipitiya,Pannipitiya,Pannipitiya,0,10230
1234222,LK,,KY,7.2928,80.572,,,Kandy,,Murutalawa,Murutalawa,"Murutalawa,Muruthalawa",0,20232
1234749,LK,,KG,7.5501,80.1406,,,Kurunegala,,Moragane,Moragane Ihala,,0,60354
1237220,LK,,HB,6.21667,81.3,,,Hambantota,,Magama,Magama,,0,82608
1249961,LK,,BD,7.0544,80.9785,,,Badulla,,Beramada,Beramada,"Beramada,Beramada South",0,90066
1251542,LK,,KG,7.6214,80.4958,,,Kurunegala,,Ambanpola,Ambanpola,,0,60650
1224124,LK,,RN,6.5905,80.5033,,,Ratnapura,,Watapotha,Watapotha,"Watapota,Watapotha",0,70408
1224354,LK,,GQ,7.2601,80.0493,,,Gampaha,,Walpita,Walpita,,0,11226
1236649,LK,,MH,6.1368,80.5568,,,Matara,,Makandura,Makandura East,"Makandura,Makandura East",0,81070
1242401,LK,,RN,6.5825,80.5755,,,Ratnapura,,Kahawatta,Kahawatta,,0,70150
1245032,LK,,KT,6.5075,80.0276,,,Kalutara,,Halkandawila,Halkandawila,"Halkandawila,Halkandeville",0,12055
1245384,LK,,KG,7.3204,79.9974,,,Kurunegala,,Gonawila,Gonawila,,0,60170
7623815,LK,,GL,6.2882,80.2376,,,Galle,,Banagala,Banagala,,0,80143
1223083,LK,,HB,6.2594,81.2164,,,Hambantota,,Weerawila,Weerawila,"WRZ,Weerawila,Wirawila",0,82632
1233198,LK,,HB,6.0634,80.8363,,,Hambantota,,Netolpitiya,Netolpitiya,,0,82135
1237161,LK,,KE,7.0225,80.43333,,,Kegalle,,Mahabage,Mahabage,,0,71722
1244596,LK,,NW,6.8916,80.5955,,,Nuwara Eliya,,Hatton,Hatton,"Hatton,NUF",15073,22000
1250058,LK,,MT,7.71667,80.55,,,Matale,,Beligamuwa,Beligamuwa,Beligamuwa,0,21214
1222959,LK,,GL,6.1098,80.3454,,,Galle,,Yakkalamulla,Yakkalamulla,Yakkalamulla,0,80150
1238123,LK,,KG,7.6304,80.0235,,,Kurunegala,,Kuratihena,Kuratihena,"Kuratihena,Kuritihena",0,60438
1235069,LK,,MT,7.65028,80.57722,,,Matale,,Millawana,Millawana,,0,21154
7433878,LK,,KY,7.3325,80.7545,,,Kandy,,Putuhapuwa,Putuhapuwa,,0,20906
1233497,LK,,KY,7.0534,80.5321,,,Kandy,,Nawalapitiya,Nawalapitiya,Nawalapitiya,0,20650
1234513,LK,,GQ,7.2077,80.0545,,,Gampaha,,Muddaragama,Muddaragama,,0,11112
1234947,LK,,MH,5.93333,80.45,,,Matara,,Mirissa,Mirissa South,"Mirissa,Mirissa South",0,81740
1242872,LK,,KT,6.4217,80.0884,,,Kalutara,,Ittapana,Ittapana,,0,12116
1232344,LK,,KG,7.915,80.3626,,,Kurunegala,,Embogama,Pahala Embogama,"Embogama,Pahala Embogama",0,60718
1233855,LK,,PX,7.6946,79.8363,,,Puttalam,,Nalladarankattuwa,Nalladarankattuwa,"Nalladarankattu,Nalladarankattuwa,Nalldorankattuwa",0,61244
1236236,LK,,GQ,7.0188,80.083,,,Gampaha,,Mandawala,Mandawala North,"Mandawala,Mandawala North",0,11061
1237535,LK,,PX,7.3462,79.8634,,,Puttalam,,Lunuwila,Lunuwila,Lunuwila,0,61150
1241248,LK,,KY,7.1293,80.798,,,Kandy,,Karandagolla,Karandagolla,,0,20738
1244816,LK,,NW,6.9182,80.472,,,Nuwara Eliya,,Hangarapitiya,Hangarapitiya,Hangarapitiya,0,22044
1245877,LK,,HB,6.2833,80.7182,,,Hambantota,,Gangulandeniya,Gangulandeniya,,0,82586
1251453,LK,,GL,6.1916,80.1463,,,Galle,,Ampegama,Ampegama,,0,80204
1251746,LK,,PR,7.95,80.55,,,Polonnaruwa,,Alutwewa,Alutwewa,,0,51014
1224470,LK,,HB,6.1521,80.6941,,,Hambantota,,Walasmulla,Walasmulla,,0,82450
1225299,LK,,GQ,7.0421,79.8624,,,Gampaha,,Uswetakeiyawa,Uswetakeiyawa,,0,11328
1225735,LK,,KT,6.7662,80.0784,,,Kalutara,,Kuda Uduwa,Uduwa North,"Uduwa Kuda,Uduwa North",0,12426
1231704,LK,,MT,7.6246,80.6006,,,Matale,,Pallepola,Pallepola,,0,21152
1233670,LK,,KY,7.3481,80.7259,,,Kandy,,Naranpanawa,Naranpanawa,"Naranpanawa,Naranpanawe Egodagammedda,Naranpanawe Kandegammedda",0,20176
1234993,LK,,NW,7.0373,80.923,,,Nuwara Eliya,,Mipanawa,Mipanawa,"Meepanawa,Mipanawa",0,22254
1238765,LK,,KG,7.9935,80.381,,,Kurunegala,,Kudakatnoruwa,Kudakatnoruwa,"Kudakatnoruwa,Kudakatuoruwa,Kudakotuorawa",0,60754
1224522,LK,,MH,6.03333,80.65,,,Matara,,Walakanda,Walakanda,,0,81294
1228746,LK,,HB,6.2686,80.85,,,Hambantota,,Ratmalwala,Ratmalwala,,0,82276
1231328,LK,,RN,6.526,80.5581,,,Ratnapura,,Panapitiya,Panapitiya,,0,70152
1232610,LK,,PR,7.98333,81.08333,,,Polonnaruwa,,Onegama,Onegama,"Onagama,Onegama",0,51004
1235273,LK,,BD,6.96667,81.08333,,,Badulla,,Metigahatenna,Metigahatenna,,0,90540
1238053,LK,,PX,8.0246,80.0513,,,Puttalam,,Kuruketiyawa,Ihala Kuruketiyawa,"Ihala Kuruketiyawa,Kuruketiyawa",0,61516
1244840,LK,,MH,6.1895,80.6193,,,Matara,,Handugala,Handugala,,0,81326
1244949,LK,,RN,6.443,80.7175,,,Ratnapura,,Halwinna,Halwinna,,0,70171
1245433,LK,,APR,7.45,81.63333,,,Ampara,,Gonagolla,Gonagolla,,0,32064
1245928,LK,,GQ,7.0652,79.963,,,Gampaha,,Ganemulla,Ganemulla,Ganemulla,0,11020
1251890,LK,,KT,6.7085,79.9489,,,Kalutara,,Alubomulla,Alubomulla,,0,12524
1222933,LK,,BD,7.0469,80.9525,,,Badulla,,Yalagamuwa,Yalagamuwa,,0,90329
1226701,LK,,BC,7.7527,81.6417,,,Batticaloa,,Thannamunai,Thannamunai,"Tannamunai,Thannamunai",0,30024
1227136,LK,,KG,8.0806,80.2311,,,Kurunegala,,Tambutta,Tambutta,,0,60734
1228607,LK,,BD,7.23333,81.1,,,Badulla,,Ridimaliyadda,Ridimaliyadda,"Ridimaliyadda,Ridimalliadde",0,90704
1239970,LK,,AD,7.9185,80.631,,,Anuradhapura,,Kitulhitiyawa,Kitulhitiyawa,,0,50132
1243786,LK,,KG,7.78159,80.13706,,,Kurunegala,,Hulugalla,Hulugalla,"Hulugalla,Hulugalle",0,60477
1246209,LK,,PX,7.5,79.88333,,,Puttalam,,Galmuruwa,Galmuruwa,,0,61233
7442042,LK,,MJ,6.7117,81.4818,,,Moneragala,,Kotiyagala,Kotiyagala,,0,91024
1226356,LK,,AD,8.71667,80.75,,,Anuradhapura,,Tittagonewa,Tittagonewa,,0,50558
1227217,LK,,GL,5.9999,80.2787,,,Galle,,Talpe,Talpe,,3000,80615
1228057,LK,,CO,6.8232,79.9586,,,Colombo,,Siddamulla,Siddamulla,,0,10304
1244178,LK,,GL,6.1407,80.1012,,,Galle,,Hikkaduwa,Hikkaduwa,"Hikkaduwa,Khikkaduva,Хиккадува",1300,80240
1226157,LK,,KG,7.6023,80.1442,,,Kurunegala,,Tuttiripitigama,Tuttiripitigama,,0,60426
1228611,LK,,KG,7.5473,80.4963,,,Kurunegala,,Ridigama,Ridigama,,0,60040
1223930,LK,,MJ,6.8349,81.3879,,,Moneragala,,Wedikumbura,Wedikumbura,,0,91005
1234699,LK,,KG,7.75,80.3,,,Kurunegala,,Moragollagama,Moragollagama,,0,60640
1241138,LK,,PX,8.0638,79.9757,,,Puttalam,,Karuwalagaswewa,Karuwalagaswewa,,0,61314
1241694,LK,,BD,7.0276,81.0339,,,Badulla,,Kandegedara,Kandegedara Town,"Kandegedara,Kandegedara Town",0,90070
1244794,LK,,BD,6.9513,80.8729,,,Badulla,,Hangunnawa,Hangunnawa,,0,90224
1249608,LK,,BD,6.827,80.894,,,Badulla,,Boralanda,Boralanda,"Boralanda,Wangiyakumbura",0,90170
1249981,LK,,MH,6.2592,80.6012,,,Matara,,Bengamuwa,Bengamuwa,,0,81614
1224583,LK,,KE,7.096,80.1878,,,Kegalle,,Waharaka,Waharaka,"Waharaka,Wahareka",0,71304
1226260,LK,,TC,8.5711,81.2335,,,Trincomalee,,Trincomalee,Trincomalee,"Gorad Trynkamali,TRR,Trikomali,Trikunamalaja,Trincomalee,Trincomali,Trinkomale,Trinkomali,Trinkomalis,Trinquemalay,teulingkomalli,ting ke ma li,tirukkeanamala,tirukkonamalai,torinkomari,trinkomali,trynkwmaly,Горад Трынкамалі,Трикомали,Тринкомале,Тринкомали,Трінкомалі,ترينكومالي,ترینکومالی,त्रिंकोमली,திருக்கோணமலை,തിരുക്കോണമല,ත්‍රිකුණාමලය,ტრინკომალი,トリンコマリー,亭可馬里,亭可马里,트링코말리",108420,31000
1230078,LK,,NW,6.9984,80.4513,,,Nuwara Eliya,,Pitawala,Ihala Pitawala,"Ihala Pitawala,Pitawala",0,20682
1240410,LK,,MT,7.9412,80.7252,,,Matale,,Kibissa,Kibissa,,0,21122
1237389,LK,,RN,6.6763,80.6625,,,Ratnapura,,Meddekanda,Meddekanda,"Maddekanda,Meddekanda",0,70127
1249346,LK,,MJ,6.7608,81.2488,,,Moneragala,,Buttala,Buttala,"Buttala,Buttala Town",0,91100
7474496,LK,,KY,7.0542,80.7792,,,Kandy,,Elamulla,Elamulla,,0,20742
1227300,LK,,NW,6.9371,80.6581,,,Nuwara Eliya,,Talawakele,Talawakele,"Talawakele,Talawakele Town",3545,22100
1229213,LK,,CO,7.0331,80.0722,,,Colombo,,Puwakpitiya,Puwakpitiya,,0,10712
1234397,LK,,HB,6.1315,80.7305,,,Hambantota,,Mulkirigala,Mulkirigala,"Mulgirigala,Mulkirigala",0,82242
1244713,LK,,BD,6.76566,80.95104,,,Badulla,,Haputale,Haputale,"Haputale,Haputale Town",4721,90160
1247991,LK,,GL,6.0116,80.3729,,,Galle,,Dikkumbura,Dikkumbura,,0,80654
1252173,LK,,CO,6.9459,80.1114,,,Colombo,,Akarawita,Akarawita,,0,10732
1222905,LK,,BD,7.26667,81.15,,,Badulla,,Yalwela,Yalwela,,0,90706
1223963,LK,,BD,7.38333,81.16667,,,Badulla,,Wewatta,Wewatta,"Waywatta,Wewatta",0,90716
1234803,LK,,KG,7.83333,80.06667,,,Kurunegala,,Monnekulama,Monnekulama,,0,60495
1238404,LK,,PX,7.6577,79.8982,,,Puttalam,,Kumarakattuwa,Kumarakattuwa,Kumarakattuwa,0,61032
7435630,LK,,NW,7.0701,80.5904,,,Nuwara Eliya,,Nayapana Janapadaya,Nayapana Colony,,0,20568
7437650,LK,,KG,7.4328,79.9253,,,Kurunegala,,Welipennagahamulla,Welipennagahamulla,,0,60240
1225942,LK,,PX,7.7401,79.7915,,,Puttalam,,Udappuwa,Udappuwa South,,0,61004
1231130,LK,,KT,6.4399,80.1029,,,Kalutara,,Pannila,Pannila,,0,12114
1235151,LK,,KT,6.424,80.0631,,,Kalutara,,Meegama,Meegama,"Meegama,Migama",0,12094
1237778,LK,,RN,6.6627,80.4847,,,Ratnapura,,Lellopitiya,Lellopitiya,,0,70056
1238589,LK,,RN,6.7432,80.4772,,,Ratnapura,,Kudawa,Kudawa,,0,70005
1243732,LK,,GQ,7.2453,79.9974,,,Gampaha,,Hunumulla,Hunumulla,,0,11262
1244646,LK,,RN,6.5366,80.7455,,,Ratnapura,,Hatangala,Hatangala,,0,70105
1247653,LK,,KT,6.6476,80.0471,,,Kalutara,,Dombagoda,Dombagoda,,0,12416
1247985,LK,,NW,6.8713,80.6,,,Nuwara Eliya,,Dikoya,Dikoya,"Dickoya,Dikoya",0,22050
8303383,LK,,GL,6.0941,80.1429,,,Galle,,Ratgama,Ratgama,,0,80260
1231347,LK,,GL,6.2628,80.3223,,,Galle,,Panangala,Panangala,,0,80075
1233873,LK,,MT,7.6606,80.6424,,,Matale,,Nalanda,Nalanda,,0,21082
1243794,LK,,APR,6.914,81.6639,,,Ampara,,Hulannuge,Hulannuge,"Hulannuge,Hulanuge",0,32514
1227422,LK,,GL,6.3081,80.1985,,,Galle,,Talgaspe,Talgaspe,"Talagaspe,Talgaspe",0,80406
1233952,LK,,KG,7.76667,80.3,,,Kurunegala,,Nagollagama,Nagollagama,"Nagallegama,Nagollagama",0,60590
1234132,LK,,CO,6.95,79.86667,,,Colombo,,Mutwal,Mutwal,Mutwal,0,01500
1244682,LK,,NW,7.0493,80.8744,,,Nuwara Eliya,,Harasbedda,Harasbedda,Harasbedda,0,22262
1245240,LK,,RN,6.6911,80.576,,,Ratnapura,,Gurubewilagama,Gurubewilagama,,0,70136
1248508,LK,,KY,7.3353,80.4313,,,Kandy,,Dedunupitiya,Dedunupitiya,Dedunupitiya,0,20068
1227757,LK,,MJ,6.8043,81.1386,,,Moneragala,,Siyambalagune,Siyambalagune,,0,91202
1227909,LK,,AD,8.3804,80.5888,,,Anuradhapura,,Seeppukulama,Seeppukulama,"Seeppukulama,Sippikkulam,Sippikulama,Sippukulama",0,50380
1228858,LK,,RN,6.9022,80.4267,,,Ratnapura,,Ranwala,Ranwala,,0,70162
1232622,LK,,RN,6.3292,80.6918,,,Ratnapura,,Omalpe,Omalpe,,0,70215
1240703,LK,,KE,7.1664,80.5187,,,Kegalle,,Kehelpannala,Kehelpannala,,0,71533
1244264,LK,,KG,7.6033,80.0752,,,Kurunegala,,Hettipola,Hettipola,,0,60430
1246686,LK,,CO,6.93917,79.84361,,,Colombo,,Fort,Fort,Fort,0,00100
1249642,LK,,CO,6.832,80.1314,,,Colombo,,Bope,Bope,,0,10522
1251014,LK,,KE,7.1509,80.4614,,,Kegalle,,Aranayaka,Aranayaka,"Aranayaka,Aranayake",0,71540
1236854,LK,,CO,6.848,79.9265,,,Colombo,,Maharagama,Maharagama,Maharagama,66576,10280
1241982,LK,,MT,7.8,80.71667,,,Matale,,Kalundawa,Kalundawa,"Kalundawa,Kalundewa",0,21112
1225018,LK,,VA,8.7514,80.4971,,,Vavuniya,,Vavuniya,Vavuniya,"Vavunija,Vavuniya,Vavuniya Town,babuniya,vavuniya,wawwnya,wawwnyya,Вавуния,واوونیا,واوونییا,வவுனியா,වවුනියාව,バブニヤ",60176,43000
1235704,LK,,KY,7.1,80.56667,,,Kandy,,Mawatura,Mawatura,Mawatura,0,20564
1242440,LK,,AD,8.4214,80.6865,,,Anuradhapura,,Kahatagasdigiliya,Kahatagasdigiliya,"Kahatagahadigiliya,Kahatagasdigiliya",0,50320
1243788,LK,,KG,7.78333,80.18333,,,Kurunegala,,Hulogedara,Hulogedara,,0,60474
1244779,LK,,CO,6.9086,80.0796,,,Colombo,,Hanwella,Hanwella,Hanwella,0,10650
1245173,LK,,GL,5.9977,80.2958,,,Galle,,Habaraduwa,Habaraduwa,"Habaraduwa,Habaraduwa Centra,Habaraduwa Central",0,80630
1247488,LK,,NW,7.0,80.63333,,,Nuwara Eliya,,Dunukedeniya,Dunukedeniya,,0,22002
1250292,LK,,GQ,7.2266,80.0544,,,Gampaha,,Banduragoda,Banduragoda,,0,11244
