2960160,LU,RD,09,49.76437,5.88997,,Redange,Redange-sur-Attert,,Redange/Attert,Redange-sur-Attert,"Redange,Redange-sur-Attert,Redange/Attert,Redingen,Reiden,Réiden",1164,"L-8508,L-8507,L-8511,L-8510,L-8506"
2960478,LU,WI,02,49.88734,5.97892,,Wiltz,Esch-sur-Sûre,,Heiderscheid,Heiderscheid,Heiderscheid,424,"L-9156,L-9158,L-9157"
2960684,LU,CL,03,50.05472,6.03139,,Clervaux,Clervaux,,Clervaux,Clervaux,"Clerf,Clervaux,Cliarref,Cliärref,Gemeng Klierf,Kamuna Klervo,Klerf,Klervo,Klierf,klrww,Камуна Клерво,Клерво,کلروو",1103,"L-9711,L-9709,L-9710,L-9737,L-9714,L-9706,L-9713,L-9715,L-9712,L-9707,L-9708"
2960424,LU,RD,02,49.7225,5.90722,,Redange,Beckerich,,Hovelange,Hovelange,Hovelange,285,L-8538
2960319,LU,CL,01,50.06,5.94194,,Clervaux,Wincrange,,Lullange,Lullange,Lullange,132,"L-9780,L-9762"
2960336,LU,CL,01,50.0667,5.98051,,Clervaux,Wincrange,,Lentzweiler,Lentzweiler,,0,"L-9779,L-9761"
2960734,LU,DI,03,49.90862,6.0675,,Diekirch,Bourscheid,,Bourscheid,Bourscheid,"Bourscheid,Bourscheid-Plage,Burscheid",275,L-9140
2960078,LU,RD,02,49.72278,5.9275,,Redange,Beckerich,,Schweich,Schweich,Schweich,194,L-8562
2960588,LU,RD,11,49.77417,5.95556,,Redange,Useldange,,Everlange,Everlange,Everlange,370,L-8715
2960594,LU,WI,11,49.99778,5.94889,,Wiltz,Wiltz,,Eschweiler,Eschweiler,Eschweiler,205,L-9651
2960427,LU,LU,04,49.65749,6.23268,,Luxembourg,Niederanven,,Hostert,Hostert,"Hostert,Hostert du-Grunenwald",364,"L-6998,L-6970,L-6978,L-6989,L-6985,L-6988,L-6990,L-6996,L-6971"
2960662,LU,RD,07,49.85917,5.96139,,Redange,Grosbous,,Dellen,Dellen,Dellen,0,L-9144
2960730,LU,CL,01,50.02139,5.91139,,Clervaux,Wincrange,,Brachtenbach,Brachtenbach,Brachtenbach,159,L-9641
2960613,LU,RM,05,49.50528,6.31639,,Remich,Schengen,,Elvange,Elvange,"Elvange,Elvange-les-Burmerange,Elvange-lès-Burmerange,Elveng,Elvingen",713,"L-5692,L-5693"
2960185,LU,RD,05,49.77972,5.80944,,Redange,Ell,,Petit-Nobressart,Petit-Nobressart,Petit-Nobressart,89,L-8557
2960216,LU,ME,10,49.78694,6.17472,,Mersch,Nommern,,Nommern,Nommern,Nommern,272,L-7465
2960827,LU,RD,06,49.86139,5.84389,,Redange,Rambrouch,,Arsdorf,Arsdorf,Arsdorf,241,"L-8808,L-8809"
2959989,LU,CL,10,50.13722,6.075,,Clervaux,Weiswampach,,Weiswampach,Weiswampach,Weiswampach,691,"L-9992,L-9991,L-9990,L-9993"
2960026,LU,LU,06,49.6319,6.2771,,Luxembourg,Schuttrange,,Uebersyren,Uebersyren,Uebersyren,616,"L-5377,L-5380,L-5378,L-5376"
2960393,LU,WI,8641289,49.95278,6.02,,Wiltz,Kiischpelt,,Kautenbach,Kautenbach,Kautenbach,126,L-9663
2960781,LU,CA,03,49.57583,5.98389,,Capellen,Dippach,,Bettange-sur-Mess,Bettange-sur-Mess,"Bettange,Bettange-sur-Mess,Bettange-sur-Messe",992,"L-4975,L-4977,L-4976"
2960261,LU,ME,09,49.76806,6.11667,,Mersch,Mersch,,Moesdorf,Moesdorf,Moesdorf,353,"L-7463,L-7462"
2960387,LU,CA,06,49.69394,6.06789,,Capellen,Kehlen,,Keispelt,Keispelt,Keispelt,567,"L-8293,L-8294,L-8295"
2960615,LU,RM,04,49.52,6.29833,,Remich,Mondorf-les-Bains,,Ellange,Ellange,Ellange,299,"L-5691,L-5690"
11694426,LU,ME,08,49.69192,6.17478,,Mersch,Lorentzweiler,,Asselscheuer,Asselscheuer,,0,L-7392
2960356,LU,VD,01,49.92407,6.129,,Vianden,Tandel,,Landscheid,Landscheid,,76,L-9457
2960630,LU,EC,05,49.81212,6.41846,,Canton d'Echternach,Echternach,,Echternach,Echternach,"Echternach,Echternachas,Echternak,Ehkhtehrnakh,Ehkhternakh,Ekhternakh,Iechternach,akhtrnakh,ashtrnakh,ehitanaha,ehiteonaheu,Ехтернах,Эхтернах,Эхтэрнах,اخترناخ,اشترناخ,ეხტერნახი,エヒタナハ,에히터나흐",4787,"L-6440,L-6430,L-6418,L-6417,L-6466,L-6467,L-6442,L-6464,L-6421,L-6453,L-6477,L-6447,L-6422,L-6415,L-6446,L-6493,L-6438,L-6483,L-6475,L-6495,L-6431,L-6481,L-6478,L-6414,L-6416,L-6419,L-6471,L-6437,L-6420,L-6480,L-6484,L-6436,L-6449,L-6461,L-6476,L-6450,L-6434,L-6499,L-6455,L-6491,L-6492,L-6460,L-6462,L-6441,L-6490,L-6479,L-6445,L-6463,L-6496,L-6482,L-6470,L-6435,L-6439,L-6433,L-6486,L-6448,L-6472,L-6485"
2960534,LU,WI,04,49.92131,5.96601,,Wiltz,Gœsdorf,,Goesdorf,Goesdorf,"Geisdref,Goesdorf,Gosdorf,Gosdorf bei Wilz,Géisdref,Gösdorf,Gösdorf bei Wilz",251,L-9653
2960727,LU,VD,01,49.91141,6.1384,,Vianden,Tandel,,Brandenbourg,Brandenbourg,Brandenbourg,193,"L-9360,L-9361,L-9458"
2960127,LU,EC,07,49.8047,6.50532,,Canton d'Echternach,Rosport,,Rosport,Rosport,Rosport,681,"L-6579,L-6583,L-6581,L-6580,L-6582"
2960413,LU,WI,02,49.90167,5.88472,,Wiltz,Esch-sur-Sûre,,Insenborn,Insenborn,Insenborn,165,L-9660
2960617,LU,GR,05,49.69138,6.18363,,Grevenmacher,Junglinster,,Eisenborn,Eisenborn,Eisenborn,170,"L-6197,L-6196"
11703904,LU,CL,03,50.09253,6.07325,,Clervaux,Clervaux,,Kaesfurt,Kaesfurt,,0,L-9756
2960080,LU,RD,10,49.74611,5.97194,,Redange,Saeul,,Schwebach,Schwebach,Schwebach,55,L-8561
2960349,LU,ES,02,49.525,5.8375,,Canton d'Esch-sur-Alzette,Differdange,,Lasauvage,Lasauvage,,402,"L-4697,L-4696,L-4698"
2960447,LU,CL,01,50.09972,5.92333,,Clervaux,Wincrange,,Hoffelt,Hoffelt,Hoffelt,270,L-9960
2960067,LU,ES,13,49.52148,5.93781,,Canton d'Esch-sur-Alzette,Sanem,,Soleuvre,Soleuvre,"Soleuvre,Zolver,Zolwer",4988,"L-4486,L-4494,L-4415,L-4464,L-4484,L-4437,L-4465,L-4449,L-4467,L-4479,L-4441,L-4466,L-4423,L-4483,L-4433,L-4470,L-4417,L-4442,L-4405,L-4475,L-4482,L-4418,L-4435,L-4447,L-4480,L-4448,L-4463,L-4493,L-4432,L-4439,L-4459,L-4440,L-4469,L-4421,L-4434,L-4460,L-4492"
2960130,LU,RD,05,49.79444,5.82167,,Redange,Ell,,Roodt (Ell),Roodt,"Roodt,Roodt (Ell),Roodt-les-Ell,Roodt-lès-Ell,Rued",159,L-8560
2960659,LU,EC,07,49.7775,6.47222,,Canton d'Echternach,Rosport,,Dickweiler,Dickweiler,Dickweiler,111,L-6557
2960680,LU,ME,01,49.81028,6.09722,,Mersch,Berg,,Colmar-Berg,Colmar,"Colmar,Colmar-Berg",1776,"L-7715,L-7735,L-7724,L-7720,L-7741,L-7711,L-7727,L-7722,L-7730,L-7737,L-7716,L-7732,L-7734,L-7712,L-7726,L-7731,L-7714,L-7739,L-7733,L-7721,L-7740"
2960648,LU,CA,03,49.58701,5.9833,,Capellen,Dippach,,Dippach,Dippach,Dippach,808,"L-4972,L-4973,L-4974"
2960765,LU,CL,10,50.11889,6.03861,,Clervaux,Weiswampach,,Binsfeld,Binsfeld,Binsfeld,235,L-9946
11694501,LU,DI,03,49.91108,6.08746,,Diekirch,Bourscheid,,Bourscheid-Moulin,Bourscheid-Moulin,,0,L-9164
2960072,LU,LU,04,49.64535,6.23927,,Luxembourg,Niederanven,,Senningen,Senningen,Senningen,378,"L-6961,L-6960,L-6962"
2960229,LU,GR,03,49.63479,6.40243,,Grevenmacher,Flaxweiler,,Niederdonven,Niederdonven,Niederdonven,324,"L-5433,L-5434"
2960312,LU,GR,09,49.65897,6.43599,,Grevenmacher,Wormeldange,,Machtum,Machtum,"Machtum,Machum",304,"L-6842,L-6841,L-6840"
2960389,LU,CA,06,49.66833,6.03583,,Capellen,Kehlen,,Kehlen,Kehlen,Kehlen,1658,"L-8284,L-8288,L-8285,L-8281,L-8274,L-8290,L-8282,L-8286,L-8185,L-8280,L-8283,L-8289"
2960115,LU,ES,13,49.54806,5.92889,,Canton d'Esch-sur-Alzette,Sanem,,Sanem,Sanem,"Sanem,Sassenheim,Suessem",2489,"L-4990,L-4987,L-4988,L-4985,L-4986,L-4993,L-4989,L-4992"
2960125,LU,WI,11,49.95583,5.92472,,Wiltz,Wiltz,,Roullingen,Roullingen,Roullingen,0,L-9681
2960218,LU,WI,13,49.97972,5.91083,,Wiltz,Winseler,,Noertrange,Noertrange,Noertrange,274,L-9676
2960219,LU,RD,02,49.74222,5.92611,,Redange,Beckerich,,Noerdange,Noerdange,Noerdange,466,"L-8551,L-8550"
2960272,LU,WI,02,49.87107,5.96995,,Wiltz,Esch-sur-Sûre,,Merscheid,Merscheid,"Merscheid,Merscheid-les-Heiderscheid,Merscheid-lès-Heiderscheid",143,L-9165
2960134,LU,RM,00,49.54889,6.31722,,Remich,Bous,,Rolling,Rolling,"Rolling,Rollingen",117,L-5443
2960006,LU,WI,05,49.94417,5.78583,,Wiltz,Lac de la Haute-Sûre,,Watrange,Watrange,"Walter,Watrange",92,L-9690
2960088,LU,ME,04,49.74417,6.17083,,Mersch,Fischbach,,Schoos,Schoos,Schoos,164,L-7475
2960758,LU,VD,02,49.96028,6.19222,,Vianden,Putscheid,,Bivels,Bivels,"Bivels,Biwels",80,L-9453
2960042,LU,ES,06,49.47583,6.04222,,Canton d'Esch-sur-Alzette,Kayl,,Tétange,Tétange,"Tetange,Tétange",2929,"L-3781,L-3770,L-3772,L-3787,L-3780,L-3765,L-3784,L-3786,L-3774,L-3766,L-3775,L-3789,L-3771,L-3790,L-3761,L-3782,L-3762,L-3767,L-3768,L-3764,L-3776"
2960073,LU,WI,11,50.01806,5.94889,,Wiltz,Wiltz,,Selscheid,Selscheid,Selscheid,59,L-9682
2960609,LU,DI,8641526,49.84444,6.24972,,Diekirch,Commune de la Vallée de l’Ernz,,Eppeldorf,Eppeldorf,Eppeldorf,181,L-9365
2960742,LU,WI,02,49.90361,5.88806,,Wiltz,Esch-sur-Sûre,,Bonnal,Bonnal,"Bommel,Bonnal",0,L-9660
2960154,LU,RM,06,49.545,6.36694,,Remich,Remich,,Remich,Remich,"Rehmikh,Reimech,Rejmekh,Remich,Remichas,Remikh,Réimech,lei mi xi,rmysh,Ремих,Реміх,Рејмех,Рэміх,رمیش,雷米希",3187,"L-5573,L-5533,L-5514,L-5576,L-5517,L-5536,L-5572,L-5575,L-5539,L-5540,L-5512,L-5574,L-5523,L-5555,L-5515,L-5532,L-5522,L-5561,L-5577,L-5534,L-5537,L-5554,L-5520,L-5548,L-5538,L-5560,L-5513,L-5521,L-5531,L-5553,L-5550,L-5557,L-5535,L-5559,L-5530,L-5556,L-5519,L-5552"
2960521,LU,DI,07,49.83194,6.09306,,Diekirch,Ettelbruck,,Grentzingen,Grentzingen,Grentzingen,0,L-7758
2960543,LU,DI,02,49.86499,6.17979,,Diekirch,Bettendorf,,Gilsdorf,Gilsdorf,Gilsdorf,886,"L-9373,L-9370,L-9371,L-9221,L-9372"
2960777,LU,ES,01,49.51861,6.10278,,Canton d'Esch-sur-Alzette,Bettembourg,,Bettembourg,Bettembourg,"Beetebuerg,Betehmbur,Betemburas,Betembūras,Bettambur,Bettembourg,Bettemburg,Gemeng Beetebuerg,btmbwrg,Беттамбур,Беттембург,Бетэмбур,Բետտամբուր,بتمبورگ",7437,"L-3286,L-3266,L-3251,L-3235,L-3214,L-3213,L-3223,L-3285,L-3283,L-3378,L-3288,L-3221,L-3233,L-3222,L-3259,L-3220,L-3254,L-3212,L-3210,L-3239,L-3252,L-3217,L-3260,L-3275,L-3258,L-3267,L-3253,L-3279,L-3231,L-3230,L-3216,L-3236,L-3238,L-3257,L-3255,L-3276,L-3240,L-3272,L-3278,L-3277,L-3237,L-3261,L-3269,L-3241,L-3234,L-3219,L-3211,L-3232,L-3256,L-3271,L-3218,L-3273,L-3224,L-3280,L-3242,L-3270,L-3229,L-3250,L-3243,L-3274,L-3284"
2959980,LU,ES,10,49.54139,6.02167,,Canton d'Esch-sur-Alzette,Reckange-sur-Mess,,Wickrange,Wickrange,Wickrange,111,L-3980
2960023,LU,CL,03,50.07556,6.04667,,Clervaux,Clervaux,,Urspelt,Urspelt,Urspelt,54,L-9774
2960000,LU,WI,11,49.97068,5.93884,,Wiltz,Wiltz,,Weidingen,Weidingen,Weidingen,0,"L-9572,L-9518,L-9579,L-9576,L-9553,L-9517,L-9535"
2960266,LU,RD,12,49.81861,6.02028,,Redange,Vichten,,Michelbouch,Michelbouch,"Michelbouch,Michelbuch,Michelsberg",116,L-9173
11670382,LU,GR,09,49.60983,6.39999,,Grevenmacher,Wormeldange,,Wormeldange-Haut,Wormeldange-Haut,"Oberwormeldingen,Uewerwuermeldeng",0,L-5485
2960391,LU,ES,06,49.48917,6.03972,,Canton d'Esch-sur-Alzette,Kayl,,Kayl,Kayl,"Gemeng Keel,Kajl',Kayl,Keel,Kejl,Kelis,kyl  lwkzambwrg,Кайль,Кейл,کیل، لوکزامبورگ",4396,"L-3781,L-3673,L-3643,L-3679,L-3680,L-3682,L-3657,L-3640,L-3660,L-3677,L-3622,L-3655,L-3615,L-3656,L-3617,L-3678,L-3637,L-3616,L-3675,L-3652,L-3653,L-3612,L-3651,L-3670,L-3635,L-3611,L-3636,L-3654,L-3650,L-3644,L-3630,L-3681,L-3614,L-3641,L-3672,L-3631,L-3671,L-3676,L-3642,L-3674"
2959977,LU,WI,11,49.96547,5.9339,,Wiltz,Wiltz,,Wiltz,Wiltz,"Vil'c,Vilc,Vilcas,Wiltz,Wilz,Wolz,wyltz,Вилц,Вильц,Вільц,ویلتز",4816,"L-9555,L-9514,L-9520,L-9550,L-9512,L-9530,L-9513,L-9545,L-9543,L-9534,L-9536,L-9578,L-9522,L-9560,L-9556,L-9570,L-9541,L-9573,L-9674,L-9557,L-9523,L-9532,L-9574,L-9538,L-9537,L-9552,L-9511,L-9533,L-9531,L-9510,L-9516,L-9519,L-9551,L-9515,L-9571,L-9521,L-9544,L-9575,L-9554,L-9558,L-9539,L-9577,L-9542,L-9540"
2959983,LU,CL,10,50.15556,6.05333,,Clervaux,Weiswampach,,Wemperhardt,Wemperhardt,"Wemperhaard,Wemperhardt,Wemperhart",0,L-9999
2960638,LU,CL,03,50.01778,6.00611,,Clervaux,Clervaux,,Drauffelt,Drauffelt,Drauffelt,143,L-9746
2960666,LU,CA,04,49.60222,5.94833,,Capellen,Garnich,,Dahlem,Dahlem,Dahlem,389,"L-8352,L-8351"
2960720,LU,CA,08,49.65579,6.07999,,Capellen,Kopstal,,Bridel,Bridel,Bridel,2404,"L-8154,L-8158,L-8116,L-8141,L-8157,L-8147,L-8165,L-8118,L-8139,L-8132,L-8129,L-8138,L-8153,L-8156,L-8149,L-8167,L-8128,L-8126,L-8160,L-8142,L-8121,L-8127,L-8150,L-8152,L-8134,L-8145,L-8124,L-8151,L-8166,L-8140,L-8133,L-8135,L-8159,L-8119,L-8137,L-8143,L-8161,L-8125,L-8146,L-8123"
6696266,LU,LU,04,49.64907,6.22607,,Luxembourg,Niederanven,,Senningerberg,Senningerberg,,0,"L-1638,L-1239,L-2513,L-2434,L-1736,L-1245,L-1259,L-1670,L-2443,L-1709,L-2357,L-1448,L-2633,L-1748,L-2170,L-1209,L-1646"
2960109,LU,DI,03,49.89361,6.04472,,Diekirch,Bourscheid,,Scheidel,Scheidel,Scheidel,0,L-9182
2960532,LU,GR,05,49.69537,6.24577,,Grevenmacher,Junglinster,,Gonderange,Gonderange,Gonderange,1469,"L-6187,L-6184,L-6182,L-6190,L-6189,L-6180,L-6186,L-6185,L-6181,L-6188,L-6183"
2960625,LU,GR,09,49.59972,6.38778,,Grevenmacher,Wormeldange,,Ehnen,Ehnen,"Ehnen,Ennen,Ihnen",531,"L-5418,L-5416,L-5417,L-5489,L-5419,L-5488"
2960649,LU,EC,01,49.85361,6.31917,,Canton d'Echternach,Beaufort,,Dillingen,Dillingen,"Diligen,Dillingen",159,L-6350
2960531,LU,ME,07,49.72639,6.11694,,Mersch,Lintgen,,Gosseldange,Gosseldange,Gosseldange,458,L-7432
2960616,LU,RD,05,49.76389,5.85722,,Redange,Ell,,Ell,Ell,Ell,359,"L-8531,L-8530"
6691847,LU,DI,12,49.8739,6.28674,,Diekirch,Reisdorf,,Wallendorf-Pont,Wallendorf-Pont,"Wallendorf-Pont,Wallendorferbrueck,Wallendorferbrück,Wallenduerfer-Breck,Wallenduerfer-Bréck",0,L-9392
2960176,LU,RD,8641291,49.78933,5.93382,,Redange,Commune de Préizerdaul,,Platen,Platen,Platen,541,"L-8615,L-8611,L-8558"
2960595,LU,WI,02,49.91139,5.93639,,Wiltz,Esch-sur-Sûre,,Esch-sur-Sûre,Esch-sur-Sûre,"Ehsh-sjur-Sjur,Escch-sur-Sure,Esch,Esch-Sauer,Esch-sur-Sure,Esch-sur-Sûre,Esh-sjur-Sur,Gemeng Esch-Sauer,ash-swr-swr,Еш-сюр-Сур,Эш-сюр-Сюр,اش-سور-سور",333,L-9650
2960788,LU,GR,01,49.68342,6.35776,,Grevenmacher,Betzdorf,,Berg,Berg,"Berg,Berg-sur-Syre",93,"L-6922,L-6923"
2960333,LU,WI,05,49.91,5.8775,,Wiltz,Lac de la Haute-Sûre,,Liefrange,Liefrange,Liefrange,85,L-9665
2960807,LU,EC,02,49.7526,6.36379,,Canton d'Echternach,Bech,,Bech,Bech,"Bech,Bekh,Gemeng Bech,bk,bykh,Бех,بک,بیخ",380,"L-6231,L-6230"
2960201,LU,CL,01,50.01667,5.86083,,Clervaux,Wincrange,,Oberwampach,Oberwampach,Oberwampach,183,L-9673
2960536,LU,CL,09,50.14917,6.01333,,Clervaux,Troisvierges,,Goedange,Goedange,"Godange,Goedange,Goedingen,Gödange",45,L-9954
11703905,LU,EC,06,49.75405,6.3956,,Canton d'Echternach,Mompach,,Lilien,Lilien,,0,L-6231
2960021,LU,VD,03,49.935,6.20889,,Vianden,Vianden,,Vianden,Vianden,"Veianen,Vianden,Vijandehn,Vijanden,wei an deng,wyandn,Вианден,Вијанден,Віанден,Віяндэн,ویاندن,維安登",1626,"L-9426,L-9408,L-9411,L-9418,L-9412,L-9417,L-9422,L-9424,L-9425,L-9406,L-9416,L-9419,L-9420,L-9405,L-9409,L-9415,L-9440,L-9410,L-9414,L-9407,L-9421"
2960117,LU,LU,05,49.61471,6.22221,,Luxembourg,Sandweiler,,Sandweiler,Sandweiler,"Gemeng Sandweiler,Sandvajler,Sandvejler,Sandweiler,sndwaylr,Сандвайлер,Сандвейлер,سندوایلر",2522,"L-5239,L-5212,L-5238,L-5252,L-5230,L-5216,L-5232,L-5219,L-5251,L-5255,L-5218,L-5240,L-5231,L-5241,L-5222,L-5250,L-5237,L-5221,L-5214,L-5220,L-5233,L-5243,L-5217,L-5234,L-5213,L-5254,L-5236,L-5244,L-5256,L-5215,L-5253,L-5211"
2960475,LU,CL,03,50.09611,6.08806,,Clervaux,Clervaux,,Heinerscheid,Heinerscheid,Heinerscheid,429,L-9753
2960166,LU,LU,04,49.66032,6.23238,,Luxembourg,Niederanven,,Rameldange,Rameldange,"Rameldange,Rammeldange",682,"L-6975,L-6974,L-6980,L-6987,L-6972,L-6991,L-6995,L-6990,L-6996,L-6981,L-6979,L-6973"
2960533,LU,CA,07,49.66028,5.98167,,Capellen,Koerich,,Goetzingen,Goetzingen,"Goetzange,Goetzingen,Gotzange,Götzange",341,"L-8361,L-8360"
2960299,LU,CA,09,49.6275,6.02333,,Capellen,Mamer,,Mamer,Mamer,"Gemeng Mamer,Mamer,Mameris,ma mo,mamr,Мамер,مامر,马默",5017,"L-8215,L-8220,L-8235,L-8267,L-8233,L-8212,L-8232,L-8210,L-8222,L-8265,L-8219,L-8209,L-8211,L-8229,L-8217,L-8221,L-8270,L-8238,L-8260,L-8246,L-8236,L-8224,L-8252,L-8218,L-8225,L-8216,L-8247,L-8248,L-8259,L-8269,L-8261,L-8231,L-8240,L-8234,L-8226,L-8223,L-8254,L-8227,L-8245,L-8239,L-8237,L-8264"
2960676,LU,RD,05,49.76861,5.82,,Redange,Ell,,Colpach-Haut,Colpach-Haut,"Colpach-Haut,Haut-Colpach,Obercolpach",152,L-8528
2960337,LU,RM,03,49.60045,6.36719,,Remich,Lenningen,,Lenningen,Lenningen,Lenningen,338,"L-5430,L-5431"
7290933,LU,LU,03,49.58387,6.14277,,Luxembourg,Hesperange,,Howald,Howald,,0,"L-2611,L-1455,L-1749,L-1842,L-1231,L-2727,L-2370,L-5885,L-1232,L-2425,L-1274,L-2610,L-5884,L-1216,L-1867,L-2723,L-1949,L-1625,L-1223,L-1363,L-2129,L-5821,L-2272,L-2317,L-2524,L-1353,L-1467,L-1423,L-1508,L-2545,L-2412,L-5850,L-2529,L-1818,L-1137,L-1228,L-2416,L-2446,L-2112,L-1813,L-2319,L-1350"
2960420,LU,ES,01,49.51694,6.065,,Canton d'Esch-sur-Alzette,Bettembourg,,Huncherange,Huncherange,Huncherange,615,"L-3340,L-3341"
2960601,LU,DI,06,49.86472,6.11472,,Diekirch,Erpeldange,,Erpeldange-sur-Sûre,Erpeldange,"Erpeldange,Erpeldange-sur-Sure,Erpeldange-sur-Sûre",845,"L-9145,L-9146,L-9147"
2960733,LU,EC,06,49.75806,6.47861,,Canton d'Echternach,Mompach,,Boursdorf,Boursdorf,"Boursdorf,Busschdorf",22,L-6663
2960394,LU,WI,05,49.92139,5.90306,,Wiltz,Lac de la Haute-Sûre,,Kaundorf,Kaundorf,Kaundorf,192,L-9662
2959996,LU,LU,10,49.54083,6.20083,,Luxembourg,Weiler-la-Tour,,Weiler-la-Tour,Weiler-la-Tour,Weiler-la-Tour,484,"L-5774,L-5772,L-5770,L-5776,L-5775"
2960083,LU,ME,10,49.79778,6.15917,,Mersch,Nommern,,Schrondweiler,Schrondweiler,Schrondweiler,285,L-9184
2960226,LU,RD,09,49.75528,5.91222,,Redange,Redange-sur-Attert,,Niederpallen,Niederpallen,Niederpallen,374,L-8545
2960512,LU,CL,03,50.08333,6.06,,Clervaux,Clervaux,,Grindhausen,Grindhausen,Grindhausen,25,L-9751
2960814,LU,WI,01,49.89833,5.82028,,Wiltz,Boulaide,,Baschleiden,Baschleiden,Baschleiden,185,L-9633
2960102,LU,ES,14,49.50639,6.01278,,Canton d'Esch-sur-Alzette,Schifflange,,Schifflange,Schifflange,"Scheffleng,Schifflange,Schëffleng",8155,"L-3884,L-3839,L-3840,L-3826,L-3837,L-3854,L-3850,L-3881,L-3819,L-3836,L-3860,L-3823,L-3871,L-3870,L-3875,L-3876,L-3853,L-3821,L-3841,L-3812,L-3852,L-3877,L-3815,L-3817,L-3833,L-3873,L-3816,L-3842,L-3862,L-3857,L-3874,L-3883,L-4149,L-3814,L-3820,L-3855,L-3834,L-3810,L-3879,L-3872,L-3818,L-3882,L-3811,L-3813,L-3831,L-3832,L-3856,L-3858,L-3830"
2960410,LU,LU,03,49.58769,6.17065,,Luxembourg,Hesperange,,Itzig,Itzig,Itzig,1836,"L-5963,L-5976,L-5964,L-5971,L-5962,L-5950,L-5955,L-5959,L-5977,L-5957,L-5953,L-5943,L-5960,L-5970,L-5956,L-5954,L-5973,L-5972,L-5969,L-5975,L-5951,L-5942,L-5952,L-5978,L-5974,L-5958"
2960657,LU,DI,04,49.86778,6.15583,,Diekirch,Diekirch,,Diekirch,Diekirch,"Diekirch,Dikirkh,Dikrech,District de Diekirch,Dykirchas,Dzikirkh,di ji xi,dykyrsh,dyqyrk,Дзікірх,Дикирх,Дікірх,דיקירך,ديكيرش,دیکیرش,迪基希",6242,"L-9250,L-9253,L-9227,L-9285,L-9258,L-9209,L-9264,L-9266,L-9273,L-9233,L-9252,L-9240,L-9255,L-9259,L-9291,L-9231,L-9262,L-9276,L-9288,L-9256,L-9265,L-9210,L-9217,L-9267,L-9212,L-9263,L-9221,L-9206,L-9229,L-9225,L-9290,L-9242,L-9278,L-9279,L-9286,L-9254,L-9282,L-9216,L-9370,L-9245,L-9260,L-9289,L-9261,L-9215,L-9236,L-9239,L-9283,L-9287,L-9277,L-9241,L-9205,L-9280,L-9224,L-9294,L-9284,L-9238,L-9218,L-9207,L-9208,L-9275,L-9243,L-9268,L-9213,L-9251,L-9237,L-9230,L-9292,L-9244,L-9214,L-9211,L-9293"
2960055,LU,VD,02,49.96549,6.16745,,Vianden,Putscheid,,Stolzembourg,Stolzembourg,"Stolzembourg,Stolzemburg",183,"L-9463,L-9464"
2960432,LU,CL,63,49.94722,6.08167,,Clervaux,Parc Hosingen,,Hoscheid,Hoscheid,"Hohscheid,Hoscheid",319,"L-9377,L-9378,L-9376"
2960530,LU,GR,03,49.61917,6.35444,,Grevenmacher,Flaxweiler,,Gostingen,Gostingen,Gostingen,342,"L-5425,L-5424"
2960641,LU,CL,63,50.03611,6.07139,,Clervaux,Parc Hosingen,,Dorscheid,Dorscheid,Dorscheid,90,L-9833
2960718,LU,ME,03,49.73611,6.02306,,Mersch,Boevange-sur-Attert,,Brouch,Brouch,Brouch,676,"L-7415,L-7416,L-7417"
2960808,LU,RM,05,49.52806,6.35389,,Remich,Schengen,,Bech-Kleinmacher,Bech-Kleinmacher,"Bech,Bech-Kleinmacher",0,"L-5405,L-5422,L-5404,L-5403"
2960334,LU,RD,02,49.73972,5.85667,,Redange,Beckerich,,Levelange,Levelange,Levelange,43,L-8543
2960369,LU,ME,04,49.72833,6.21028,,Mersch,Fischbach,,Koedange,Koedange,Koedange,0,L-6155
2960453,LU,CA,05,49.68861,5.91472,,Capellen,Hobscheid,,Hobscheid,Hobscheid,"Habscht,Hobscheid",1051,"L-8371,L-8373,L-8375,L-8372,L-8374,L-8370"
2960293,LU,CL,03,50.05333,6.06194,,Clervaux,Clervaux,,Marnach,Marnach,Marnach,454,"L-9763,L-9764"
2960060,LU,EC,07,49.81794,6.47713,,Canton d'Echternach,Rosport,,Steinheim,Steinheim,,550,"L-6586,L-6585,L-6587"
2960112,LU,DI,8641526,49.81163,6.25483,,Diekirch,Commune de la Vallée de l’Ernz,,Savelborn,Savelborn,,0,L-6380
2960326,LU,ES,11,49.53028,6.12028,,Canton d'Esch-sur-Alzette,Roeser,,Livange,Livange,Livange,306,L-3378
2960697,LU,CA,09,49.645,5.99083,,Capellen,Mamer,,Capellen,Capellen,"Capellen,Kapellen",1330,"L-8345,L-8348,L-8335,L-8310,L-8317,L-8323,L-8314,L-8336,L-8328,L-8331,L-8320,L-8337,L-8318,L-8313,L-8311,L-8330,L-8334,L-8325"
11703835,LU,CA,06,49.69001,6.03051,,Capellen,Kehlen,,Dondelange,Dondelange,"Dondel,Dondelingen",0,L-7423
11703869,LU,WI,04,49.94815,5.96021,,Wiltz,Gœsdorf,,Nocher-Route,Nocher-Route,,0,L-9674
2960194,LU,EC,07,49.78667,6.44254,,Canton d'Echternach,Rosport,,Osweiler,Osweiler,Osweiler,381,"L-6571,L-6570,L-6572"
2960665,LU,RM,02,49.54083,6.25972,,Remich,Dalheim,,Dalheim,Dalheim,Dalheim,1364,"L-5682,L-5683,L-5685,L-5686,L-5681,L-5680,L-5687,L-5684"
11703838,LU,RD,06,49.83818,5.78306,,Redange,Rambrouch,,Bigonville-Poteau,Bigonville-Poteau,,0,L-8812
2960063,LU,RM,07,49.56278,6.36444,,Remich,Stadtbredimus,,Stadtbredimus,Stadtbredimus,Stadtbredimus,749,"L-5451,L-5450"
2959971,LU,CL,01,50.05333,5.91917,,Clervaux,Wincrange,,Wincrange,Wincrange,"Wenerange,Wincrange,Wintger",210,L-9780
2960140,LU,CL,03,50.05583,6.08361,,Clervaux,Clervaux,,Roder,Roder,Roder,66,L-9769
2960571,LU,ME,04,49.746,6.18702,,Mersch,Fischbach,,Fischbach,Fischbach,Fischbach,184,L-7430
11694485,LU,CA,10,49.69326,5.98566,,Capellen,Septfontaines,,Simmerfarm,Simmerfarm,,0,L-8363
2960515,LU,GR,04,49.67751,6.44022,,Grevenmacher,Grevenmacher,,Grevenmacher,Grevenmacher,"Grehvenmakher,Greivemaacher,Greiwemaacher,Grevenmacher,Grevenmacheris,Grevenmakher,Gréivemaacher,Gréiwemaacher,Grėvenmacheris,ge lei wen ma he,geulebenmaheo,grbnmkr,grwnmakhr,gurevu~enmaha,Гревенмахер,Грэвенмахер,גרבנמכר,گرونماخر,グレーヴェンマハ,格雷文马赫,그레벤마허",3958,"L-6782,L-6714,L-6773,L-6774,L-6738,L-6739,L-6750,L-6770,L-6763,L-6724,L-6713,L-6737,L-6754,L-6752,L-6715,L-6759,L-6781,L-6758,L-6743,L-6740,L-6756,L-6760,L-6734,L-6717,L-6793,L-6719,L-6777,L-6775,L-6755,L-6718,L-6795,L-6764,L-6735,L-6776,L-6732,L-6716,L-6784,L-6736,L-6722,L-6772,L-6786,L-6711,L-6723,L-6762,L-6712,L-6753,L-6757,L-6720,L-6730,L-6731,L-6791,L-6780,L-6741,L-6771,L-6761,L-6794,L-6751,L-6778,L-6765,L-6725,L-6745,L-6783,L-6796,L-6779,L-6792,L-6785,L-6726,L-6790,L-6742,L-6744"
2960725,LU,RD,13,49.85556,5.90361,,Redange,Wahl,,Brattert,Brattert,Brattert,0,L-8816
2960056,LU,CL,01,50.07889,5.95806,,Clervaux,Wincrange,,Stockem,Stockem,Stockem,119,L-9771
2960104,LU,DI,13,49.83056,6.09861,,Diekirch,Schieren,,Schieren,Schieren,Schieren,1397,"L-9133,L-9115,L-9122,L-9126,L-9128,L-9119,L-9135,L-9117,L-9116,L-9134,L-9136,L-9137,L-9120,L-9127,L-9118,L-9132,L-9130,L-9121,L-9131,L-9123,L-9129,L-9125,L-9124,L-9184"
2960178,LU,ES,10,49.54944,6.00028,,Canton d'Esch-sur-Alzette,Reckange-sur-Mess,,Pissange,Pissange,Pissange,66,L-3985
2960289,LU,WI,04,49.93083,6.03722,,Wiltz,Gœsdorf,,Masseler,Masseler,Masseler,36,L-9668
2960486,LU,CL,09,50.15667,5.97861,,Clervaux,Troisvierges,,Hautbellain,Hautbellain,"Hautbellain,Oberbesslingen",151,L-9943
2960806,LU,RD,02,49.73114,5.88241,,Redange,Beckerich,,Beckerich,Beckerich,Beckerich,672,"L-8523,L-8521,L-8522"
2960145,LU,EC,02,49.73417,6.31944,,Canton d'Echternach,Bech,,Rippig,Rippig,Rippig,113,L-6246
2960200,LU,LU,02,49.59639,6.26,,Luxembourg,Contern,,Oetrange,Oetrange,Oetrange,781,"L-5331,L-5352,L-5351,L-5353,L-5355"
2960468,LU,LU,09,49.65278,6.14139,,Luxembourg,Walferdange,,Helmsange,Helmsange,Helmsange,2193,"L-7211,L-7255,L-7219,L-7263,L-7228,L-7242,L-7218,L-7250,L-7261,L-7230,L-7226,L-7231,L-7220,L-7262,L-7264,L-7270,L-7257,L-7229,L-7237,L-7251,L-7234,L-7258,L-7246,L-7210,L-7247"
2960524,LU,CA,10,49.70972,5.98833,,Capellen,Septfontaines,,Greisch,Greisch,Greisch,210,L-8363
2960556,LU,ES,05,49.51616,6.18858,,Canton d'Esch-sur-Alzette,Frisange,,Frisange,Frisange,"Freiseng,Frisange,Fréiseng",1355,"L-5751,L-5750,L-5755,L-5752,L-5756,L-5753,L-5754"
2960280,LU,GR,01,49.65467,6.30416,,Grevenmacher,Betzdorf,,Mensdorf,Mensdorf,Mensdorf,813,"L-6933,L-6934,L-6931,L-6918,L-6930"
2960751,LU,WI,04,49.92333,5.9975,,Wiltz,Gœsdorf,,Bockholtz (Goesdorf),Bockholtz,"Bockholtz,Bockholtz (Goesdorf),Bockholz-sur-Sure",60,L-9637
11703907,LU,DI,08,49.87235,5.99785,,Diekirch,Feulen,,Niederfeulen,Niederfeulen,,0,"L-9175,L-9177,L-9156,L-9176"
2960248,LU,GR,06,49.69389,6.44222,,Grevenmacher,Manternach,,Münschecker,Münschecker,"Munschecker,Münschecker",152,L-6858
2960398,LU,CL,03,50.10278,6.11306,,Clervaux,Clervaux,,Kalborn,Kalborn,Kalborn,58,L-9757
2960068,LU,CL,03,50.01056,6.02667,,Clervaux,Clervaux,,Siebenaler,Siebenaler,Siebenaler,58,L-9840
2960150,LU,ME,05,49.75316,6.2604,,Mersch,Heffingen,,Reuland,Reuland,Reuland,196,L-7670
2960273,LU,VD,02,49.95472,6.10694,,Vianden,Putscheid,,Merscheid,Merscheid,"Marscheid,Merscheid,Merscheid-les-Putscheid,Merscheid-lès-Putscheid",103,L-9380
2960593,LU,GR,05,49.71749,6.31016,,Grevenmacher,Junglinster,,Eschweiler,Eschweiler,"Eschweiler,Eschweiler-les-Rodenbourg,Eschweiler-lès-Rodenbourg",118,L-6169
2960677,LU,RD,05,49.75833,5.82694,,Redange,Ell,,Colpach-Bas,Colpach-Bas,"Bas-Colpach,Colpach-Bas,Niedercolpach",110,L-8526
11669890,LU,ME,04,49.7384,6.22154,,Mersch,Fischbach,,Schiltzberg,Schiltzberg,,0,L-6175
11694463,LU,GR,02,49.7165,6.3303,,Grevenmacher,Biwer,,Weydig,Weydig,,0,L-6880
2960027,LU,ME,11,49.71778,6.01028,,Mersch,Tuntange,,Tuntange,Tuntange,"Tenten,Tuntange,Tuntingen,Tënten",605,"L-7481,L-7480,L-7482"
2960764,LU,ES,11,49.54444,6.13778,,Canton d'Esch-sur-Alzette,Roeser,,Bivange,Bivange,"Bivange,Bivingen",617,"L-3324,L-3323,L-3322,L-3320"
2960603,LU,WI,11,49.97806,5.94861,,Wiltz,Wiltz,,Erpeldange,Erpeldange,"Erpeldange,Erpeldange-les-Wiltz,Erpeldange-lès-Wiltz",202,"L-9518,L-9648"
2960817,LU,CL,01,50.04611,5.87806,,Clervaux,Wincrange,,Troine-Route,Troine-Route,"Baraques de Troine,Troine-Baraques,Troine-Route",0,L-9773
2960839,LU,CL,01,50.03667,5.87083,,Clervaux,Wincrange,,Allerborn,Allerborn,Allerborn,59,L-9631
2960485,LU,CA,8641865,49.57499,5.9097,,Capellen,Käerjeng,,Hautcharage,Hautcharage,"Hautcharage,Oberkerschen",1495,"L-4947,L-4945,L-4931,L-4932,L-4934,L-4913,L-4969,L-4910,L-4943,L-4940,L-4924,L-4915,L-4927,L-4937,L-4935,L-4949,L-4921,L-4929,L-4923"
2960523,LU,RM,07,49.58389,6.35917,,Remich,Stadtbredimus,,Greiveldange,Greiveldange,Greiveldange,630,"L-5427,L-5426"
2960736,LU,ME,11,49.70139,6.01889,,Mersch,Tuntange,,Bour,Bour,Bour,67,L-7412
2960062,LU,DI,8641526,49.83,6.17194,,Diekirch,Commune de la Vallée de l’Ernz,,Stegen,Stegen,Stegen,406,L-9186
2960700,LU,RD,10,49.72556,5.96444,,Redange,Saeul,,Calmus,Calmus,Calmus,76,L-8525
2960731,LU,CL,01,50.08389,5.9925,,Clervaux,Wincrange,,Boxhorn,Boxhorn,Boxhorn,259,"L-9742,L-9741"
2960787,LU,ME,09,49.75833,6.11694,,Mersch,Mersch,,Beringen,Beringen,Beringen,956,"L-7594,L-7592,L-7590,L-7409,L-7593,L-7591"
11669758,LU,DI,03,49.91006,6.10788,,Diekirch,Bourscheid,,Flebour,Flebour,,0,L-9378
2960003,LU,GR,02,49.69473,6.38525,,Grevenmacher,Biwer,,Wecker,Wecker,"Wecker,Wecker-Gare",667,"L-6871,L-6870,L-6868,L-6869"
2960111,LU,RD,11,49.79222,5.97583,,Redange,Useldange,,Schandel,Schandel,Schandel,194,L-8620
11694425,LU,CA,07,49.64635,5.95755,,Capellen,Koerich,,Windhof (Koerich),Windhof,Windhof (Koerich),0,L-8399
2960209,LU,DI,08,49.84806,6.03556,,Diekirch,Feulen,,Oberfeulen,Oberfeulen,"Haut-Feulen,Oberfeulen",283,"L-9179,L-9180"
2959982,LU,ME,04,49.71972,6.2,,Mersch,Fischbach,,Weyer,Weyer,Weyer,0,L-6155
2960488,LU,LU,10,49.55019,6.20826,,Luxembourg,Weiler-la-Tour,,Hassel,Hassel,Hassel,436,"L-5762,L-5760,L-5761"
2960519,LU,RD,13,49.85138,5.91399,,Redange,Wahl,,Grevels,Grevels,"Grevels,Grevels-Bresil,Grevels-Brésil",207,L-8818
2960519,LU,RD,07,49.85138,5.91399,,Redange,Grosbous,,Grevels (Grosbous),Grevels,"Grevels,Grevels-Bresil,Grevels-Brésil",207,L-8818
2960634,LU,ES,03,49.48056,6.0875,,Canton d'Esch-sur-Alzette,Dudelange,,Dudelange,Dudelange,"Diddeleng,Didelanzh,Diudelanzas,Diudelanžas,Djudelanzh,Dudelange,Dudelingen,Duedelingen,Dzjudzelanzh,Düdelingen,Gemeng Diddeleng,dwdlanzh,Дзюдзеланж,Диделанж,Дюделанж,دودلانژ",18013,"L-3596,L-3420,L-3435,L-3560,L-3517,L-3523,L-3591,L-3505,L-3575,L-3439,L-3413,L-3569,L-3463,L-3516,L-3432,L-3448,L-3576,L-3424,L-3515,L-3522,L-3568,L-3466,L-3453,L-3502,L-3561,L-3529,L-3475,L-3411,L-3418,L-3588,L-3548,L-3542,L-3486,L-3483,L-3525,L-3544,L-3539,L-3598,L-3565,L-3436,L-3531,L-3433,L-3469,L-3482,L-3509,L-3490,L-3530,L-3485,L-3423,L-3425,L-3410,L-3422,L-3416,L-3595,L-3430,L-3514,L-3543,L-3524,L-3428,L-3491,L-3526,L-3493,L-3546,L-3465,L-3570,L-3468,L-3510,L-3541,L-3554,L-3421,L-3489,L-3481,L-3442,L-3555,L-3547,L-3467,L-3409,L-3564,L-3511,L-3487,L-3545,L-3501,L-3417,L-3520,L-3553,L-3572,L-3592,L-3441,L-3426,L-3461,L-3540,L-3590,L-3415,L-3492,L-3446,L-3470,L-3471,L-3503,L-3521,L-3513,L-3563,L-3574,L-3593,L-3450,L-3443,L-3566,L-3464,L-3550,L-3506,L-3512,L-3449,L-3444,L-3532,L-3440,L-3476,L-3447,L-3429,L-3549,L-3573,L-3472,L-3484,L-3597,L-3480,L-3462,L-3474,L-3488,L-3508,L-3419,L-3412,L-3460,L-3504,L-3454,L-3562,L-3552,L-3445,L-3427,L-3594,L-3431,L-3473,L-3567,L-3414"
2960770,LU,DI,12,49.86028,6.28806,,Diekirch,Reisdorf,,Bigelbach,Bigelbach,Bigelbach,79,L-6340
2960131,LU,RD,06,49.83472,5.74278,,Redange,Rambrouch,,Rombach-Martelange,Rombach-Martelange,"Rombach,Rombach-Martelange",244,L-8832
2960271,LU,GR,07,49.70261,6.47966,,Grevenmacher,Mertert,,Mertert,Mertert,Mertert,1163,"L-6681,L-6682,L-6686,L-6675,L-6680,L-6684,L-6676,L-6685,L-6673,L-6671,L-6670,L-6672,L-6693,L-6678,L-6683,L-6687,L-6669,L-6674"
2960350,LU,ME,06,49.78362,6.21891,,Mersch,Larochette,,Larochette,Larochette,"Fels,Larochette",1410,"L-7612,L-7622,L-7623,L-7626,L-7625,L-7618,L-7619,L-7624,L-7627,L-7620,L-7621,L-7613,L-7610,L-7615"
2960565,LU,ES,08,49.52944,6.01083,,Canton d'Esch-sur-Alzette,Mondercange,,Foetz,Foetz,Foetz,483,"L-3897,L-3896,L-3898,L-3899,L-3895"
2960135,LU,ES,11,49.53721,6.14629,,Canton d'Esch-sur-Alzette,Roeser,,Roeser,Roeser,"Gemeng Reiser,Gemeng Réiser,Reiser,Rezer,Roeser,Réiser,rwzr,Резер,روزر",708,"L-3395,L-3398,L-3396,L-3397,L-3394"
2960600,LU,RM,08,49.57444,6.27556,,Remich,Waldbredimus,,Ersange,Ersange,Ersange,0,L-5423
2960611,LU,RM,05,49.48694,6.29167,,Remich,Schengen,,Emerange,Emerange,Emerange,99,L-5695
2960672,LU,ES,11,49.53556,6.14694,,Canton d'Esch-sur-Alzette,Roeser,,Crauthem,Crauthem,"Crauthem,Krauthem",1278,"L-3327,L-3330,L-3326,L-3329,L-3328"
2960690,LU,CL,01,50.10722,6.00778,,Clervaux,Wincrange,,Cinqfontaines,Cinqfontaines,"Cinqfontaines,Funfbrunnen,Fünfbrunnen,Paffenmuhle,Paffenmühle",13,L-9902
2960146,LU,WI,02,49.91694,6.01194,,Wiltz,Esch-sur-Sûre,,Ringel,Ringel,Ringel,0,L-9181
2960458,LU,EC,02,49.75629,6.32756,,Canton d'Echternach,Bech,,Hersberg,Hersberg,Heeschbreg,0,L-6225
2960816,LU,CL,09,50.14583,5.98389,,Clervaux,Troisvierges,,Basbellain,Basbellain,"Basbellain,Niederbesslingen",164,L-9942
2960499,LU,GR,02,49.68778,6.36556,,Grevenmacher,Biwer,,Hagelsdorf,Hagelsdorf,Hagelsdorf,19,L-6838
2960673,LU,LU,02,49.58194,6.22667,,Luxembourg,Contern,,Contern,Contern,Contern,1083,"L-5314,L-5312,L-5318,L-5320,L-5316,L-5317,L-5322,L-5310"
2960281,LU,CA,06,49.69111,6.05917,,Capellen,Kehlen,,Meispelt,Meispelt,Meispelt,290,"L-8291,L-8292"
2960483,LU,RD,06,49.825,5.75111,,Redange,Rambrouch,,Haut-Martelange,Haut-Martelange,Haut-Martelange,32,L-8823
2960691,LU,EC,08,49.78805,6.27337,,Canton d'Echternach,Waldbillig,,Christnach,Christnach,Christnach,394,"L-7641,L-7640"
2960702,LU,RD,13,49.82722,5.93583,,Redange,Wahl,,Buschrodt,Buschrodt,Buschrodt,118,L-8610
2960033,LU,CL,01,50.06444,5.88306,,Clervaux,Wincrange,,Troine,Troine,"Troine,Trotten",0,L-9772
2960061,LU,CA,11,49.66139,5.91917,,Capellen,Steinfort,,Steinfort,Steinfort,"Steinfort,Stengefort",2225,"L-8447,L-8423,L-8440,L-8444,L-8424,L-8451,L-8441,L-8414,L-8415,L-8437,L-8448,L-8435,L-8443,L-8452,L-8453,L-8411,L-8449,L-8442,L-8450,L-8420,L-8422,L-8421,L-8445,L-8436,L-8413"
2960540,LU,EC,06,49.74222,6.48,,Canton d'Echternach,Mompach,,Givenich,Givenich,"Givenich,Giwenich",84,L-6666
2960019,LU,RD,12,49.80306,6.0,,Redange,Vichten,,Vichten,Vichten,"Vichten,Viichten",764,"L-9190,L-9189,L-9188"
2960234,LU,WI,02,49.87672,5.88597,,Wiltz,Esch-sur-Sûre,,Neunhausen,Neunhausen,Neunhausen,65,L-9671
2960803,LU,GR,05,49.72333,6.3025,,Grevenmacher,Junglinster,,Beidweiler,Beidweiler,Beidweiler,227,L-6235
2960842,LU,GR,09,49.62444,6.42167,,Grevenmacher,Wormeldange,,Ahn,Ahn,Ahn,0,L-5401
8714252,LU,CL,01,50.09619,6.02823,,Clervaux,Wincrange,,Maulusmühle,Maulusmühle,,0,L-9974
11496704,LU,CL,63,50.00128,6.14166,,Clervaux,Parc Hosingen,,Eisenbach,Eisenbach,,0,L-9838
2960569,LU,RD,06,49.83488,5.78766,,Redange,Rambrouch,,Flatzbour,Flatzbour,"Flatzbour,Flatzbourg,Flatzbourhof,Flazbourg",0,L-8812
2960252,LU,LU,02,49.58528,6.25556,,Luxembourg,Contern,,Moutfort,Moutfort,Moutfort,1171,"L-5332,L-5334,L-5340,L-5337,L-5331,L-5336,L-5335,L-5339,L-5341,L-5330,L-5333"
2960335,LU,ES,07,49.56833,6.06528,,Canton d'Esch-sur-Alzette,Leudelange,,Leudelange,Leudelange,Leudelange,1924,"L-3374,L-3355,L-3365,L-3377,L-3362,L-3358,L-3366,L-3350,L-3356,L-3376,L-3361,L-3352,L-3369,L-3375,L-3357,L-3363,L-3371,L-3354,L-3368,L-3373,L-3367,L-3348,L-3346,L-3345,L-3360,L-3351,L-3353,L-3347"
2960797,LU,ES,11,49.54028,6.12917,,Canton d'Esch-sur-Alzette,Roeser,,Berchem,Berchem,"Bercham,Berchem",863,"L-3321,L-3320"
2960170,LU,ME,07,49.7175,6.12028,,Mersch,Lintgen,,Prettingen,Prettingen,"Prettange,Prettingen",101,L-7460
2960417,LU,RD,02,49.73611,5.89861,,Redange,Beckerich,,Huttange,Huttange,Huttange,37,L-8539
2960504,LU,EC,01,49.835,6.33139,,Canton d'Echternach,Beaufort,,Grundhof,Grundhof,"Grundhof,Grundhof (Berdorf)",27,L-6360
2960504,LU,EC,03,49.835,6.33139,,Canton d'Echternach,Berdorf,,Grundhof (Berdorf),Grundhof,"Grundhof,Grundhof (Berdorf)",27,L-6360
2960757,LU,GR,02,49.70605,6.37201,,Grevenmacher,Biwer,,Biwer,Biwer,"Biwer,Biwerbach",653,"L-6833,L-6834"
2960034,LU,RM,08,49.57083,6.28056,,Remich,Waldbredimus,,Trintange,Trintange,Trintange,289,L-5460
2960363,LU,CA,08,49.66444,6.07306,,Capellen,Kopstal,,Kopstal,Kopstal,Kopstal,657,"L-8183,L-8187,L-8191,L-8180,L-8190,L-8189,L-8182,L-8181,L-8186,L-8185,L-8184,L-8188"
2960802,LU,CL,10,50.16556,6.08889,,Clervaux,Weiswampach,,Beiler,Beiler,,87,L-9944
2960143,LU,ES,09,49.54639,5.84083,,Canton d'Esch-sur-Alzette,Pétange,,Rodange,Rodange,Rodange,4683,"L-4837,L-4810,L-4808,L-4830,L-4840,L-4812,L-4820,L-4825,L-4846,L-4847,L-4845,L-4853,L-4813,L-4819,L-4829,L-4849,L-4805,L-4833,L-4823,L-4811,L-4818,L-4815,L-4824,L-4838,L-4826,L-4839,L-4809,L-4807,L-4806,L-4844"
2960388,LU,DI,03,49.90083,6.03722,,Diekirch,Bourscheid,,Kehmen,Kehmen,Kehmen,0,L-9163
2960628,LU,ES,10,49.54889,6.01694,,Canton d'Esch-sur-Alzette,Reckange-sur-Mess,,Ehlange,Ehlange,Ehlange,429,"L-3961,L-3960"
2960525,LU,EC,02,49.74008,6.28757,,Canton d'Echternach,Bech,,Graulinster (Bech),Graulinster,Graulinster (Bech),0,L-6240
2960525,LU,GR,05,49.74008,6.28757,,Grevenmacher,Junglinster,,Graulinster,Graulinster,Graulinster (Bech),0,L-6240
11703836,LU,GR,02,49.70125,6.38688,,Grevenmacher,Biwer,,Wecker-Gare,Wecker-Gare,,0,L-6868
2959997,LU,EC,03,49.83333,6.38278,,Canton d'Echternach,Berdorf,,Weilerbach,Weilerbach,Weilerbach,274,L-6590
2960144,LU,RD,11,49.75167,5.9575,,Redange,Useldange,,Rippweiler,Rippweiler,Rippweiler,153,L-8720
2960165,LU,ME,09,49.74972,6.08306,,Mersch,Mersch,,Reckange,Reckange,"Reckange,Reckange-les-Mersch,Reckange-lès-Mersch",611,"L-7595,L-7597,L-7596"
2960811,LU,WI,05,49.92194,5.84944,,Wiltz,Lac de la Haute-Sûre,,Bavigne,Bavigne,"Bavigne,Boeven,Boewen",132,L-9635
2960133,LU,ME,09,49.74167,6.11444,,Mersch,Mersch,,Rollingen,Rollingen,Rollingen,1448,"L-7558,L-7539,L-7540,L-7532,L-7547,L-7511,L-7516,L-7537,L-7567,L-7518,L-7546,L-7543"
2960155,LU,RM,05,49.48861,6.35167,,Remich,Schengen,,Remerschen,Remerschen,"Remerschen,Rëmerschen",704,"L-5445,L-5441,L-5440"
2960472,LU,LU,07,49.67207,6.14202,,Luxembourg,Steinsel,,Heisdorf,Heisdorf,"Heisdorf,Heisdorf-sur-Alzette",1586,"L-7313,L-7334,L-7337,L-7349,L-7329,L-7325,L-7340,L-7314,L-7328,L-7318,L-7330,L-7310,L-7345,L-7304,L-7311,L-7308,L-7342,L-7338,L-7341,L-7335,L-7348"
2960016,LU,CL,63,49.98528,6.12667,,Clervaux,Parc Hosingen,,Wahlhausen,Wahlhausen,"Wahlhausen,Wahlhousen",246,L-9841
2960114,LU,CL,01,50.09944,5.9975,,Clervaux,Wincrange,,Sassel,Sassel,Sassel,45,L-9976
2960732,LU,RM,00,49.55389,6.32917,,Remich,Bous,,Bous,Bous,Bous,560,"L-5408,L-5407"
11703903,LU,DI,13,49.81489,6.10286,,Diekirch,Schieren,,Colmar-Pont,Colmar-Pont,,0,L-7738
2960156,LU,DI,12,49.86861,6.26778,,Diekirch,Reisdorf,,Reisdorf,Reisdorf,"Reisdorf,Reisduerf",493,"L-9391,L-9390,L-6311"
2960704,LU,RM,05,49.48528,6.32306,,Remich,Schengen,,Burmerange,Burmerange,Burmerange,191,L-5675
2959984,LU,ME,01,49.81727,6.08677,,Mersch,Berg,,Welsdorf,Welsdorf,,0,"L-7713,L-7723"
2960276,LU,ME,09,49.74889,6.10611,,Mersch,Mersch,,Mersch,Mersch,"Gemeng Miersch,Mersas,Mersch,Mersh,Meršas,Miersch,Morsche,mei er shi,mrsh,Мерш,مرش,梅尔施",3464,"L-7523,L-7554,L-7513,L-7535,L-7541,L-7515,L-7543,L-7566,L-7571,L-7531,L-7572,L-7517,L-7520,L-7538,L-7590,L-7553,L-7519,L-7533,L-7542,L-7570,L-7544,L-7555,L-7526,L-7545,L-7568,L-7561,L-7557,L-7559,L-7536,L-7569,L-7514,L-7556,L-7512,L-7563,L-7525,L-7565"
2960324,LU,VD,01,49.89889,6.20528,,Vianden,Tandel,,Longsdorf,Longsdorf,Longsdorf,80,L-9459
2960699,LU,RM,03,49.60694,6.32583,,Remich,Lenningen,,Canach,Canach,Canach,955,"L-5414,L-5415,L-5413,L-5412,L-5411"
2960815,LU,CA,8641865,49.56727,5.9073,,Capellen,Käerjeng,,Bascharage,Bascharage,"Bascharage,Niederkerschen",4645,"L-4926,L-4920,L-4939,L-4908,L-4951,L-4940,L-4911,L-4946,L-4922,L-4948,L-4954,L-4917,L-4950,L-4925,L-4958,L-4947,L-4944,L-4938,L-4941,L-4952,L-4907,L-4919,L-4916,L-4942,L-4955,L-4959,L-4912,L-4936,L-4914,L-4933,L-4945"
2960013,LU,RM,08,49.55676,6.28789,,Remich,Waldbredimus,,Waldbredimus,Waldbredimus,Waldbredimus,416,"L-5466,L-5465"
2960747,LU,ME,03,49.77256,6.01532,,Mersch,Boevange-sur-Attert,,Boevange-sur-Attert,Boevange-sur-Attert,"Boevange,Boevange-sur-Attert,Boewingen,Bovange,Bowen an der Attert",576,"L-8710,L-8711"
2959958,LU,EC,02,49.73889,6.345,,Canton d'Echternach,Bech,,Zittig,Zittig,Zittig,38,L-6255
2960047,LU,LU,10,49.56194,6.22167,,Luxembourg,Weiler-la-Tour,,Syren,Syren,Syren,423,"L-5899,L-5898"
2960610,LU,WI,8641289,49.99944,5.99278,,Wiltz,Kiischpelt,,Enscherange,Enscherange,Enscherange,174,L-9747
2960754,LU,ME,08,49.70279,6.16876,,Mersch,Lorentzweiler,,Blaschette,Blaschette,Blaschette,465,"L-7392,L-7390,L-7391"
2960771,LU,GR,03,49.62639,6.33694,,Grevenmacher,Flaxweiler,,Beyren,Beyren,Beyren,312,L-5410
2960820,LU,CL,01,50.09722,5.97306,,Clervaux,Wincrange,,Asselborn,Asselborn,Asselborn,413,L-9940
2960213,LU,WI,05,49.94139,5.88278,,Wiltz,Lac de la Haute-Sûre,,Nothum,Nothum,Nothum,161,L-9678
2960231,LU,LU,04,49.65196,6.26199,,Luxembourg,Niederanven,,Niederanven,Niederanven,"Gemeng Nidderaanwen,Nidderanven,Nidehranven,Nideranven,Niederanven,nydranwn,Нидеранвен,Нідеранвен,Нідэранвен,نیدرآنون",1508,"L-6944,L-6947,L-6945,L-6948,L-6941,L-6943,L-6939,L-6940,L-6946,L-6942"
2960674,LU,CL,63,49.97472,6.05417,,Clervaux,Parc Hosingen,,Consthum,Consthum,"Consthum,Konsthum",207,L-9831
2960180,LU,WI,8641289,49.99444,6.01306,,Wiltz,Kiischpelt,,Pintsch,Pintsch,Pintsch,126,L-9767
2960586,LU,ES,01,49.51972,6.07833,,Canton d'Esch-sur-Alzette,Bettembourg,,Fennange,Fennange,Fennange,293,L-3332
2960596,LU,ES,04,49.49583,5.98056,,Canton d'Esch-sur-Alzette,Esch-sur-Alzette,,Esch-sur-Alzette,Esch-sur-Alzette,"Ehsh-sjur-Al'zet,Ehsh-sjur-Al'zett,Ehsh-sjur-Alzette,Es-syr-Alzet,Esas prie Alzeto,Esch,Esch an der Alzette,Esch-Uelzecht,Esch-an-der-Alzette,Esch-an-der-Alzig,Esch-sur-Alzette,Esh sir Alzet,Esh-sjur-Al'zett,Ešas prie Alzeto,a er ze te he pan ai shi,ash-swr-alzt,eshu=shuru=aruzetto,esyuswileualjeteu,Ες-συρ-Αλζέτ,Еш сир Алзет,Еш-сюр-Альзетт,Эш-сюр-Алзетте,Эш-сюр-Альзет,Эш-сюр-Альзетт,اش-سور-الزت,エシュ＝シュル＝アルゼット,阿尔泽特河畔埃施,에슈쉬르알제트",28228,"L-4323,L-4319,L-4271,L-4168,L-4120,L-4040,L-4348,L-4154,L-4365,L-4304,L-4235,L-4349,L-4374,L-4020,L-4067,L-4053,L-4125,L-4243,L-4230,L-4101,L-4276,L-4010,L-4178,L-4138,L-4165,L-4320,L-4240,L-4033,L-4118,L-4369,L-4035,L-4056,L-4326,L-4362,L-4170,L-4011,L-4106,L-4289,L-4248,L-4031,L-4021,L-4140,L-4111,L-4123,L-4115,L-4270,L-4361,L-4174,L-4173,L-4061,L-4325,L-4052,L-4081,L-4169,L-4055,L-4171,L-4277,L-4054,L-4330,L-4050,L-4022,L-4278,L-4068,L-4366,L-4084,L-4152,L-4070,L-4037,L-4343,L-4260,L-4038,L-4336,L-4122,L-4041,L-4155,L-4237,L-4105,L-4103,L-4153,L-4042,L-4275,L-4321,L-4132,L-4318,L-4082,L-4045,L-4217,L-4102,L-4025,L-4151,L-4136,L-4121,L-4016,L-4018,L-4028,L-4150,L-4204,L-4266,L-4156,L-4317,L-4013,L-4347,L-4307,L-4364,L-4306,L-4238,L-4239,L-4063,L-4085,L-4242,L-4134,L-4051,L-4233,L-4210,L-4044,L-4015,L-4303,L-4264,L-4131,L-4344,L-4080,L-4220,L-4280,L-4133,L-4141,L-4027,L-4023,L-4030,L-4017,L-4135,L-4208,L-4363,L-4251,L-4360,L-4332,L-4107,L-4034,L-4130,L-4059,L-4221,L-4236,L-4350,L-4062,L-4137,L-4310,L-4351,L-4340"
2960367,LU,CA,07,49.67,5.95,,Capellen,Koerich,,Koerich,Koerich,"Gemeng Kaeerch,Gemeng Käerch,Kaeerch,Kerikh,Kjorikh,Kjorykh,Koerich,Korich,Käerch,Körich,kwyrysh,Керіх,Кёрих,Кёрых,کوئریش",1066,"L-8384,L-8387,L-8383,L-8385,L-8386"
2960022,LU,RD,11,49.76972,5.98222,,Redange,Useldange,,Useldange,Useldange,"Useldange,Useldeng",657,"L-8708,L-8705,L-8706,L-8707"
2960065,LU,CA,03,49.58049,5.96493,,Capellen,Dippach,,Sprinkange,Sprinkange,,0,"L-4999,L-4970,L-4998,L-4994"
2960212,LU,LU,04,49.65743,6.24302,,Luxembourg,Niederanven,,Oberanven,Oberanven,Oberanven,682,"L-6977,L-6997,L-6970,L-6992,L-6986,L-6982,L-6976,L-6996,L-6969"
2960372,LU,EC,02,49.75028,6.30611,,Canton d'Echternach,Bech,,Kobenbour,Kobenbour,Kobenbour,0,L-6225
2960045,LU,VD,01,49.8975,6.18333,,Vianden,Tandel,,Tandel,Tandel,Tandel,89,L-9395
2960259,LU,EC,06,49.74611,6.465,,Canton d'Echternach,Mompach,,Mompach,Mompach,Mompach,100,L-6695
2959988,LU,RM,02,49.53806,6.28417,,Remich,Dalheim,,Welfrange,Welfrange,Welfrange,154,L-5698
2960671,LU,CL,01,50.05778,5.89806,,Clervaux,Wincrange,,Crendal,Crendal,Crendal,10,L-9743
2960829,LU,ME,04,49.75639,6.16083,,Mersch,Fischbach,,Angelsberg,Angelsberg,Angelsberg,292,L-7410
2959961,LU,RD,06,49.82861,5.76472,,Redange,Rambrouch,,Wolwelange,Wolwelange,"Wolwelange,Wolwen",358,L-8833
2960128,LU,GR,01,49.66591,6.30257,,Grevenmacher,Betzdorf,,Roodt-sur-Syre,Roodt-sur-Syre,"Roodt,Roodt-sur-Syre",960,"L-6916,L-6912,L-6910,L-6919,L-6917,L-6913,L-6911,L-6921,L-6915,L-6914"
2960205,LU,RD,02,49.73028,5.84389,,Redange,Beckerich,,Oberpallen,Oberpallen,Oberpallen,397,L-8552
2960564,LU,DI,8641526,49.84306,6.20417,,Diekirch,Commune de la Vallée de l’Ernz,,Folkendange,Folkendange,"Ferme Folkendange,Folkendange",21,L-9368
2960570,LU,CL,03,50.07528,6.06889,,Clervaux,Clervaux,,Fischbach,Fischbach,"Fischbach,Fischbach-les-Clervaux,Fischbach-lès-Clervaux",114,L-9749
2960491,LU,WI,05,49.93139,5.79,,Wiltz,Lac de la Haute-Sûre,,Harlange,Harlange,Harlange,378,"L-9655,L-9657,L-9656"
2960838,LU,WI,8641289,49.97111,6.00972,,Wiltz,Kiischpelt,,Alscheid,Alscheid,Alscheid,50,L-9632
2960158,LU,RD,09,49.77361,5.92806,,Redange,Redange-sur-Attert,,Reichlange,Reichlange,Reichlange,132,L-8558
2960589,LU,DI,07,49.8475,6.10417,,Diekirch,Ettelbruck,,Ettelbruck,Ettelbruck,"Ehtehl'bruk,Ehttel'brjuk,Etelbrek,Etelbriukas,Ettel'brjuk,Ettelbreck,Ettelbruck,Ettelbrueck,Ettelbréck,Ettelbrück,Ettlebruk,Gemeng Ettelbreck,Gemeng Ettelbréck,atl brwk,aytlbrwk,Етелбрек,Еттельбрюк,Эттельбрюк,Этэльбрук,إيتلبروك,اتل بروک,ایٹل برک",6364,"L-9040,L-9026,L-9014,L-9042,L-9068,L-9046,L-9020,L-9081,L-9085,L-9027,L-9010,L-9066,L-9053,L-9043,L-9061,L-9041,L-9065,L-9052,L-9064,L-9021,L-9054,L-9083,L-9047,L-9015,L-9092,L-9087,L-9070,L-9024,L-9025,L-9044,L-9094,L-9063,L-9016,L-9060,L-9055,L-9084,L-9062,L-9091,L-9051,L-9023,L-9082,L-9088,L-9048,L-9050,L-9069,L-9080,L-9071,L-9012"
2960762,LU,DI,13,49.82694,6.09139,,Diekirch,Schieren,,Birtrange,Birtrange,"Birtrange,Chateau de Birtrange",0,L-7758
2960799,LU,GR,06,49.7306,6.39355,,Grevenmacher,Manternach,,Berbourg,Berbourg,Berbourg,664,"L-6831,L-6830"
2960800,LU,ES,13,49.51014,5.92414,,Canton d'Esch-sur-Alzette,Sanem,,Belvaux,Belvaux,"Beles,Belvaux",5313,"L-4461,L-4490,L-4462,L-4429,L-4481,L-4444,L-4491,L-4450,L-4471,L-4488,L-4407,L-4408,L-4368,L-4474,L-4406,L-4446,L-4367,L-4416,L-4443,L-4478,L-4475,L-4482,L-4487,L-4480,L-4445,L-4468,L-4477,L-4412,L-4451,L-4409,L-4370,L-4430,L-4489,L-4419,L-4476,L-4460,L-4422,L-4436,L-4431,L-4371"
2960030,LU,CL,09,50.12111,6.00028,,Clervaux,Troisvierges,,Troisvierges,Troisvierges,"Elwen,Gemeng Elwen,Gemeng Ëlwen,Troavjerzh,Troisvierges,Truav'erzh,Truaverzh,Ulflingen,torowavu~ieruju,trwawyrzh,Ëlwen,Троавјерж,Труавьерж,Труавєрж,ترواویرژ,トロワヴィエルジュ",1457,"L-9905,L-9903,L-9908,L-9907,L-9912,L-9911,L-9913,L-9910,L-9906,L-9909"
2960675,LU,EC,04,49.78018,6.3395,,Canton d'Echternach,Consdorf,,Consdorf,Consdorf,"Consdorf,Kalkesbach (Consdorf)",1241,"L-6212,L-6215,L-6250,L-6211,L-6210,L-6213,L-6214"
2960070,LU,CA,10,49.70111,5.96722,,Capellen,Septfontaines,,Septfontaines,Septfontaines,"Septfontaines,Siebenborn,Simmern",363,"L-8396,L-8383,L-8395"
2960085,LU,CA,03,49.5825,5.95639,,Capellen,Dippach,,Schouweiler,Schouweiler,Schouweiler,1090,"L-4999,L-4995,L-4968,L-4997,L-4994,L-4996"
2960454,LU,CA,04,49.60722,5.93222,,Capellen,Garnich,,Hivange,Hivange,Hivange,119,L-8369
2960501,LU,CL,01,50.10806,5.92333,,Clervaux,Wincrange,,Hachiville,Hachiville,"Hachiville,Helzingen",194,L-9956
2960774,LU,GR,01,49.68333,6.35,,Grevenmacher,Betzdorf,,Betzdorf,Betzdorf,Betzdorf,248,L-6832
2960262,LU,EC,06,49.73833,6.5,,Canton d'Echternach,Mompach,,Moersdorf,Moersdorf,"Moersdorf,Morsdorf",301,"L-6691,L-6692,L-6690"
2960467,LU,EC,02,49.73444,6.33611,,Canton d'Echternach,Bech,,Hemstal,Hemstal,Hemstal,79,L-6243
2960568,LU,GR,03,49.66602,6.34321,,Grevenmacher,Flaxweiler,,Flaxweiler,Flaxweiler,"Flaxweiler,Fluessweller",358,"L-6926,L-6925"
2959995,LU,VD,02,49.96361,6.12417,,Vianden,Putscheid,,Weiler,Weiler,"Weiler,Weiler-les-Putscheid,Weiler-lès-Putscheid",153,L-9466
2960149,LU,CL,03,50.05778,6.0375,,Clervaux,Clervaux,,Reuler,Reuler,Reuler,193,L-9768
2960316,LU,LU,2960317,49.61167,6.13,,Luxembourg,Ville de Luxembourg,,Luxembourg,Luxembourg,"Bandar Luxembourg,Ciudad de Luxemburgo,Ciutat de Luxemburg,Dinas Lwcsembwrg,Gorad Ljuksemburg,LUX,Letzebuerg,Letzeburg,Liksanbou,Liuksemburgas,Ljuksemburg,Louxemvourgo,Lucemburk,Lucilinburhuc,Lucsamburg,Lucsemburg,Lueksemburg,Lueksemburq,Luessemburgh,Luksambuur,Luksemboarch,Luksembourg,Luksemburg,Luksemburga,Luksemburgo,Luksemburgu,Luksembùrg,Luksimbur,Lungsod ng Luksemburgo,Lusenburgo,Lussemborgh,Lussemburgo,Lussemburgu,Lussimbork veye,Luxemboerg,Luxemborg,Luxemborj,Luxembourg,Luxembourg by,Luxemburg,Luxemburgo,Luxemburgum,Luxembuurich,Luxembôrg,Luxembörg,Luxenburgo,Lëtzebuerg,Lúksemboarch,Lúxemborg,Lüksemburg,Lüksemburq,Lüssemburgh,Rakapuo,Rakapuō,Stad Letzebuerg,Stad Lëtzebuerg,Stadt Luxemburg,Ville de Luxembourg,lak sem beirk,lakcampark,lakjhembarga,lksmbrg,lu sen bao cheng,lu sen bao shi,lugsembuleukeu,luksemaburga,luksemburgi,lwksmbwrgh,lwkzambwrg,lwqsmbwrg,rukusenburuku,Λουξεμβούργο,Горад Люксембург,Луксембург,Люксембург,Лүксембург,Լյուքսեմբուրգ,לוקסמבורג,لوكسمبورغ,لوکزامبورگ,لوکسەمبورگ,ليۇكسېمبۇرگ شەھىرى,لکسمبرگ,लक्झेंबर्ग,লুক্সেমবুর্গ,லக்சம்பர்க்,ลักเซมเบิร์ก,ལུ་སེམ་བའུརག,ლუქსემბურგი,ሉክሰምበርግ,ルクセンブルク,盧森堡城,盧森堡市,룩셈부르크",76684,"L-1835,L-2141,L-2180,L-1729,L-2542,L-1145,L-2417,L-1655,L-2111,L-1421,L-1946,L-2223,L-1744,L-1475,L-1361,L-1866,L-1152,L-1214,L-1938,L-2445,L-1723,L-2761,L-2553,L-2552,L-2424,L-1750,L-1125,L-1525,L-1851,L-1462,L-1642,L-2558,L-2178,L-2561,L-1718,L-1859,L-1340,L-1116,L-2428,L-1484,L-1212,L-1256,L-1912,L-1734,L-1213,L-1249,L-1547,L-1710,L-1456,L-1913,L-1476,L-1811,L-2380,L-1278,L-1238,L-1460,L-2410,L-1111,L-2268,L-1954,L-1210,L-1427,L-2146,L-1225,L-1529,L-1637,L-2354,L-2215,L-1144,L-1918,L-1235,L-1482,L-1233,L-1466,L-2730,L-1856,L-2331,L-1515,L-2158,L-1499,L-2631,L-1345,L-1369,L-1726,L-1146,L-1367,L-2139,L-2134,L-2663,L-2334,L-1857,L-1735,L-1349,L-1478,L-2523,L-2157,L-2430,L-2453,L-1745,L-1953,L-1858,L-2356,L-1277,L-1738,L-1922,L-2127,L-1714,L-1509,L-2352,L-2566,L-2435,L-2327,L-1414,L-2665,L-2153,L-2634,L-1275,L-1160,L-1215,L-2511,L-1490,L-1118,L-1470,L-2652,L-1468,L-2343,L-1935,L-2328,L-2725,L-1537,L-1458,L-1130,L-1310,L-1336,L-2615,L-2176,L-2359,L-1820,L-1528,L-1348,L-1257,L-2184,L-1919,L-1716,L-2630,L-1480,L-1258,L-1517,L-2429,L-2674,L-2620,L-1240,L-1356,L-1234,L-1939,L-2119,L-1871,L-2159,L-2212,L-1631,L-1661,L-2622,L-2449,L-2144,L-1451,L-2535,L-1120,L-1481,L-1945,L-2737,L-1418,L-1150,L-2225,L-1330,L-2313,L-1721,L-1915,L-2326,L-1115,L-1226,L-1452,L-2729,L-1831,L-1923,L-2451,L-1147,L-1219,L-2522,L-1815,L-2419,L-1331,L-1351,L-1227,L-1366,L-2138,L-1309,L-2539,L-2336,L-1375,L-2716,L-1329,L-2344,L-1341,L-1364,L-2619,L-2763,L-2450,L-1542,L-1338,L-2347,L-2122,L-2521,L-1262,L-1531,L-2637,L-1267,L-2667,L-1221,L-2531,L-1113,L-1746,L-1424,L-2724,L-1322,L-2226,L-2123,L-1220,L-2240,L-1522,L-1332,L-1477,L-2143,L-2152,L-2516,L-2124,L-1413,L-1611,L-2131,L-1409,L-1428,L-1412,L-2150,L-1425,L-1280,L-1644,L-1836,L-1327,L-1411,L-1832,L-2340,L-2623,L-2732,L-2534,L-2538,L-2559,L-2142,L-1717,L-1952,L-1622,L-1121,L-1129,L-1140,L-1282,L-1426,L-2173,L-2610,L-2722,L-2311,L-2156,L-2262,L-1313,L-1337,L-2338,L-1925,L-1279,L-2165,L-1641,L-2672,L-1943,L-1733,L-2135,L-1645,L-1713,L-2166,L-2514,L-1352,L-2181,L-2115,L-1544,L-1931,L-2411,L-1719,L-2349,L-1629,L-2560,L-1630,L-1944,L-1861,L-2128,L-1142,L-1415,L-1123,L-2242,L-1252,L-1720,L-2427,L-1272,L-1899,L-2232,L-2182,L-2114,L-2721,L-2662,L-1333,L-2452,L-2440,L-1316,L-1359,L-2214,L-1880,L-2175,L-2174,L-2731,L-1471,L-1549,L-1615,L-2314,L-1112,L-1519,L-1465,L-1520,L-1546,L-1941,L-1634,L-2353,L-2565,L-2117,L-1323,L-2160,L-2224,L-1263,L-1138,L-2265,L-2229,L-1526,L-2432,L-2762,L-2269,L-2220,L-2263,L-2271,L-2339,L-1534,L-1854,L-1450,L-1127,L-1318,L-2413,L-1651,L-1241,L-1524,L-1930,L-2609,L-2169,L-2726,L-1862,L-2121,L-1724,L-1273,L-2414,L-1248,L-2323,L-2118,L-1947,L-1457,L-1342,L-2714,L-1319,L-1817,L-1619,L-2163,L-2736,L-1814,L-1269,L-1117,L-1250,L-1654,L-1649,L-2525,L-1218,L-1737,L-1911,L-2625,L-1821,L-1374,L-2227,L-2621,L-1128,L-2613,L-1916,L-2651,L-1660,L-2536,L-1950,L-1550,L-2616,L-2213,L-1237,L-1464,L-1540,L-2310,L-2322,L-1114,L-2241,L-1628,L-2154,L-2528,L-2137,L-1535,L-2133,L-1314,L-1370,L-2741,L-1266,L-2210,L-2556,L-1648,L-2515,L-2533,L-2341,L-1243,L-1647,L-2312,L-2563,L-1217,L-1650,L-1536,L-1343,L-2120,L-1623,L-2564,L-1728,L-2557,L-1281,L-1119,L-1416,L-1335,L-2738,L-1459,L-1264,L-1321,L-1632,L-2711,L-1833,L-1417,L-1521,L-2668,L-1161,L-1610,L-2130,L-2422,L-2544,L-2381,L-2541,L-2661,L-2333,L-2116,L-1545,L-2627,L-1533,L-1747,L-1135,L-1132,L-1469,L-1741,L-1149,L-2177,L-1357,L-2230,L-1837,L-2350,L-1474,L-1453,L-1951,L-2167,L-1431,L-1326,L-1317,L-2530,L-2567,L-1346,L-2546,L-2671,L-1626,L-2132,L-1933,L-2149,L-2140,L-2611,L-1940,L-2718,L-1449,L-1839,L-1141,L-1643,L-1739,L-2125,L-2624,L-2441,L-2222,L-2442,L-2337,L-2308,L-2719,L-1882,L-1148,L-2345,L-2348,L-1917,L-1131,L-1268,L-2635,L-2628,L-2324,L-2342,L-1320,L-2512,L-2614,L-1541,L-1722,L-1712,L-1841,L-1328,L-1433,L-2562,L-2168,L-2330,L-2733,L-2764,L-1653,L-2629,L-1122,L-1510,L-1725,L-2172,L-2540,L-1530,L-2145,L-1270,L-2221,L-1868,L-2155,L-1548,L-1617,L-2740,L-1621,L-1863,L-1840,L-1620,L-1151,L-1244,L-2151,L-2717,L-1271,L-2161,L-1914,L-1881,L-1454,L-1742,L-2549,L-2680,L-1312,L-1624,L-1812,L-2433,L-1229,L-1532,L-1924,L-1368,L-1920,L-2555,L-2664,L-1354,L-1518,L-2162,L-2612,L-2666,L-1845,L-2527,L-1834,L-2519,L-2420,L-1365,L-1743,L-1838,L-2316,L-2739,L-1432,L-1864,L-1616,L-1613,L-1461,L-1463,L-1479,L-1325,L-1853,L-2346,L-2412,L-2728,L-1208,L-1211,L-1850,L-1937,L-1222,L-1934,L-1247,L-2228,L-2520,L-2734,L-1242,L-1928,L-1948,L-2335,L-2431,L-2713,L-1324,L-2320,L-1514,L-1358,L-2267,L-2418,L-1636,L-1865,L-1136,L-1139,L-2270,L-1511,L-2309,L-2171,L-2113,L-2720,L-2164,L-1224,L-1124,L-1344,L-1236,L-1740,L-2211,L-1260,L-2547,L-2261,L-1311,L-1429,L-1870,L-2518,L-1910,L-1513,L-1251,L-2423"
2960681,LU,EC,04,49.76843,6.30285,,Canton d'Echternach,Consdorf,,Colbette,Colbette,"Colbet,Colbette",0,L-6239
2960584,LU,LU,03,49.56278,6.15389,,Luxembourg,Hesperange,,Fentange,Fentange,Fentange,1302,"L-5839,L-5826,L-5825,L-5814,L-5808,L-5837,L-5853,L-5828,L-5864,L-5862,L-5889,L-5811,L-5817,L-5838,L-5846,L-5867,L-5843,L-5861,L-5823,L-5891,L-5813,L-5820"
2960822,LU,RM,00,49.55278,6.31583,,Remich,Bous,,Assel,Assel,Assel,174,L-5402
2960211,LU,GR,03,49.64667,6.40056,,Grevenmacher,Flaxweiler,,Oberdonven,Oberdonven,Oberdonven,164,L-5435
2960270,LU,DI,11,49.83389,6.0075,,Diekirch,Mertzig,,Mertzig,Mertzig,"Mertzig,Merzig",1482,"L-9166,L-9169,L-9170,L-9168,L-9167"
2960605,LU,ME,06,49.77253,6.22118,,Mersch,Larochette,,Ernzen,Ernzen,Ernzen,398,"L-7635,L-7636"
2960373,LU,WI,11,50.01333,5.96472,,Wiltz,Wiltz,,Knaphoscheid,Knaphoscheid,Knaphoscheid,180,L-9759
2960510,LU,RD,07,49.82778,5.96722,,Redange,Grosbous,,Grosbous,Grosbous,Grosbous,656,"L-9155,L-9154"
2959968,LU,WI,13,49.96778,5.89028,,Wiltz,Winseler,,Winseler,Winseler,"Gemeng Wanseler,Vinseler,Vinzeler,Wanseler,Winseler,wynzlr,Винзелер,Вінселер,وینزلر",126,L-9696
2960035,LU,WI,13,49.96028,5.86083,,Wiltz,Winseler,,Pommerloch,Pommerloch,"Pommerloch,Reckingerhof,Trentelhof",51,L-9638
2960717,LU,GR,02,49.7289,6.33838,,Grevenmacher,Biwer,,Brouch (Wecker),Brouch,"Brouch,Brouch (Wecker),Brouch-les-Biwer,Brouch-lès-Biwer,Bruch",52,L-6837
2960833,LU,RM,04,49.51056,6.25722,,Remich,Mondorf-les-Bains,,Altwies,Altwies,Altwies,617,"L-5671,L-5670"
2960002,LU,CL,03,50.03833,5.98944,,Clervaux,Clervaux,,Weicherdange,Weicherdange,Weicherdange,220,L-9775
2960223,LU,CL,01,50.01167,5.84361,,Clervaux,Wincrange,,Niederwampach,Niederwampach,Niederwampach,0,L-9672
2960426,LU,RD,06,49.81,5.86667,,Redange,Rambrouch,,Hostert,Hostert,"Hostert,Hostert-les-Folschette,Hostert-lès-Folschette",360,"L-8546,L-8537,L-8805"
2960438,LU,RD,06,49.80722,5.79167,,Redange,Rambrouch,,Holtz,Holtz,"Holtz,Holtzburg",196,L-8820
2960549,LU,CA,04,49.61667,5.9525,,Capellen,Garnich,,Garnich,Garnich,"Garnech,Garnich",824,"L-8355,L-8353,L-8350,L-8354,L-8356"
2960660,LU,CL,01,50.015,5.88972,,Clervaux,Wincrange,,Derenbach,Derenbach,Derenbach,287,L-9645
2960706,LU,DI,06,49.87987,6.08943,,Diekirch,Erpeldange,,Burden,Burden,Burden,450,"L-9172,L-9142"
2960007,LU,GR,07,49.71534,6.49861,,Grevenmacher,Mertert,,Wasserbillig,Wasserbillig,Wasserbillig,2327,"L-6634,L-6621,L-6651,L-6619,L-6617,L-6622,L-6613,L-6620,L-6632,L-6645,L-6648,L-6637,L-6650,L-6610,L-6623,L-6616,L-6633,L-6646,L-6612,L-6649,L-6618,L-6631,L-6614,L-6630,L-6638,L-6636,L-6611,L-6647,L-6635,L-6615"
2960358,LU,ES,09,49.54639,5.85639,,Canton d'Esch-sur-Alzette,Pétange,,Lamadelaine,Lamadelaine,"Lamadelaine,Lamadeleine,Rollingen",2428,"L-4879,L-4892,L-4888,L-4887,L-4882,L-4877,L-4878,L-4874,L-4884,L-4886,L-4880,L-4893,L-4891,L-4883,L-4871,L-4895,L-4885,L-4881,L-4894,L-4872,L-4873,L-4890,L-4744,L-4876,L-4870,L-4875,L-4889"
2959987,LU,RM,05,49.52389,6.34222,,Remich,Schengen,,Wellenstein,Wellenstein,Wellenstein,499,"L-5471,L-5470"
2960008,LU,DI,07,49.85918,6.08415,,Diekirch,Ettelbruck,,Warken,Warken,Warken,1188,"L-9029,L-9090,L-9030,L-9018,L-9019,L-9031,L-9033,L-9028,L-9032"
2960327,LU,DI,03,49.91861,6.08667,,Diekirch,Bourscheid,,Lipperscheid,Lipperscheid,Lipperscheid,186,"L-9378,L-9164"
2960481,LU,ME,05,49.76907,6.24049,,Mersch,Heffingen,,Heffingen,Heffingen,Heffingen,623,"L-7651,L-7673,L-7625,L-7653,L-7650,L-7652"
2960687,LU,CA,8641865,49.59667,5.87583,,Capellen,Käerjeng,,Clemency,Clemency,"Clemency,Kuentzig,Kuntzig,Küntzig",1821,"L-4966,L-4967,L-4965,L-4960,L-4962,L-4963,L-4964,L-4961"
2960139,LU,CL,63,50.03667,6.13111,,Clervaux,Parc Hosingen,,Rodershausen,Rodershausen,Rodershausen,96,L-9839
2960627,LU,ES,13,49.52417,5.96611,,Canton d'Esch-sur-Alzette,Sanem,,Ehlerange,Ehlerange,Ehlerange,756,"L-4382,L-4383,L-4381,L-4380,L-4385"
11703837,LU,RD,06,49.83914,5.81481,,Redange,Rambrouch,,Riesenhof,Riesenhof,Reisenhaff,0,L-8821
2960340,LU,WI,8641289,49.98361,6.01444,,Wiltz,Kiischpelt,,Lellingen,Lellingen,"Lellingen,Leltingen",93,L-9760
2960137,LU,ES,10,49.57472,6.03472,,Canton d'Esch-sur-Alzette,Reckange-sur-Mess,,Roedgen,Roedgen,Roedgen,337,"L-3392,L-3393"
2960366,LU,RD,06,49.83806,5.84028,,Redange,Rambrouch,,Koetschette,Koetschette,Koetschette,125,L-8821
2959973,LU,CL,09,50.14056,6.02389,,Clervaux,Troisvierges,,Wilwerdange,Wilwerdange,Wilwerdange,268,L-9980
2960129,LU,CA,10,49.69194,6.00222,,Capellen,Septfontaines,,Roodt/Eisch,Roodt,"Roddt,Roodt,Roodt-Eisch,Roodt-sur-Eisch,Roodt/Eisch,Rued",215,L-8398
2960415,LU,GR,05,49.6975,6.1975,,Grevenmacher,Junglinster,,Imbringen,Imbringen,Imbringen,292,L-6195
2960429,LU,CL,63,50.01218,6.09089,,Clervaux,Parc Hosingen,,Hosingen,Hosingen,Hosingen,811,"L-9806,L-9808,L-9805,L-9809,L-9807"
2960440,LU,CL,10,50.12361,6.04944,,Clervaux,Weiswampach,,Holler,Holler,"Holler,Hollermuehle,Hollermühle",87,L-9962
2960828,LU,ME,11,49.7025,6.04333,,Mersch,Tuntange,,Ansembourg,Ansembourg,Ansembourg,42,L-7411
2960198,LU,GR,01,49.67985,6.31392,,Grevenmacher,Betzdorf,,Olingen,Olingen,Olingen,403,"L-6951,L-6950"
2960285,LU,WI,05,49.92333,5.87222,,Wiltz,Lac de la Haute-Sûre,,Mecher (Haute-Sûre),Mecher,"Mecher,Mecher (Haute-Sure),Mecher (Haute-Sûre),Mecher-Dunkrodt",63,L-9669
2960010,LU,LU,09,49.66321,6.13224,,Luxembourg,Walferdange,,Walferdange,Walferdange,"Walfer,Walferdange,Walferdingen",740,"L-7220,L-7209,L-7238,L-7269,L-7274,L-7224,L-7256,L-7226,L-7253,L-7222"
2960208,LU,ME,10,49.7775,6.15056,,Mersch,Nommern,,Oberglabach,Oberglabach,Oberglabach,0,L-7431
2960526,LU,CA,11,49.63083,5.89139,,Capellen,Steinfort,,Grass,Grass,"Gras,Grass",71,"L-8389,L-8346,L-8362"
2960723,LU,CL,10,50.12417,6.06361,,Clervaux,Weiswampach,,Breidfeld,Breidfeld,Breidfeld,49,L-9950
2960739,LU,EC,06,49.75928,6.51227,,Canton d'Echternach,Mompach,,Born,Born,Born,336,"L-6661,L-6660"
2960759,LU,ME,02,49.78733,6.0654,,Mersch,Bissen,,Bissen,Bissen,Bissen,2547,"L-7793,L-7792,L-7789,L-7766,L-7767,L-7769,L-7795,L-7771,L-7780,L-7774,L-7777,L-7787,L-7790,L-7764,L-7783,L-7760,L-7788,L-7781,L-7762,L-7786,L-7782,L-7768,L-7773,L-7778,L-7779,L-7772,L-7761,L-7791,L-7765,L-7770,L-7784,L-7785"
2960126,LU,ME,02,49.78667,6.09611,,Mersch,Bissen,,Roost (Bissen),Roost,"Roost,Roost (Bissen),Rost",0,L-7759
2960332,LU,CL,03,50.12444,6.11,,Clervaux,Clervaux,,Lieler,Lieler,Lieler,179,L-9972
2960766,LU,RD,06,49.8575,5.825,,Redange,Rambrouch,,Bilsdorf,Bilsdorf,Bilsdorf,121,L-8811
2960014,LU,EC,08,49.79636,6.28431,,Canton d'Echternach,Waldbillig,,Waldbillig,Waldbillig,Waldbillig,408,"L-7681,L-7680"
2960796,LU,EC,03,49.82051,6.34945,,Canton d'Echternach,Berdorf,,Berdorf,Berdorf,Berdorf,900,"L-6550,L-6551,L-6553,L-6552"
2960171,LU,RD,8641291,49.80167,5.93917,,Redange,Commune de Préizerdaul,,Pratz,Pratz,Pratz,367,"L-8612,L-8613"
2960084,LU,LU,06,49.61014,6.25903,,Luxembourg,Schuttrange,,Schrassig,Schrassig,Schrassig,1051,"L-5360,L-5362,L-5361,L-5363,L-5364"
11669891,LU,EC,03,49.80143,6.35379,,Canton d'Echternach,Berdorf,,Kalkesbach (Berdorf),Kalkesbach,"Kalkesbach,Kalkesbach (Berdorf),Kalkesbach (Bergdorf)",0,L-6214
11669891,LU,EC,04,49.80143,6.35379,,Canton d'Echternach,Consdorf,,Kalkesbach (Consdorf),Kalkesbach,"Kalkesbach,Kalkesbach (Berdorf),Kalkesbach (Bergdorf)",0,L-6214
2960419,LU,ME,08,49.69667,6.13167,,Mersch,Lorentzweiler,,Hunsdorf,Hunsdorf,Hunsdorf,413,"L-7396,L-7395,L-7397"
2960450,LU,DI,12,49.88389,6.25806,,Diekirch,Reisdorf,,Hoesdorf,Hoesdorf,Hoesdorf,105,L-9456
2960591,LU,ME,09,49.77889,6.11667,,Mersch,Mersch,,Essingen,Essingen,Essingen,18,L-7424
2960813,LU,VD,01,49.89194,6.16528,,Vianden,Tandel,,Bastendorf,Bastendorf,"Baastenduerf,Bastendorf",377,"L-9350,L-9351,L-9359"
2960836,LU,GR,05,49.71556,6.21667,,Grevenmacher,Junglinster,,Altlinster,Altlinster,Altlinster,115,L-6150
2960214,LU,CA,06,49.67528,6.00889,,Capellen,Kehlen,,Nospelt,Nospelt,Nospelt,766,"L-8391,L-8392,L-8390"
2960247,LU,CL,03,50.03361,6.03861,,Clervaux,Clervaux,,Munshausen,Munshausen,Munshausen,147,L-9766
2960284,LU,CL,03,50.04083,6.0175,,Clervaux,Clervaux,,Mecher,Mecher,"Mecher,Mecher-lez-Clervaux,Mecher-sur-Clervaux",0,L-9765
2960644,LU,WI,13,49.97,5.83722,,Wiltz,Winseler,,Doncols,Doncols,Doncols,232,L-9647
2960322,LU,ME,08,49.70131,6.14234,,Mersch,Lorentzweiler,,Lorentzweiler,Lorentzweiler,"Lorentzweiler,Lorenzweiler",772,"L-7350,L-7353,L-7377,L-7372,L-7358,L-7383,L-7380,L-7356,L-7359,L-7375,L-7363,L-7373,L-7361,L-7379,L-7384,L-7370"
2960343,LU,CL,10,50.16083,6.10889,,Clervaux,Weiswampach,,Leithum,Leithum,Leithum,78,L-9970
2960528,LU,VD,02,49.93694,6.10167,,Vianden,Putscheid,,Gralingen,Gralingen,Gralingen,142,L-9375
2960597,LU,RD,06,49.82306,5.88833,,Redange,Rambrouch,,Eschette,Eschette,Eschette,34,L-8817
2960187,LU,ES,09,49.55833,5.88056,,Canton d'Esch-sur-Alzette,Pétange,,Pétange,Pétange,"Gemeng Peiteng,Gemeng Péiteng,Peiteng,Petange,Petanzas,Petanzh,Petanžas,Petingen,Péiteng,Pétange,ptanzh,Петанж,پتانژ",7187,"L-4772,L-4776,L-4732,L-4782,L-4707,L-4908,L-4743,L-4773,L-4722,L-4740,L-4739,L-4738,L-4717,L-4737,L-4755,L-4735,L-4754,L-4770,L-4753,L-4785,L-4756,L-4733,L-4702,L-4744,L-4777,L-4762,L-4731,L-4742,L-4720,L-4736,L-4751,L-4760,L-4771,L-4713,L-4719,L-4718,L-4763,L-4778,L-4709,L-4775,L-4741,L-4730,L-4759,L-4780,L-4714,L-4721,L-4758,L-4752,L-4708,L-4750,L-4716,L-4734,L-4757,L-4784,L-4779,L-4761"
2960465,LU,EC,06,49.74167,6.42778,,Canton d'Echternach,Mompach,,Herborn,Herborn,Herborn,150,L-6665
2960517,LU,ME,03,49.7625,6.03389,,Mersch,Boevange-sur-Attert,,Grevenknapp,Grevenknapp,"Grevenknapp,Grevenknopp,Groevenknapp",0,L-7433
2960663,LU,CL,01,50.06556,5.96389,,Clervaux,Wincrange,,Deiffelt,Deiffelt,"Deifelt,Deiffelt",0,L-9744
2960636,LU,CL,09,50.13361,6.01917,,Clervaux,Troisvierges,,Drinklange,Drinklange,"Drinckelt,Drinckler,Drinklange",124,L-9952
2959998,LU,CL,01,50.10444,5.94611,,Clervaux,Wincrange,,Weiler,Weiler,Weiler,44,L-9982
2960174,LU,ES,08,49.53639,6.02944,,Canton d'Esch-sur-Alzette,Mondercange,,Pontpierre,Pontpierre,"Pontpierre,Steinbrucken",1009,"L-4394,L-4397,L-4393,L-4392,L-4396,L-4395,L-4398,L-4391,L-4390"
2960258,LU,ES,08,49.53306,5.98833,,Canton d'Esch-sur-Alzette,Mondercange,,Mondercange,Mondercange,"Mondercange,Monnerich",3306,"L-3941,L-3943,L-3933,L-3909,L-3937,L-3940,L-3910,L-3919,L-3913,L-3927,L-3930,L-3934,L-3912,L-3935,L-3911,L-3920,L-3914,L-3938,L-3939,L-3945,L-3924,L-3917,L-3936,L-3918,L-3928,L-3929,L-3916,L-3925,L-3921,L-3926,L-3932,L-3915,L-3931"
2960283,LU,DI,8641526,49.80955,6.21521,,Diekirch,Commune de la Vallée de l’Ernz,,Medernach,Medernach,Medernach,907,"L-7662,L-7622,L-7661,L-7660,L-7664,L-7663"
2960456,LU,EC,07,49.77639,6.51528,,Canton d'Echternach,Rosport,,Hinkel,Hinkel,Hinkel,82,L-6560
2960561,LU,VD,01,49.91556,6.19611,,Vianden,Tandel,,Fouhren,Fouhren,Fouhren,380,"L-9455,L-9454"
2960267,LU,DI,03,49.9,6.09194,,Diekirch,Bourscheid,,Michelau,Michelau,Michelau,281,"L-9171,L-9172"
2960647,LU,WI,04,49.92111,6.03833,,Wiltz,Gœsdorf,,Dirbach (Goesdorf),Dirbach,"Derbach,Dierbach,Dirbach,Dirbach (Goesdorf)",0,L-9153
2960647,LU,WI,02,49.92111,6.03833,,Wiltz,Esch-sur-Sûre,,Dirbach,Dirbach,"Derbach,Dierbach,Dirbach,Dirbach (Goesdorf)",0,L-9153
2960054,LU,LU,08,49.62056,6.07333,,Luxembourg,Strassen,,Strassen,Strassen,Strassen,6006,"L-8021,L-8038,L-8042,L-8017,L-8034,L-8049,L-8098,L-8037,L-8015,L-8019,L-8027,L-8035,L-8032,L-8039,L-8040,L-8033,L-1512,L-1483,L-8111,L-8011,L-8097,L-8031,L-8041,L-8048,L-8023,L-8013,L-8029,L-8043,L-8028,L-8112,L-1210,L-8012,L-8056,L-8045,L-1019,L-8022,L-8044,L-8014,L-1525,L-8010,L-8018,L-8026,L-1445,L-8036,L-8069,L-8025,L-8047,L-8020,L-8046"
2960667,LU,WI,04,49.93528,5.97583,,Wiltz,Gœsdorf,,Dahl,Dahl,Dahl,246,L-9644
2960195,LU,RD,09,49.78389,5.90444,,Redange,Redange-sur-Attert,,Ospern,Ospern,Ospern,276,L-8540
2960203,LU,CL,63,49.95,6.06667,,Clervaux,Parc Hosingen,,Oberschlinder,Oberschlinder,"Haut-Schlinder,Oberschlinder",0,L-9183
2960221,LU,WI,04,49.94653,5.97626,,Wiltz,Gœsdorf,,Nocher,Nocher,"Nocher,Nocher-Route",233,L-9674
2960750,LU,CL,63,50.01222,6.05278,,Clervaux,Parc Hosingen,,Bockholtz,Bockholtz,"Bockholtz,Bockholz,Bockholz-les-Hosingen,Bockholz-lès-Hosingen",47,L-9830
2960260,LU,DI,02,49.86778,6.23944,,Diekirch,Bettendorf,,Moestroff,Moestroff,Moestroff,418,"L-9382,L-9381"
2960497,LU,EC,08,49.81982,6.28006,,Canton d'Echternach,Waldbillig,,Haller,Haller,Haller,223,L-6370
2960168,LU,VD,02,49.96083,6.14306,,Vianden,Putscheid,,Putscheid,Putscheid,"Petscht,Putscheid,Pëtscht",38,L-9462
2960399,LU,CA,04,49.63139,5.91778,,Capellen,Garnich,,Kahler,Kahler,Kahler,192,L-8376
2960462,LU,WI,02,49.87306,5.93111,,Wiltz,Esch-sur-Sûre,,Hierheck,Hierheck,"Haerheck,Herheck,Hierheck",36,L-9144
2960541,LU,EC,07,49.77778,6.49944,,Canton d'Echternach,Rosport,,Girsterklaus,Girsterklaus,Girsterklaus,12,L-6558
2960721,LU,GR,02,49.7119,6.3422,,Grevenmacher,Biwer,,Breinert,Breinert,,50,L-6836
2960395,LU,RD,10,49.73944,5.97056,,Redange,Saeul,,Kapweiler,Kapweiler,Kapweiler,30,L-8541
2960494,LU,CL,01,50.04611,5.90417,,Clervaux,Wincrange,,Hamiville,Hamiville,"Hamiville,Heisdorf",171,L-9752
2960257,LU,RM,04,49.505,6.28111,,Remich,Mondorf-les-Bains,,Mondorf-les-Bains,Mondorf-les-Bains,"Bad Mondorf,Bains,Gemeng Munneref,Mondorf le Benas,Mondorf-le-Ben,Mondorf-les-Bains,Munneref,mondorp-le-beni,mwndwrf,Мондорф-ле-Бен,موندورف,მონდორფ-ლე-ბენი",3113,"L-5636,L-5626,L-5631,L-5611,L-5615,L-5612,L-5634,L-5650,L-5619,L-5653,L-5632,L-5654,L-5616,L-5628,L-5618,L-5629,L-5620,L-5610,L-5639,L-5613,L-5651,L-5627,L-5640,L-5635,L-5657,L-5630,L-5614,L-5617,L-5638,L-5652"
2960469,LU,ME,08,49.69387,6.14166,,Mersch,Lorentzweiler,,Helmdange,Helmdange,Helmdange,638,"L-7355,L-7373,L-7360,L-7382,L-7354,L-7374,L-7351,L-7357,L-7371,L-7352"
2960359,LU,RD,13,49.87056,5.90306,,Redange,Wahl,,Kuborn,Kuborn,Kuborn,75,L-8822
2960752,LU,EC,02,49.74492,6.26564,,Canton d'Echternach,Bech,,Blumenthal (Bech),Blumenthal,Blumenthal (Bech),0,L-7639
2960752,LU,GR,05,49.74492,6.26564,,Grevenmacher,Junglinster,,Blumenthal,Blumenthal,Blumenthal (Bech),0,L-7639
2960294,LU,ME,11,49.71,6.06167,,Mersch,Tuntange,,Marienthal,Marienthal,Marienthal,108,L-7411
2960703,LU,ME,03,49.75083,6.00833,,Mersch,Boevange-sur-Attert,,Buschdorf,Buschdorf,Buschdorf,387,L-7418
2960722,LU,EC,04,49.77766,6.30332,,Canton d'Echternach,Consdorf,,Breidweiler,Breidweiler,"Breidweiler,Breitweiler",99,L-6238
2960780,LU,RD,8641291,49.79528,5.94111,,Redange,Commune de Préizerdaul,,Bettborn,Bettborn,Bettborn,231,"L-8606,L-8609"
2960157,LU,RD,8641291,49.79722,5.95389,,Redange,Commune de Préizerdaul,,Reimberg,Reimberg,Reimberg,182,L-8614
2960164,LU,ES,10,49.5625,6.00889,,Canton d'Esch-sur-Alzette,Reckange-sur-Mess,,Reckange-sur-Mess,Reckange-sur-Mess,"Reckange,Reckange-sur-Mess,Reckange-sur-Messe,Reckeng op der Mess,Reckingen",571,"L-4981,L-4980,L-4982"
2960197,LU,CA,06,49.65722,6.00028,,Capellen,Kehlen,,Olm,Olm,Olm,1459,"L-8344,L-8316,L-8322,L-8319,L-8324,L-8394,L-8317,L-8323,L-8393,L-8342,L-8341,L-8338,L-8327,L-8312,L-8333,L-8315,L-8332,L-8339,L-8343,L-8321,L-8340"
2960612,LU,RD,02,49.72472,5.91778,,Redange,Beckerich,,Elvange,Elvange,"Elvange,Elvange-les-Beckerich,Elvange-lès-Beckerich",96,L-8533
2960017,LU,RD,13,49.83667,5.90639,,Redange,Wahl,,Wahl,Wahl,"Wahl,Wal",235,L-8838
2960397,LU,GR,09,49.63444,6.35583,,Grevenmacher,Wormeldange,,Kapenacker,Kapenacker,"Ferme Kapenacker,Kapenacker",0,L-5432
2959985,LU,DI,03,49.88806,6.06778,,Diekirch,Bourscheid,,Welscheid,Welscheid,Welscheid,149,L-9191
2960089,LU,ME,09,49.71889,6.09222,,Mersch,Mersch,,Schoenfels,Schoenfels,Schoenfels,216,L-7473
2960769,LU,RD,06,49.85167,5.79333,,Redange,Rambrouch,,Bigonville,Bigonville,"Bigonville,Bondorf",475,"L-8812,L-8813,L-8814"
2960791,LU,ES,08,49.525,6.04222,,Canton d'Esch-sur-Alzette,Mondercange,,Bergem,Bergem,Bergem,1535,"L-3316,L-3314,L-3315,L-3313,L-3317,L-3318"
2960066,LU,WI,13,49.965,5.82667,,Wiltz,Winseler,,Sonlez,Sonlez,"Soller,Sonlez",41,L-9647
2960537,LU,CA,07,49.66972,5.96528,,Capellen,Koerich,,Goeblange,Goeblange,Goeblange,434,"L-8358,L-8357,L-8359"
2960563,LU,RD,06,49.81417,5.87472,,Redange,Rambrouch,,Folschette,Folschette,Folschette,289,"L-8834,L-8835"
2960576,LU,RM,02,49.5325,6.24833,,Remich,Dalheim,,Filsdorf,Filsdorf,Filsdorf,371,"L-5741,L-5740"
2960082,LU,LU,06,49.62056,6.26861,,Luxembourg,Schuttrange,,Schuttrange,Schuttrange,Schuttrange,841,"L-5373,L-5370,L-5375,L-5372,L-5368,L-5342,L-5359,L-5371,L-5369,L-5367"
2960190,LU,ES,11,49.52444,6.12972,,Canton d'Esch-sur-Alzette,Roeser,,Peppange,Peppange,Peppange,593,"L-3390,L-3391,L-3389"
2959972,LU,WI,8641289,49.98889,5.99917,,Wiltz,Kiischpelt,,Wilwerwiltz,Wilwerwiltz,"Wilwerwiltz,Wilwerwilz",249,L-9776
2960120,LU,RD,10,49.72722,5.98639,,Redange,Saeul,,Saeul,Saeul,"Saeul,Sell,Sëll",316,"L-7471,L-7470"
2960167,LU,RD,06,49.83083,5.845,,Redange,Rambrouch,,Rambrouch,Rambrouch,"Gemeng Rammerech,Rambrouch,Rambruch,Rambrukh,Rambrush,Rammerech,rambrwk,Рамбрух,Рамбруш,رامبروک",401,"L-8806,L-8805"
2960244,LU,RD,09,49.78917,5.85778,,Redange,Redange-sur-Attert,,Nagem,Nagem,"Nagem,Nogem",216,L-8544
2960123,LU,ES,12,49.45964,6.03089,,Canton d'Esch-sur-Alzette,Rumelange,,Rumelange,Rumelange,"Rumelange,Rumelingen",0,"L-3716,L-3728,L-3730,L-3735,L-3736,L-3753,L-3752,L-3722,L-3744,L-3727,L-3743,L-3710,L-3726,L-3711,L-3713,L-3750,L-3739,L-3755,L-3734,L-3724,L-3719,L-3740,L-3717,L-3712,L-3723,L-3714,L-3742,L-3733,L-3737,L-3738,L-3754,L-3729,L-3715,L-3718,L-3725,L-3741"
2960832,LU,LU,03,49.565,6.16361,,Luxembourg,Hesperange,,Alzingen,Alzingen,"Altzingen,Alzingen",1376,"L-5886,L-5869,L-5892,L-5887,L-5836,L-5844,L-5863,L-5888,L-5854,L-5818,L-5875,L-5873,L-5829,L-5865,L-5835,L-5830,L-5868,L-5815,L-5872,L-5833,L-5819,L-5824,L-5870,L-5890,L-5871"
6696267,LU,EC,03,49.84847,6.35787,,Canton d'Echternach,Berdorf,,Bollendorf-Pont,Bollendorf-Pont,,0,L-6555
2960050,LU,WI,01,49.90306,5.78,,Wiltz,Boulaide,,Surré,Surré,"Surre,Surré,Syr",190,L-9687
2960441,LU,ME,11,49.71306,6.05083,,Mersch,Tuntange,,Hollenfels,Hollenfels,Hollenfels,247,L-7435
2960400,LU,GR,05,49.70722,6.25306,,Grevenmacher,Junglinster,,Junglinster,Junglinster,Junglinster,2358,"L-6112,L-6133,L-6117,L-6111,L-6142,L-6134,L-6143,L-6124,L-6135,L-6120,L-6113,L-6119,L-6146,L-6131,L-6145,L-6118,L-6139,L-6148,L-6136,L-6140,L-6149,L-6114,L-6115,L-6122,L-6132,L-6121,L-6123,L-6116,L-6130"
2960608,LU,DI,8641526,49.82944,6.22278,,Diekirch,Commune de la Vallée de l’Ernz,,Ermsdorf,Ermsdorf,Ermsdorf,228,L-9366
2960614,LU,RD,09,49.77833,5.895,,Redange,Redange-sur-Attert,,Eltz,Eltz,"Els,Eltz,Kalkelz",34,L-8540
2960746,LU,ME,08,49.69062,6.13998,,Mersch,Lorentzweiler,,Bofferdange,Bofferdange,Bofferdange,802,"L-7376,L-7378,L-7381,L-7362,L-7374,L-7364"
2960748,LU,CL,01,50.04639,5.93417,,Clervaux,Wincrange,,Boevange,Boevange,"Boegen,Boevange,Boevange-Clervaux,Boevange-les-Clervaux,Boevange-lès-Clervaux",125,L-9740
2960834,LU,EC,02,49.75009,6.32656,,Canton d'Echternach,Bech,,Altrier,Altrier,Schanz,190,L-6225
2960414,LU,DI,06,49.85194,6.13472,,Diekirch,Erpeldange,,Ingeldorf,Ingeldorf,"Ingeldord,Ingeldorf",833,"L-9099,L-9147,L-9161,L-9160"
2960624,LU,RD,10,49.7175,5.95,,Redange,Saeul,,Ehner,Ehner,Ehner,13,L-8529
2960809,LU,EC,01,49.83583,6.29167,,Canton d'Echternach,Beaufort,,Beaufort,Beaufort,"Beaufort,Beefort,Befort",1418,"L-6312,L-6314,L-6316,L-6315,L-6313,L-6310"
2960471,LU,RD,13,49.85722,5.88056,,Redange,Wahl,,Heispelt,Heispelt,"Haispelt,Heispelt,Heispelt-les-Wahl,Heispelt-lès-Wahl",81,L-8819
11703873,LU,DI,03,49.90879,6.08087,,Diekirch,Bourscheid,,Bourscheid-Plage,Bourscheid-Plage,,0,L-9164
2960136,LU,RM,08,49.56778,6.285,,Remich,Waldbredimus,,Roedt,Roedt,"Rodt,Roedt,Roedt-les-Trintange,Roedt-lès-Trintange,Rödt",0,L-5442
2960602,LU,RM,00,49.54444,6.3275,,Remich,Bous,,Erpeldange (Bous),Erpeldange,"Erpeldange,Erpeldange (Bous),Erpeldange-lez-Bous",359,"L-5421,L-5422"
2960618,LU,CA,05,49.68556,5.87861,,Capellen,Hobscheid,,Eischen,Eischen,Eischen,1559,"L-8469,L-8473,L-8463,L-8462,L-8464,L-8472,L-8470,L-8477,L-8475,L-8465,L-8467,L-8474,L-8476,L-8479,L-8478,L-8461,L-8480,L-8471,L-8460,L-8466"
2960094,LU,DI,03,49.93306,6.06361,,Diekirch,Bourscheid,,Schlindermanderscheid,Schlindermanderscheid,Schlindermanderscheid,170,L-9183
2960331,LU,ES,10,49.55889,5.98056,,Canton d'Esch-sur-Alzette,Reckange-sur-Mess,,Limpach,Limpach,Limpach,254,L-4499
2960498,LU,CA,11,49.64944,5.93167,,Capellen,Steinfort,,Hagen,Hagen,Hagen,978,"L-8366,L-8367,L-8364,L-8347,L-8365,L-8368"
2960737,LU,WI,01,49.88778,5.81639,,Wiltz,Boulaide,,Boulaide,Boulaide,"Bauschleiden,Boulaide",396,"L-9640,L-9639,L-9633"
2960100,LU,CL,01,50.01028,5.85222,,Clervaux,Wincrange,,Schimpach,Schimpach,Schimpach,0,L-9684
2960436,LU,CL,63,49.985,6.07333,,Clervaux,Parc Hosingen,,Holzthum,Holzthum,Holzthum,143,L-9834
2960539,LU,GR,05,49.73395,6.23238,,Grevenmacher,Junglinster,,Godbrange,Godbrange,Godbrange,463,"L-6171,L-6170"
2960607,LU,LU,04,49.67901,6.24822,,Luxembourg,Niederanven,,Ernster,Ernster,Ernster,350,"L-6166,L-6165"
2960782,LU,LU,01,49.61111,6.05,,Luxembourg,Bertrange,,Bertrange,Bertrange,Bertrange,5615,"L-8084,L-8061,L-8067,L-8063,L-8095,L-8086,L-8062,L-8078,L-8064,L-8082,L-8090,L-8068,L-8079,L-8058,L-8081,L-8091,L-8092,L-8055,L-8074,L-8057,L-8051,L-8052,L-8041,L-8066,L-8075,L-8053,L-8083,L-8085,L-8071,L-8096,L-8056,L-8072,L-8093,L-8069,L-8089,L-8087,L-8054"
2960122,LU,CL,01,50.08,5.97556,,Clervaux,Wincrange,,Rumlange,Rumlange,"Rimlingen,Rumlange",0,L-9770
2959959,LU,GR,09,49.61114,6.40546,,Grevenmacher,Wormeldange,,Wormeldange,Wormeldange,"Wormeldange,Wormeldingen,Wuermeldeng",786,"L-5480,L-5482,L-5481,L-5483"
2960217,LU,ES,01,49.50917,6.05611,,Canton d'Esch-sur-Alzette,Bettembourg,,Noertzange,Noertzange,Noertzange,999,"L-3382,L-3384,L-3386,L-3380,L-3383,L-3385"
2960329,LU,CA,8641865,49.56583,5.88667,,Capellen,Käerjeng,,Linger,Linger,Linger,591,"L-4796,L-4795,L-4798,L-4797"
2960342,LU,GR,06,49.71611,6.43639,,Grevenmacher,Manternach,,Lellig,Lellig,Lellig,142,L-6839
2960348,LU,CL,03,50.11917,6.08333,,Clervaux,Clervaux,,Lausdorn,Lausdorn,Lausdorn,0,L-9968
2960418,LU,CL,03,50.09611,6.05917,,Clervaux,Clervaux,,Hupperdange,Hupperdange,Hupperdange,210,L-9755
2960421,LU,CL,09,50.16472,6.015,,Clervaux,Troisvierges,,Huldange,Huldange,"Huldange,Huldingen",376,L-9964
2960823,LU,ES,05,49.52278,6.22472,,Canton d'Esch-sur-Alzette,Frisange,,Aspelt,Aspelt,Aspelt,1013,"L-5716,L-5714,L-5711,L-5717,L-5722,L-5730,L-5710,L-5723,L-5720,L-5712,L-5721,L-5713,L-5719,L-5718"
11695670,LU,CA,10,49.69745,5.98982,,Capellen,Septfontaines,,Simmerschmelz,Simmerschmelz,,0,L-8363
2960245,LU,VD,02,49.94833,6.12944,,Vianden,Putscheid,,Nachtmanderscheid,Nachtmanderscheid,Nachtmanderscheid,70,L-9461
2960668,LU,ME,10,49.79908,6.13235,,Mersch,Nommern,,Cruchten,Cruchten,"Cruchten,Kruchten",404,"L-7420,L-7421"
2960141,LU,GR,05,49.68671,6.28939,,Grevenmacher,Junglinster,,Rodenbourg,Rodenbourg,Rodenbourg,109,"L-6955,L-6956"
2960107,LU,RM,05,49.47,6.362,,Remich,Schengen,,Schengen,Schengen,"Convenio de Schengen,Gemeng Schengen,Schengen,Sengen,Sengenas,Shengen,shen gen,shengen,shengeni,shngn lwkzambwrg,shynjn,sngn,syeng-gen,Şengen,Šengenas,Шенген,שנגן,شنگن لوکزامبورگ,شينجن,ෂෙන්ගන්,შენგენი,シェンゲン,申根,神根,솅겐",470,"L-5446,L-5445,L-5444"
2960352,LU,RD,09,49.78944,5.83972,,Redange,Redange-sur-Attert,,Lannen,Lannen,"Lannen,Maisons Lannenberg,Maisons Pieschend",113,L-8542
2959967,LU,RM,05,49.50139,6.35278,,Remich,Schengen,,Wintrange,Wintrange,Wintrange,384,L-5495
2960189,LU,RD,06,49.81167,5.76583,,Redange,Rambrouch,,Perlé,Perlé,"Perle,Perlé",649,"L-8826,L-8825,L-8824"
2960437,LU,CA,09,49.61639,5.99028,,Capellen,Mamer,,Holzem,Holzem,Holzem,541,"L-8279,L-8277,L-8278"
2960243,LU,CL,63,50.02889,6.06667,,Clervaux,Parc Hosingen,,Neidhausen,Neidhausen,Neidhausen,53,L-9837
2960296,LU,GR,06,49.70278,6.42639,,Grevenmacher,Manternach,,Manternach,Manternach,Manternach,443,L-6850
2960370,LU,ES,11,49.56111,6.11222,,Canton d'Esch-sur-Alzette,Roeser,,Kockelscheuer,Kockelscheuer,Kockelscheuer,270,"L-1898,L-1899"
2960775,LU,DI,02,49.87667,6.21806,,Diekirch,Bettendorf,,Bettendorf,Bettendorf,"Bettendorf,Bettenduerf",1072,"L-9359,L-9353,L-9355,L-9357,L-9356,L-9352,L-9354"
2960457,LU,LU,03,49.56806,6.15139,,Luxembourg,Hesperange,,Hesperange,Hesperange,Hesperange,1937,"L-5855,L-5859,L-5886,L-5880,L-5863,L-5816,L-5885,L-5866,L-5878,L-5812,L-5831,L-5856,L-5862,L-5830,L-5840,L-5884,L-5893,L-5876,L-5940,L-5890,L-5809,L-5842,L-5826,L-5887,L-5860,L-5841,L-5810,L-5834,L-5874,L-5822"
2960573,LU,CA,8641865,49.60361,5.90083,,Capellen,Käerjeng,,Fingig,Fingig,Fingig,329,"L-4979,L-4978"
2960738,LU,GR,02,49.72276,6.35454,,Grevenmacher,Biwer,,Boudler,Boudler,"Boudeler,Boudler",69,L-6835
2960011,LU,VD,01,49.92667,6.17361,,Vianden,Tandel,,Walsdorf,Walsdorf,"Waldsdorf,Walsdorf",68,L-9465
2960183,LU,ME,09,49.77028,6.10917,,Mersch,Mersch,,Pettingen,Pettingen,"Pettingen,Pittange,Pittigen",206,L-7463
2960328,LU,ME,07,49.72243,6.13016,,Mersch,Lintgen,,Lintgen,Lintgen,Lintgen,1752,"L-7445,L-7440,L-7446,L-7452,L-7447,L-7442,L-7458,L-7455,L-7441,L-7449,L-7444,L-7457,L-7456,L-7453,L-7443,L-7450,L-7451,L-7448,L-7454"
2960643,LU,CL,01,50.06222,5.95583,,Clervaux,Wincrange,,Doennange,Doennange,"Doeningen,Doennange,Donnange,Donningen,Dönningen",146,L-9745
2960779,LU,VD,01,49.91575,6.22693,,Vianden,Tandel,,Bettel,Bettel,Bettel,223,"L-9451,L-9452"
2960098,LU,WI,13,49.99056,5.8575,,Wiltz,Winseler,,Schleif,Schleif,"Schleif,Schlief",8,L-9654
2960282,LU,LU,02,49.57278,6.24861,,Luxembourg,Contern,,Medingen,Medingen,Medingen,102,L-5328
2960735,LU,GR,05,49.70306,6.21725,,Grevenmacher,Junglinster,,Bourglinster,Bourglinster,Bourglinster,680,"L-6160,L-6162,L-6163,L-6161"
2960785,LU,WI,13,49.95222,5.85611,,Wiltz,Winseler,,Berlé,Berlé,"Berle,Berlé",110,L-9636
2960755,LU,CL,09,50.11806,5.97917,,Clervaux,Troisvierges,,Biwisch,Biwisch,Biwisch,103,L-9948
2960598,LU,WI,02,49.8859,5.93421,,Wiltz,Esch-sur-Sûre,,Eschdorf,Eschdorf,Eschdorf,433,"L-9150,L-9151"
2960542,LU,EC,07,49.76722,6.49889,,Canton d'Echternach,Rosport,,Girst,Girst,"Girst,Girsterklause",113,L-6559
2960044,LU,WI,05,49.95056,5.79611,,Wiltz,Lac de la Haute-Sûre,,Tarchamps,Tarchamps,"Eschpelt,Heispelt,Ischpelt,Ischspelt,Tarchamps",294,L-9689
2960046,LU,WI,02,49.91139,5.99556,,Wiltz,Esch-sur-Sûre,,Tadler,Tadler,Tadler,0,L-9181
2960844,LU,ES,01,49.53361,6.08083,,Canton d'Esch-sur-Alzette,Bettembourg,,Abweiler,Abweiler,Abweiler,75,L-3311
2960058,LU,LU,07,49.67694,6.12389,,Luxembourg,Steinsel,,Steinsel,Steinsel,Steinsel,1879,"L-7322,L-7305,L-7307,L-7344,L-7302,L-7315,L-7309,L-7316,L-7333,L-7320,L-7347,L-7303,L-7323,L-7331,L-7336,L-7327,L-7339,L-7317,L-7319,L-7343"
2960470,LU,ES,05,49.50759,6.14978,,Canton d'Esch-sur-Alzette,Frisange,,Hellange,Hellange,Hellange,629,"L-3336,L-3335,L-3333,L-3337,L-3334"
2960651,LU,ES,02,49.52417,5.89139,,Canton d'Esch-sur-Alzette,Differdange,,Differdange,Differdange,"Deifferdeng,Diferdanzas,Diferdanžas,Differdange,Differdanzh,Differdingen,Dziferdanzh,Déifferdeng,Gemeng Deifferdeng,Gemeng Déifferdeng,di fu dang ri,dyfrdanzh,Дзіферданж,Дифферданж,Діфферданж,دیفردانژ,迪弗當日",5296,"L-4542,L-4668,L-4647,L-4548,L-4669,L-4583,L-4543,L-4594,L-4573,L-4508,L-4536,L-4575,L-4605,L-4545,L-4683,L-4660,L-4524,L-4593,L-4633,L-4507,L-4532,L-4621,L-4648,L-4688,L-4574,L-4597,L-4577,L-4639,L-4687,L-4682,L-4677,L-4601,L-4549,L-4636,L-4540,L-4559,L-4604,L-4620,L-4514,L-4632,L-4625,L-4530,L-4534,L-4580,L-4684,L-4546,L-4528,L-4560,L-4630,L-4662,L-4535,L-4591,L-4537,L-4564,L-4628,L-4531,L-4642,L-4582,L-4511,L-4518,L-4556,L-4629,L-4640,L-4651,L-4599,L-4547,L-4603,L-4544"
2960592,LU,CL,03,50.06278,6.00361,,Clervaux,Clervaux,,Eselborn,Eselborn,Eselborn,337,"L-9738,L-9779,L-9748"
2960108,LU,EC,04,49.78059,6.3607,,Canton d'Echternach,Consdorf,,Scheidgen,Scheidgen,Scheidgen,461,"L-6251,L-6250"
2960378,LU,CA,11,49.64639,5.91639,,Capellen,Steinfort,,Kleinbettingen,Kleinbettingen,Kleinbettingen,872,"L-8380,L-8381,L-8378,L-8379"
2960318,LU,WI,02,49.90944,5.89083,,Wiltz,Esch-sur-Sûre,,Lultzhausen,Lultzhausen,Lultzhausen,32,L-9666
