2180841,NZ,,,-36.30143,175.48934,,,,,Tryphena,Tryphena,,0,0962
2188874,NZ,,,-35.22676,173.94739,,,,,Kerikeri,Kerikeri,"KKE,kai li kai li,kelikeli,kerikeri,ケリケリ,凯里凯里,케리케리",5654,0245
2190931,NZ,,,-45.02125,168.73361,,,,,Frankton,Frankton,Frankton Wharf,0,9349
6224557,NZ,,,-39.91714,175.0616,,,,,Wanganui East,Wanganui East,,0,4542
6233790,NZ,,,-36.7982,175.04019,,,,,Ostend,Ostend,,0,"1081,1843"
6244689,NZ,,,-41.32887,174.81986,,,,,Strathmore Park,Strathmore Park,,0,6244
6244801,NZ,,,-41.30151,174.77476,,,,,Mount Victoria,Mount Cook,Mount Cook,0,"6140,6146,6148,6142,6011,6141"
2183091,NZ,,,-35.75,174.46667,,,,,Rukuwai,Rukuwai,,0,0192
2185423,NZ,,,-37.83948,176.16105,,,,,Oropi,Oropi,,0,3173
2190450,NZ,,,-37.72541,176.13346,,,,,Greerton,Greerton,,0,3142
2206831,NZ,,,-39.41306,176.87667,,,,,Petane,Petane,,0,"4149,4104"
6244892,NZ,,,-41.11827,175.0702,,,,,Kingsley Heights,Kingsley Heights,,0,5140
2187175,NZ,,,-37.88333,176.75,,,,,Matata,Matata,,722,3168
6232305,NZ,,,-36.88041,174.79819,,,,,Remuera,Remuera,,0,1050
2189162,NZ,,,-41.26667,174.78333,,,,,Kaiwharawhara,Kaiwharawhara,"Kaiwarawara,Kaiwarra,Kaiwhara",0,6144
2189248,NZ,,,-39.2,174.15,,,,,Kaimiro,Kaimiro,,0,4386
6212263,NZ,,,-45.83838,170.5101,,,,,Liberton,Liberton,,0,9010
2183824,NZ,,,-43.75,172.01667,,,,,Rakaia,Rakaia,South Rakaia,1043,7743
2191529,NZ,,,-43.75,172.93333,,,,,Duvauchelle,Duvauchelle,Kaitouna,0,7545
6232265,NZ,,,-36.85971,174.75308,,,,,Arch Hill,Arch Hill,,0,1021
2183558,NZ,,,-36.68333,174.7,,,,,Red Vale,Red Vale,,0,0792
2194109,NZ,,,-42.34925,171.53928,,,,,Ahaura,Ahaura,,0,7843
6223846,NZ,,,-39.33762,174.28368,,,,,Stratford,Stratford,"Distretto di Stratford,Stratford,Stratford pa New Zealand,Stratford på New Zealand,sutoratofodo,Стратфорд,سٹریٹفرڈ، نیوزی لینڈ,სტრატფორდი,ストラトフォード",0,"4352,4332"
6244869,NZ,,,-41.19827,174.94019,,,,,Naenae,Naenae,,0,5044
2179654,NZ,,,-41.83333,174.13333,,,,,Ward,Ward,,0,7248
2179674,NZ,,,-46.28333,169.91667,,,,,Wangaloa,Wangaloa,,0,9282
6209526,NZ,,,-44.25842,170.10063,,,,,Twizel,Twizel,,0,7944
6246205,NZ,,,-40.20549,176.10084,,,,,Dannevirke,Dannevirke,"Dannevirke pa New Zealand,Dannevirke på New Zealand,Tamaki-nui-a-Rua,Tāmaki-nui-a-Rua",0,"4930,4942"
6207906,NZ,,,-45.25837,169.38008,,,,,Bridge Hill,Bridge Hill,,0,9320
6220981,NZ,,,-43.60314,172.71765,,,,,Lyttelton,Lyttelton,"Littelton,Lyttelton pa New Zealand,Lyttelton på New Zealand,li te er dun,liteulteon,ritoruton,Литтелтон,リトルトン,利特爾頓,리틀턴",0,"8082,8841"
2182002,NZ,,,-43.66667,172.55,,,,,Tai Tapu,Tai Tapu,,454,7645
2188128,NZ,,,-45.73333,168.45,,,,,Lumsden,Lumsden,Lumsden Town District,463,"9730,9742"
2208327,NZ,,,-37.36667,175.66667,,,,,Paeroa,Paeroa,,3994,3600
2208245,NZ,,,-46.275,169.85,,,,,Kaitangata,Kaitangata,,851,9210
2181625,NZ,,,-45.41667,167.71667,,,,,Te Anau,Te Anau,"TEU,Te Anau",2074,9640
6230948,NZ,,,-35.72338,174.32578,,,,,Riverside,Riverside,,0,"0140,0149"
2179756,NZ,,,-37.24806,174.73489,,,,,Waiuku,Waiuku,Waiuku Town District,7555,"2123,2341"
2180286,NZ,,,-41.26667,174.05,,,,,Waikawa,Waikawa,,0,7251
2180699,NZ,,,-37.23333,175.56667,,,,,Turua,Turua,,0,3545
2186216,NZ,,,-41.25039,174.77394,,,,,Ngaio,Ngaio,,0,"6443,6441"
2186697,NZ,,,-38.69743,174.61923,,,,,Mokau,Mokau,,0,4350
6207712,NZ,,,-44.60836,169.26008,,,,,Lake Hawea,Lake Hawea,,0,9345
2180199,NZ,,,-35.55629,173.47824,,,,,Waimamaku,Waimamaku,,0,0446
6231929,NZ,,,-36.96587,174.82389,,,,,Mangere East,Mangere East,,0,"2158,2024"
2190202,NZ,,,-39.6037,176.94571,,,,,Haumoana,Haumoana,,0,4102
2206358,NZ,,,-39.42917,174.3,,,,,Eltham,Eltham,,2235,"4322,4353"
6241320,NZ,,,-38.1276,176.24456,,,,,Ohinemutu,Ohinemutu,,0,3010
2208242,NZ,,,-46.12083,169.96944,,,,,Milton,Milton,,2009,9220
2208041,NZ,,,-37.64167,176.18611,,,,,Mount Maunganui,Mount Maunganui,"Gunung Maunganui,Maunt Maunganui,Маунт Маунгануи",0,3150
6240062,NZ,,,-38.67824,178.05021,,,,,Tamarau,Tamarau,,0,4041
2186233,NZ,,,-36.85,174.75,,,,,Newton,Newton,,0,1142
2187834,NZ,,,-38.1,176.08333,,,,,Mamaku,Mamaku,,751,"3049,3020"
2191091,NZ,,,-39.05,174.1,,,,,Fitzroy,Fitzroy,,0,4341
2207705,NZ,,,-36.85139,174.78944,,,,,Point Resolution,Point Resolution,,0,"1052,1151"
6217203,NZ,,,-43.88833,171.74011,,,,,Allenton,Allenton,,0,"7700,7742"
2181001,NZ,,,-40.473,175.50934,,,,,Tokomaru,Tokomaru,,563,4864
2206823,NZ,,,-39.52333,176.84417,,,,,Puk-kura,Puk-kura,,0,4112
2188853,NZ,,,-38.03333,175.35,,,,,Kihikihi,Kihikihi,Kihikihi Town District,0,3841
6245107,NZ,,,-37.6953,176.14406,,,,,Judea,Judea,,0,3146
2182123,NZ,,,-43.54696,172.63594,,,,,Sydenham,Sydenham,,0,8240
6232074,NZ,,,-36.9082,174.88019,,,,,Pakuranga,Pakuranga Heights,,0,2140
2180745,NZ,,,-40.05147,175.21876,,,,,Turakina South,Turakina South,,0,4547
2181747,NZ,,,-37.61667,175.18333,,,,,Taupiri,Taupiri,,0,3721
2188164,NZ,,,-41.21667,174.91667,,,,,Lower Hutt,Lower Hutt,"Awakairangi,Hutt Bawah,Louehr-Khatt,Louer Hatas,Lower Hutt,Lower Hutt City,lowoheos,xia ha te,Лоуэр-Хатт,ლოუერ-ჰატი,下哈特,로워헛",101194,5042
2182440,NZ,,,-41.46667,173.96667,,,,,Spring Creek,Spring Creek,,0,7244
2186721,NZ,,,-39.43333,174.63333,,,,,Moeroa,Moeroa,,0,4399
2183299,NZ,,,-40.29262,175.42514,,,,,Rongotea,Rongotea,,631,4865
2185646,NZ,,,-44.48848,169.96626,,,,,Omarama,Omarama,,304,9448
2190727,NZ,,,-36.91667,174.65,,,,,Glen Eden,Glen Eden,Glen Eden Town District,0,0641
6232059,NZ,,,-37.0182,174.91019,,,,,Manurewa East,Manurewa East,,0,2105
2179103,NZ,,,-36.83333,175.7,,,,,Whitianga,Whitianga,WTZ,3367,3542
6232212,NZ,,,-36.9182,174.78019,,,,,Onehunga,ONEHUNGA,,0,1643
6245109,NZ,,,-37.65675,176.20839,,,,,Omanu,Omanu,,0,"3149,3116"
2180559,NZ,,,-39.0,174.38333,,,,,Urenui,Urenui,,421,4349
2181602,NZ,,,-36.83333,174.65,,,,,Te Atatu,Te Atatu,,0,0651
2190262,NZ,,,-43.48333,172.58333,,,,,Harewood,Harewood,Harewood Settlement,0,8543
2187459,NZ,,,-39.71667,174.71667,,,,,Mangawhio,Mangawhio,,0,4592
2188796,NZ,,,-43.5,172.21667,,,,,Kirwee,Kirwee,,0,7543
6232179,NZ,,,-36.8482,174.74019,,,,,Freemans Bay,Freemans Bay,,0,1144
6246626,NZ,,,-39.49824,176.90022,,,,,Napier South,Napier South,,0,4143
2187158,NZ,,,-38.35,177.53333,,,,,Matawai,Matawai,Matauwai,0,4051
2191456,NZ,,,-46.31667,168.78333,,,,,Edendale,Edendale,Edendale Town District,583,9848
6227743,NZ,,,-40.3659,175.59843,,,,,West End,West End,,0,4443
6242985,NZ,,,-41.28503,173.27491,,,,,Nelson South,Nelson South,,0,"7042,7046"
6242985,NZ,,,-41.28503,173.27491,,,,,Nelson,Nelson South,,0,7045
2189210,NZ,,,-41.03333,172.93333,,,,,Kairuru,Kairuru,,0,7198
6244864,NZ,,,-41.22827,174.87019,,,,,Petone,Petone,,6609,"5012,5046,5045"
6235745,NZ,,,-37.64821,175.5202,,,,,Morrinsville,Morrinsville,,0,"3300,3340"
6241206,NZ,,,-38.1326,176.29821,,,,,Owhata,Owhata,,0,3042
2183170,NZ,,,-36.1,174.35,,,,,Rowsells,Rowsells,,0,0520
6232213,NZ,,,-36.9082,174.77019,,,,,Royal Oak,Royal Oak,,0,1345
2180863,NZ,,,-41.13333,175.03333,,,,,Trentham,Trentham,,0,5143
2189028,NZ,,,-41.28374,174.74141,,,,,Karori,Karori,,0,"6012,6147"
2178982,NZ,,,-43.31667,172.66667,,,,,Woodend,Woodend,,3059,"7610,7641"
2207714,NZ,,,-36.85472,174.83167,,,,,Mission Bay,Mission Bay,,0,1744
2184297,NZ,,,-43.58333,172.51667,,,,,Prebbleton,Prebbleton,,3600,7604
6220887,NZ,,,-43.56497,172.64105,,,,,Beckenham,Beckenham,,0,8242
6241300,NZ,,,-38.16031,176.26508,,,,,Whakarewarewa,Whakarewarewa,"Te Whakarewarewatanga O Te Ope Taua A Wahiao,Whaka",0,3043
6215137,NZ,,,-45.31837,170.81009,,,,,Hampden,Hampden,,0,9442
6232255,NZ,,,-36.8782,174.72019,,,,,Mount Albert,MOUNT ALBERT,,0,1246
2185651,NZ,,,-35.53333,173.38333,,,,,Omapere,Omapere,,0,0444
6226000,NZ,,,-41.01827,175.5302,,,,,Carterton,Carterton,"Carterton pa New Zealand,Carterton på New Zealand,Distretto di Carterton,ضلع کارٹرٹن",0,"5743,5713"
2181511,NZ,,,-37.4,175.15,,,,,Te Kauwhata,Te Kauwhata,"Kauwhata,Te Kaiwhata,Te Kauwhata Town District",1174,"3710,3741"
2182979,NZ,,,-41.01667,172.98333,,,,,Sandy Bay,Sandy Bay,,0,7197
2185125,NZ,,,-37.16667,174.9,,,,,Paerata,Paerata,,0,2676
2190324,NZ,,,-37.78333,175.28333,,,,,Hamilton,Hamilton,"Gamil'ton,Gorad Gamil'tan,HLZ,Hameldun,Hameldūn,Hamilton,Hamilton City,Hamilton pa New Zealand,Hamilton på New Zealand,Hamiltonas,Khamiltn,Khamilton,Kirikiriroa,amiltan,ha mi er dun,haemilteon,haimilatana,haimiltana,hamiruton,hamyltwn,hemiltana,Гамильтон,Гамільтон,Горад Гамільтан,Хамилтон,Хамилтън,هاميلتون,هامیلتون,ہیملٹن، نیوزی لینڈ,हॅमिल्टन,हैमिल्टन,ਹੈਮਿਲਟਨ,ஆமில்டன்,ഹാമിൽടൺ,ჰამილტონი,ハミルトン,哈密尔顿,해밀턴",152641,3244
2192194,NZ,,,-40.67716,172.6807,,,,,Collingwood,Collingwood,,0,7054
6245111,NZ,,,-37.66996,176.22899,,,,,Omanu Beach,Omanu Beach,,0,3152
2184772,NZ,,,-38.61667,177.9,,,,,Patutahi,Patutahi,Patutahi Town District,386,4045
2190917,NZ,,,-38.96861,177.40056,,,,,Frasertown,Frasertown,Te Kapu,302,4163
6232219,NZ,,,-36.8782,174.86019,,,,,Point England,Point England,,0,1743
2188840,NZ,,,-40.05548,175.77936,,,,,Kimbolton,Kimbolton,,0,4744
6241328,NZ,,,-38.1487,176.2471,,,,,Glenholme,Glenholme,,0,3044
6247826,NZ,,,-37.66738,175.15554,,,,,Ngaruawahia,Ngaruawahia,"Ngaruawahia,Ngāruawāhia",5106,"3742,3720"
2188574,NZ,,,-44.73341,170.46962,,,,,Kurow,Kurow,,422,9446
6232232,NZ,,,-36.8982,174.78019,,,,,One Tree Hill,One Tree Hill,,0,"1347,1344"
6244914,NZ,,,-41.10827,174.8902,,,,,Whitby,Whitby,,0,5245
2180048,NZ,,,-35.2,173.91667,,,,,Waipapa,Waipapa,,0,0246
2186895,NZ,,,-43.63333,171.65,,,,,Methven,Methven,,1236,"7745,7730"
2187104,NZ,,,-35.85,174.21667,,,,,Maungakaramea,Maungakaramea,,0,0178
2185477,NZ,,,-36.85,174.81667,,,,,Orakei,Orakei,,0,1745
6230947,NZ,,,-35.71028,174.31346,,,,,Kensington,Kensington,,0,"7943,0145"
2187042,NZ,,,-43.81667,171.41667,,,,,Mayfield,Mayfield,,0,7748
2190461,NZ,,,-39.53333,176.86667,,,,,Greenmeadows,Greenmeadows,,0,4145
2180027,NZ,,,-43.06667,172.75,,,,,Waipara,Waipara,Waipera,0,7447
2183825,NZ,,,-41.23333,173.58333,,,,,Rai Valley,Rai Valley,,0,7145
2183412,NZ,,,-39.43333,174.08333,,,,,Riverlea,Riverlea,,0,4679
2184429,NZ,,,-40.54215,176.19367,,,,,Pongaroa,Pongaroa,,0,4944
2206372,NZ,,,-40.75833,175.15,,,,,Otaki,Otaki,,6086,5543
6225521,NZ,,,-40.37624,175.58384,,,,,Awapuni,Awapuni,,0,"4445,4412"
6246632,NZ,,,-39.50824,176.86022,,,,,Tamatea,Tamatea,,0,4147
2184409,NZ,,,-40.3,176.61667,,,,,Porangahau,Porangahau,,0,4245
2207740,NZ,,,-36.79167,174.77583,,,,,Takapuna,Takapuna,,0,0750
6231794,NZ,,,-36.71926,174.73666,,,,,Browns Bay,Browns Bay,"Brauns Bej,Браунс Беј",0,0630
2179639,NZ,,,-36.4,174.66667,,,,,Warkworth,Warkworth,"Uorkuehrt,Warkworth Town District,Warkworth pa New Zealand,Warkworth på New Zealand,Уоркуэрт",3441,"0910,0941"
2179702,NZ,,,-41.4,173.05,,,,,Wakefield,Wakefield,,1663,7052
2188902,NZ,,,-36.68333,175.55,,,,,Kennedys Bay,Kennedys Bay,,0,3583
6212213,NZ,,,-45.89838,170.4901,,,,,Saint Kilda,Saint Kilda,,0,"9044,9012,9049"
6212213,NZ,,,-45.89838,170.4901,,,,,Saint Clair,Saint Kilda,,0,9047
6220364,NZ,,,-43.50833,172.67013,,,,,Dallington,Dallington,,0,8640
2179641,NZ,,,-46.25,169.58333,,,,,Warepa,Warepa,,0,9273
2207697,NZ,,,-36.84611,174.72917,,,,,Herne Bay,Herne Bay,,0,"1147,1011"
6230839,NZ,,,-35.68818,174.32018,,,,,Tikipunga,Tikipunga,,0,0144
2183725,NZ,,,-38.87917,176.37288,,,,,Rangitaiki,Rangitaiki,,0,3379
2191542,NZ,,,-44.85538,170.68484,,,,,Duntroon,Duntroon,,0,9445
2193333,NZ,,,-36.33333,174.73333,,,,,Big Omaha,Big Omaha,,0,0985
2181485,NZ,,,-37.75,175.15,,,,,Te Kowhai,Te Kowhai,,0,3263
2185809,NZ,,,-38.83333,174.98333,,,,,Ohura,Ohura,Ohura Town District,225,3947
6232192,NZ,,,-36.90694,174.68704,,,,,New Lynn,New Lynn,,0,0640
2179572,NZ,,,-45.03333,170.01667,,,,,Wedderburn,Wedderburn,,0,9355
2187441,NZ,,,-39.15,174.08333,,,,,Mangorei,Mangorei,,0,4371
2192261,NZ,,,-46.1,169.53333,,,,,Clydevale,Clydevale,,0,9242
6232009,NZ,,,-36.9382,174.84019,,,,,OTAHUHU,OTAHUHU,,0,1062
6232009,NZ,,,-36.9382,174.84019,,,,,Otahuhu,OTAHUHU,,0,1640
2207724,NZ,,,-36.82972,174.79944,,,,,Devonport,Devonport,,0,0624
6232146,NZ,,,-36.8082,174.72019,,,,,Birkenhead,Birkenhead,,0,0746
2183865,NZ,,,-45.78333,169.46667,,,,,Raes Junction,Raes Junction,Bastings,0,9588
2187365,NZ,,,-41.25,173.1,,,,,Mapua,Mapua,,1819,"7048,7005"
2192235,NZ,,,-43.48333,171.96667,,,,,Coalgate,Coalgate,,0,7646
6244687,NZ,,,-41.32124,174.80156,,,,,Rongotai,Rongotai,,0,6241
2179670,NZ,,,-39.93333,175.05,,,,,Wanganui,Wanganui,"Vanganui,WAG,Вангануи",40268,"4540,4541"
2182968,NZ,,,-40.22011,175.42445,,,,,Sanson,Sanson,,508,"4862,4817"
2183526,NZ,,,-41.5,173.83333,,,,,Renwick,Renwick,Renwicktown,0,"7243,7204"
2183769,NZ,,,-36.15,174.4,,,,,Ranganui,Ranganui,,0,0587
2185213,NZ,,,-37.67156,176.13865,,,,,Otumoetai,Otumoetai,,0,3145
2187816,NZ,,,-45.56695,167.61154,,,,,Manapouri,Manapouri,"Manapouri,TEU",248,9643
2190185,NZ,,,-37.86083,175.45355,,,,,Hautapu,Hautapu,,0,3451
2207667,NZ,,,-36.61236,174.68871,,,,,Red Beach,Red Beach,,0,0945
6244910,NZ,,,-41.20827,174.87019,,,,,Maungaraki,Maungaraki,,0,5050
2190172,NZ,,,-41.28333,173.76667,,,,,Havelock,Havelock,Havelock Town District,504,"7150,7100"
2191220,NZ,,,-44.1,170.83333,,,,,Fairlie,Fairlie,,788,"7925,7949"
2191562,NZ,,,-45.87416,170.50361,,,,,Dunedin,Dunedin,"DUD,Danidn,Dunedin,Dunidin,Otepoti,Taieri,dan ni ding,Ōtepoti,Данидн,Дънидин,但尼丁",114347,"9054,9058,9059"
6243931,NZ,,,-41.52828,173.95018,,,,,Witherlea,Witherlea,,0,"7240,7242"
2186302,NZ,,,-39.18333,175.4,,,,,National Park,National Park,,0,3948
2187074,NZ,,,-35.75,174.2,,,,,Maungatapere,Maungatapere,,1007,0152
2187821,NZ,,,-40.71667,175.21667,,,,,Manakau,Manakau,,1000,5541
2194046,NZ,,,-36.71667,174.7,,,,,Albany,Albany,"Albani,Albany Village,Olmpani,Όλμπανι,Албани,البانی، نیوزی لینڈ",0,0755
2180232,NZ,,,-36.91667,174.98333,,,,,Waikopua,Waikopua,,0,2571
2193745,NZ,,,-45.51667,168.58333,,,,,Athol,Athol,,0,9749
6231830,NZ,,,-36.77158,174.76585,,,,,Milford,Milford,,0,0741
2184846,NZ,,,-36.86667,174.78333,,,,,Parnell,Parnell,"pa nai er,帕奈尔",0,1149
2186239,NZ,,,-39.06667,174.08333,,,,,New Plymouth,New Plymouth,"Aberplymm Nowydh,Distretto di New Plymouth,N'ju Plimut,N'ju-Plimut,NPL,Naujasis Plimutas,New Plymouth,New Plymouth City,New Plymouth Ngamotu,New Plymouth Ngāmotu,Ngamotu,Ngāmotu,Nieu-Plymouth,Nju Plimut,Nueva Plymouth,nyupeullimeoseu,nyupurimasu,xin pu li mao si,Њу Плимут,Нью Плимут,Нью-Плимут,Нью-Плімут,ნიუ-პლიმუთი,ニュープリマス,新普利茅斯,뉴플리머스",49168,4342
2208238,NZ,,,-45.81588,170.62102,,,,,Port Chalmers,Port Chalmers,"Pelabuhan Chalmers,cha er mu si gang,查尔姆斯港",0,9050
6241333,NZ,,,-38.14822,176.21021,,,,,Sunnybrook,Sunnybrook,,0,3015
2190106,NZ,,,-41.6,171.88333,,,,,Hector,Hector,,0,"7822,7867"
2193860,NZ,,,-43.51667,172.7,,,,,Aranui,Aranui,,0,"8061,8643"
6212268,NZ,,,-45.84838,170.5201,,,,,Opoho,Opoho,,0,9041
2180118,NZ,,,-41.26667,174.95,,,,,Wainuiomata,Wainuiomata,Homedale,0,"5014,5048"
2186832,NZ,,,-45.66311,169.41169,,,,,Millers Flat,Millers Flat,,0,9544
6214603,NZ,,,-44.35835,171.2301,,,,,Puhuka,Puhuka,,0,7941
6244954,NZ,,,-41.12827,174.8202,,,,,Elsdon,Elsdon,,0,5022
2184972,NZ,,,-43.5,172.61667,,,,,Papanui,Papanui,,0,"8542,8052"
6232188,NZ,,,-36.8782,174.69019,,,,,Waterview,Waterview,,0,1026
2187195,NZ,,,-37.80483,175.39518,,,,,Matangi,Matangi,,0,3260
2188371,NZ,,,-43.65,172.48333,,,,,Lincoln,Lincoln,"Linkol'n,lingkeon,rinkan,Линкольн,لنکن، نیوزی لینڈ,リンカーン,링컨",2235,"7608,7640"
6220347,NZ,,,-43.52833,172.57013,,,,,Upper Riccarton,Upper Riccarton,,0,8442
6232077,NZ,,,-36.90749,174.9459,,,,,Shelly Park,Shelly Park,,0,"2146,2014,2145"
6249344,NZ,,,-37.562,175.1619,,,,,Starrtown,Starrtown,,0,"3700,3740"
2182720,NZ,,,-36.6187,174.67764,,,,,Silverdale,Silverdale,,0,0944
2188591,NZ,,,-36.76667,174.56667,,,,,Kumeu,Kumeu,,0,0892
6220365,NZ,,,-43.51833,172.66013,,,,,Avonside,Avonside,,0,8148
2181133,NZ,,,-44.39672,171.25364,,,,,Timaru,Timaru,"Distretto di Timaru,TIU,Te Tihi-o-Maru,Timaru,Timaru City,Timaru-Distrikt,ti ma lu,tim-alu,timaru,Тимару,Тімару,ضلع تیمارو,ტიმარუ,ティマルー,提馬魯,팀아루",28007,7940
2193968,NZ,,,-43.15589,172.72975,,,,,Amberley,Amberley,,1105,"7441,7481"
6212258,NZ,,,-45.85838,170.4701,,,,,Kaikorai,Kaikorai,,0,9042
6232229,NZ,,,-36.8982,174.81019,,,,,Ellerslie,Ellerslie,,0,"1544,1051,1546,1542"
2182786,NZ,,,-43.38333,172.01667,,,,,Sheffield,Sheffield,,0,"7540,7500"
2183411,NZ,,,-45.9,168.75,,,,,Riversdale,Riversdale,,371,9744
2190420,NZ,,,-41.48333,173.96667,,,,,Grovetown,Grovetown,,0,7202
6212403,NZ,,,-45.81838,170.6001,,,,,Sawyers Bay,Sawyers Bay,,0,9023
6232151,NZ,,,-36.7782,174.72019,,,,,Marlborough,Marlborough,,0,"0747,0629"
2183601,NZ,,,-35.40217,173.50317,,,,,Rawene,Rawene,Rawene Town District,486,0443
2190530,NZ,,,-41.63333,171.85,,,,,Granity,Granity,Torea,0,7823
6227728,NZ,,,-40.33719,175.86678,,,,,Woodville,Woodville,"vudvili,ვუდვილი",0,"4920,4945"
2188623,NZ,,,-38.11974,176.23834,,,,,Koutu,Koutu,,0,3046
2193374,NZ,,,-45.95,170.1,,,,,Berwick,Berwick,,0,9073
6232196,NZ,,,-36.93096,174.67489,,,,,Green Bay,Green Bay,,0,0643
6244930,NZ,,,-41.22444,174.82192,,,,,Newlands,Newlands,,0,"6442,6440"
2183620,NZ,,,-40.91667,174.98333,,,,,Raumati Beach,Raumati Beach,Raumati,0,5255
2186255,NZ,,,-43.51667,172.73333,,,,,New Brighton,New Brighton,,0,8641
2187477,NZ,,,-39.80943,175.78876,,,,,Mangaweka,Mangaweka,"Mangaweka Town District,Mangweka",0,4746
6230837,NZ,,,-35.69818,174.30018,,,,,Whau Valley,Whau Valley,,0,0112
6242980,NZ,,,-41.29667,173.24401,,,,,Wakatu,Wakatu,,0,7044
2180831,NZ,,,-37.27047,174.94384,,,,,Tuakau,Tuakau,Tuakau Town District,0,2121
2181611,NZ,,,-37.63333,178.36667,,,,,Te Araroa,Te Araroa,,0,4050
2181904,NZ,,,-36.98333,175.5,,,,,Tapu,Tapu,,0,3575
2183406,NZ,,,-41.08333,173.0,,,,,Riwaka,Riwaka,,986,7146
2192822,NZ,,,-40.28333,175.63333,,,,,Bunnythorpe,Bunnythorpe,,0,4867
2208328,NZ,,,-37.38333,175.83333,,,,,Waihi,Waihi,,4619,3641
6240088,NZ,,,-38.66824,178.03021,,,,,Kaiti,Kaiti,,0,"4040,4010"
2188368,NZ,,,-41.16667,174.83333,,,,,Linden,Linden,,0,5249
2189016,NZ,,,-37.55,175.91667,,,,,Katikati,Katikati,,3232,"3166,3129"
2190169,NZ,,,-39.66667,176.88333,,,,,Havelock North,Havelock North,Havelock North Town District,0,4157
2208241,NZ,,,-45.875,170.34722,,,,,Mosgiel,Mosgiel,,0,"9092,9024,9053"
6201424,NZ,,,-46.10282,168.94357,,,,,East Gore,Gore,"Distretto di Gore,Gor,Gore pa New Zealand,Gore på New Zealand,go-eo,Гор,ضلع گور,고어",12108,"9710,9740"
6231587,NZ,,,-37.20196,174.90363,,,,,Pukekohe,Pukekohe,,0,"2340,2120"
2182867,NZ,,,-43.25,172.66667,,,,,Sefton,Sefton,,546,7445
2182871,NZ,,,-41.66667,174.08333,,,,,Seddon,Seddon,,511,7247
6232217,NZ,,,-36.8882,174.86019,,,,,Tamaki,Tamaki,,4263,1072
2193497,NZ,,,-36.88333,175.0,,,,,Beachlands,Beachlands,,0,2147
6225996,NZ,,,-41.07827,175.4602,,,,,Greytown,Greytown,,0,"5712,5742"
6234385,NZ,,,-38.5206,175.36158,,,,,Benneydale,Benneydale,,0,3944
6236685,NZ,,,-38.03653,176.79358,,,,,Te Teko,Te Teko,,0,3167
2187925,NZ,,,-44.23333,169.23333,,,,,Makarora,Makarora,,0,9346
2188942,NZ,,,-38.1,176.7,,,,,Kawerau,Kawerau,"Distretto di Kawerau,ضلع کاوراو",6702,3127
6222028,NZ,,,-43.80384,172.96817,,,,,Akaroa,Akaroa,"Akaroa,Акароа",700,"7520,7542"
6244870,NZ,,,-41.17827,174.9802,,,,,Stokes Valley,Stokes Valley,,0,5141
2188444,NZ,,,-43.76667,172.3,,,,,Leeston,Leeston,Leeston Town District,1272,"7656,7632"
6225657,NZ,,,-40.54826,175.42021,,,,,Shannon,Shannon,,0,"4821,4860"
2180991,NZ,,,-38.36667,178.3,,,,,Tolaga Bay,Tolaga Bay,,932,4046
6232256,NZ,,,-36.8982,174.70019,,,,,New Windsor,New Windsor,,0,1746
2190329,NZ,,,-43.58333,172.56667,,,,,Halswell,Halswell,,0,8245
6231570,NZ,,,-37.0582,174.92019,,,,,Pahurehure,Pahurehure,,0,"2246,2244"
2189630,NZ,,,-39.93656,175.56835,,,,,Hunterville,Hunterville,Hunterville Town District,520,"4730,4745"
2179532,NZ,,,-36.28333,174.51667,,,,,Wellsford,Wellsford,Welsford,1986,0900
2182006,NZ,,,-41.2,174.95,,,,,Taita,Taita,,0,"5011,5041"
6232064,NZ,,,-37.0182,174.88019,,,,,Manurewa,MANUREWA,,0,2102
2182164,NZ,,,-36.79114,175.02568,,,,,Surfdale,Surfdale,WIK,0,1081
2183113,NZ,,,-36.13333,174.03333,,,,,Ruawai,Ruawai,,477,0530
2186338,NZ,,,-38.46667,176.7,,,,,Murupara,Murupara,"Murapara,Muripara",1876,3025
2190299,NZ,,,-42.51667,172.81667,,,,,Hanmer Springs,Hanmer Springs,Hanmer,784,7334
2208083,NZ,,,-46.60417,168.34722,,,,,East End,East End,,0,9842
6227744,NZ,,,-40.34825,175.63021,,,,,Terrace End,Terrace End,,0,"4441,4444"
6242988,NZ,,,-41.27659,173.29975,,,,,Nelson East,Nelson East,,0,"7040,7047"
2191610,NZ,,,-37.1,174.95,,,,,Drury,Drury,,0,2247
2206890,NZ,,,-40.95972,175.6575,,,,,Masterton,Masterton,"Distretto di Masterton,MRO,Masterton,ma si te dun,maeseuteoteon,mstrtn,Мастертон,ضلع ماسٹرٹن,مسترتن,მასტერტონი,马斯特顿,매스터턴",20698,"5842,5810"
6214317,NZ,,,-44.09061,171.24458,,,,,Geraldine,Geraldine,,0,"7956,7930"
6247603,NZ,,,-39.03823,177.42022,,,,,Wairoa,Wairoa,"Distretto di Wairoa,WIR,Wairoa-Distrikt,ضلع وائیروا",0,4160
2180195,NZ,,,-41.71667,171.76667,,,,,Waimangaroa,Waimangaroa,,0,7848
2180334,NZ,,,-45.91667,169.01667,,,,,Waikaka,Waikaka,,0,9743
2191288,NZ,,,-44.53333,171.08333,,,,,Esk Valley,Esk Valley,,0,7971
6205166,NZ,,,-46.42842,168.36009,,,,,Strathern,Strathern,,0,9844
2186377,NZ,,,-41.8,172.33333,,,,,Murchison,Murchison,Hampden,624,"7049,7007"
2193849,NZ,,,-38.07093,175.64598,,,,,Arapuni,Arapuni,,0,3415
2178948,NZ,,,-43.54727,172.67744,,,,,Woolston,Woolston,,0,8241
2179328,NZ,,,-37.2,175.86667,,,,,Whangamata,Whangamata,,4253,"3620,3643"
2206968,NZ,,,-46.15,168.33333,,,,,Winton,Winton,,2193,9741
6244842,NZ,,,-41.26828,174.95019,,,,,Homedale,Homedale,,0,5049
2180815,NZ,,,-46.13333,167.68333,,,,,Tuatapere,Tuatapere,,696,"9620,9642"
2187308,NZ,,,-41.25,172.13333,,,,,Market Cross,Market Cross,,0,7864
2180443,NZ,,,-42.65,173.05,,,,,Waiau,Waiau,,0,7332
2180577,NZ,,,-41.26667,173.0,,,,,Upper Moutere,Upper Moutere,,0,7144
2182136,NZ,,,-36.86667,174.58333,,,,,Swanson,Swanson,,0,0653
2179017,NZ,,,-45.88333,170.38333,,,,,Wingatui,Wingatui,,0,9076
2183041,NZ,,,-43.51667,172.61667,,,,,Saint Albans,Saint Albans,,0,"8146,8014"
2184564,NZ,,,-38.46667,175.01667,,,,,Piopio,Piopio,,502,"3942,3912"
6232258,NZ,,,-36.8882,174.71019,,,,,Owairaka,Owairaka,,0,1350
6243776,NZ,,,-41.29067,174.00801,,,,,Picton,Picton,"PCN,Picton,Pikton,pigteon,pikuton,Пиктон,ピクトン,픽턴",3000,7250
6244873,NZ,,,-41.19827,174.92019,,,,,Avalon,Avalon,,0,5010
2192481,NZ,,,-44.31667,170.95,,,,,Cave,Cave,Care,0,7957
6212639,NZ,,,-42.62829,171.18013,,,,,Kumara,Kumara,,0,"7832,7861"
2184173,NZ,,,-37.53333,175.11667,,,,,Pukekapia,Pukekapia,,0,3771
2192362,NZ,,,-43.53333,172.63333,,,,,Christchurch,Christchurch,"CHC,Christchurch,Christopolis,Cristcirice,Crīstcirice,Gorad Krajstchehrch,Kraistcerca,Kraistcercas,Kraisttserts,Kraistčerčas,Kraistčērča,Krajstcherch,Krajstchjorch,Krajstchurch,Krayscoerc,Kraystcherch,Kraysçörç,Kristkirko,Otautahi,ji du cheng,ke lai si te che qi,keulaiseuteucheochi,khi rstcheirch,kiraistcerc,kra'istacarca,kraystshrsh,kuraisutochachi,qryystzrz,Ōtautahi,Κράισττσερτς,Горад Крайстчэрч,Крайстчерч,Крайстчърч,Крайстчёрч,Крајстчерч,קרייסטצרץ,كرايستشرش,کرائسٹ چرچ,کرایست‌چرچ,क्राइस्टचर्च,ক্রাইস্টচার্চ,கிறைஸ்ட்சேர்ச்,ക്രൈസ്റ്റ്‌ചർച്ച്‍,ไครสต์เชิร์ช,ခရစ်ချပ်ချ်မြို့,კრაისტჩერჩი,クライストチャーチ,克赖斯特彻奇,基督城,크라이스트처치",363926,"8144,8141,8142,8140,8011"
6221943,NZ,,,-43.56833,172.76013,,,,,Sumner,Sumner,,0,"8840,8081"
6231571,NZ,,,-37.0582,174.97019,,,,,Red Hill,Red Hill,,2556,2110
2185939,NZ,,,-39.05,177.75,,,,,Nuhaka,Nuhaka,,342,4165
2192380,NZ,,,-42.81667,173.26667,,,,,Cheviot,Cheviot,"Mackenzie,McKenzie",425,"7341,7310"
6226586,NZ,,,-38.3741,175.77104,,,,,Mangakino,Mangakino,,0,"3445,3421"
6244787,NZ,,,-41.31599,174.8154,,,,,Miramar,Miramar,,0,"6022,6243"
2180063,NZ,,,-39.47753,175.66834,,,,,Waiouru,Waiouru,Warouru,1347,4861
2185575,NZ,,,-36.78333,175.08333,,,,,Onetangi,Onetangi,,0,"1841,1971"
2188349,NZ,,,-43.53333,172.65,,,,,Linwood,Linwood,,0,8147
2188922,NZ,,,-41.28333,174.76667,,,,,Kelburn,Kelburn,,3642,"6160,6143,6145,6150"
2179825,NZ,,,-45.75,170.56667,,,,,Waitati,Waitati,Blueskin,534,9069
6244957,NZ,,,-41.10827,174.8402,,,,,Onepoto,Onepoto,,0,5242
2190839,NZ,,,-45.46667,168.68333,,,,,Garston,Garston,,0,9750
6249342,NZ,,,-37.78821,175.2702,,,,,Hamilton West,Hamilton West,,0,"3240,3242"
2183524,NZ,,,-38.43594,176.34117,,,,,Reporoa,Reporoa,,595,3060
2184766,NZ,,,-37.01667,175.86667,,,,,Pauanui,Pauanui,,749,3546
2206359,NZ,,,-39.59167,174.28333,,,,,Hawera,Hawera,"hau~era,havera,ჰავერა,ハウェラ",11068,"4610,4640"
6244921,NZ,,,-41.13992,174.86655,,,,,Cannons Creek,Cannons Creek,,0,5243
6244923,NZ,,,-41.13827,174.8402,,,,,Ranui Heights,Ranui Heights,,0,5240
2190700,NZ,,,-44.85036,168.38664,,,,,Glenorchy,Glenorchy,,0,9350
2206939,NZ,,,-46.6,168.33333,,,,,Bluff,Bluff,"beulleopeu,burufu,ブルーフ,블러프",1938,9814
6232242,NZ,,,-36.8882,174.73019,,,,,Sandringham,Sandringham,,0,"1025,1346"
2190143,NZ,,,-42.65,173.33333,,,,,Hawkeswood,Hawkeswood,Hawkswood,0,7384
6232200,NZ,,,-36.9282,174.72019,,,,,Lynfield,Lynfield,,0,1443
6249339,NZ,,,-37.811,175.28206,,,,,Melville,Melville,,0,"3245,3206"
2206894,NZ,,,-42.71667,170.96667,,,,,Hokitika,Hokitika,"HKK,Hokitika,Khokitika,Хокитика",3401,"7842,7810"
2180197,NZ,,,-38.15,177.08333,,,,,Waimana,Waimana,,709,3164
2189854,NZ,,,-37.01667,174.88333,,,,,Homai,Homai,,0,2240
6207775,NZ,,,-45.03837,169.20008,,,,,Cromwell,Cromwell,"Kromvel',Кромвель,კრომველი",0,"9310,9342"
6227686,NZ,,,-40.45345,175.8406,,,,,Pahiatua,Pahiatua,,0,"4910,4941"
2184360,NZ,,,-41.26397,173.27628,,,,,Port Nelson,Port Nelson,,0,7043
2184459,NZ,,,-37.24502,175.02049,,,,,Pokeno,Pokeno,,0,2440
2188250,NZ,,,-40.38395,175.5429,,,,,Longburn,Longburn,,0,"4866,4820"
2187204,NZ,,,-36.13333,174.18333,,,,,Matakohe,Matakohe,,0,0550
6205095,NZ,,,-46.39841,168.38009,,,,,Hawthorndale,Hawthorndale,,0,9845
2184778,NZ,,,-37.18333,174.83333,,,,,Patumahoe,Patumahoe,,0,2344
2185134,NZ,,,-40.98544,174.95449,,,,,Paekakariki,Paekakariki,,0,5258
6246563,NZ,,,-39.64824,176.84021,,,,,Akina,Akina,,0,4122
6247832,NZ,,,-37.82077,175.2255,,,,,Temple View,Temple View,,0,3218
6222897,NZ,,,-39.07135,174.06215,,,,,Westown,Westown,,0,4310
2187216,NZ,,,-36.35,174.71667,,,,,Matakana,Matakana,,0,0948
6244933,NZ,,,-41.24432,174.78853,,,,,Khandallah,Khandallah,,0,6035
2185148,NZ,,,-43.3,172.18333,,,,,Oxford,Oxford,,1776,7430
2186044,NZ,,,-40.07049,176.21826,,,,,Norsewood,Norsewood,,0,4943
2206375,NZ,,,-41.3,174.9,,,,,Eastbourne,Eastbourne,,0,5047
6227908,NZ,,,-40.64623,175.70366,,,,,Eketahuna,Eketahuna,,0,"4900,4940"
6231930,NZ,,,-36.8882,174.63019,,,,,Sunnyvale,Sunnyvale,,0,0650
2184959,NZ,,,-36.1,174.23333,,,,,Paparoa,Paparoa,,0,0543
6214808,NZ,,,-44.72836,171.05009,,,,,Waimate,Waimate,,0,"7924,7960"
2185183,NZ,,,-45.86667,170.23333,,,,,Outram,Outram,Outram Town District,657,9019
2208091,NZ,,,-39.00158,174.23836,,,,,Waitara,Waitara,Waitara,6318,"4320,4346"
2192285,NZ,,,-46.2,169.36667,,,,,Clinton,Clinton,,343,9548
2185763,NZ,,,-39.2,173.88333,,,,,Okato,Okato,,528,"4335,4348"
2187759,NZ,,,-37.5,175.68333,,,,,Mangaiti,Mangaiti,,0,3392
2192093,NZ,,,-36.7611,175.49634,,,,,Coromandel,Coromandel,"CMV,Coromandel",1502,3543
6225082,NZ,,,-39.40824,175.40021,,,,,Ohakune,Ohakune,,0,"4660,4625"
2183643,NZ,,,-39.2,174.31667,,,,,Ratapiko,Ratapiko,,0,4390
2190613,NZ,,,-37.66667,175.3,,,,,Gordonton,Gordonton,,0,3264
2191451,NZ,,,-37.98333,176.83333,,,,,Edgecumbe,Edgecumbe,,1642,3160
6234036,NZ,,,-37.31901,175.06903,,,,,Meremere,Meremere,,0,2441
2181997,NZ,,,-40.85,172.8,,,,,Takaka,Takaka,"KTF,Takaka Town District",1223,7142
2206363,NZ,,,-40.04115,175.17707,,,,,Ratana,Ratana,,437,4548
6232063,NZ,,,-36.9982,174.86019,,,,,Wiri,Wiri,,3768,"2104,2241"
2185300,NZ,,,-37.30645,174.74085,,,,,Otaua,Otaua,,0,2682
2193383,NZ,,,-41.32153,174.7754,,,,,Berhampore,Berhampore,,0,6242
6234582,NZ,,,-38.87823,175.2602,,,,,Taumarunui,Taumarunui,,0,3946
2184927,NZ,,,-36.65,174.43333,,,,,Parakai,Parakai,,1390,0830
2192282,NZ,,,-39.58333,176.91667,,,,,Clive,Clive,,0,4148
6227146,NZ,,,-39.47059,175.68173,,,,,Waiouru Military Camp,Waiouru Military Camp,,0,4826
2193767,NZ,,,-40.29108,175.75471,,,,,Ashhurst,Ashhurst,,0,"4847,4810"
2206818,NZ,,,-39.60056,176.89417,,,,,Pahowai,Pahowai,,0,4161
6246630,NZ,,,-39.50824,176.88022,,,,,Pirimai,Pirimai,,0,"4142,4146"
2187141,NZ,,,-38.75,175.1,,,,,Matiere,Matiere,,0,3995
2191736,NZ,,,-45.9,168.36667,,,,,Dipton,Dipton,,0,9752
2206360,NZ,,,-39.75833,174.46667,,,,,White Tank,White Tank,,0,"4520,4545"
2190260,NZ,,,-43.15,170.55,,,,,Harihari,Harihari,,345,7863
6203361,NZ,,,-46.89962,168.12927,,,,,Half-moon Bay,Halfmoon Bay,,0,9846
2179581,NZ,,,-39.76667,174.63333,,,,,Waverley,Waverley,Waverley Town District,919,"9810,9016,4544,4510"
2185296,NZ,,,-46.15,168.0,,,,,Otautau,Otautau,Otautau Town District,745,"9610,9641"
2192467,NZ,,,-45.9,170.48333,,,,,Caversham,Caversham,,0,9045
6234244,NZ,,,-38.33627,175.17014,,,,,Te Kuiti,Te Kuiti,,0,"3941,3910"
6240801,NZ,,,-38.00822,175.3302,,,,,Te Awamutu,Te Awamutu,,0,3840
2180393,NZ,,,-37.4,175.93333,,,,,Waihi Beach,Waihi Beach,,2014,3611
2181521,NZ,,,-38.46667,177.86667,,,,,Te Karaka,Te Karaka,Te Karaka Town District,592,"4042,4022"
2183502,NZ,,,-39.98333,175.63333,,,,,Rewa,Rewa,,0,4780
2186608,NZ,,,-45.88333,170.46667,,,,,Mornington,Mornington,,0,9011
6212166,NZ,,,-45.87838,170.4801,,,,,Maryhill,Maryhill,,0,9040
6231124,NZ,,,-36.67819,174.45019,,,,,Helensville,Helensville,,0,"0875,0800,0840"
6212209,NZ,,,-45.89838,170.5101,,,,,Tainui,Tainui,,0,9046
2181846,NZ,,,-39.03333,176.58333,,,,,Tarawera,Tarawera,,0,3360
2188966,NZ,,,-35.38333,174.06667,,,,,Kawakawa,Kawakawa,Kawakawa Town District,1399,"0243,0210"
6222905,NZ,,,-39.06801,174.09772,,,,,Merrilands,Merrilands,,0,4360
6227202,NZ,,,-39.67819,175.79799,,,,,Taihape,Taihape,,0,"4742,4720"
6232191,NZ,,,-36.9182,174.70019,,,,,Blockhouse Bay,Blockhouse Bay,,0,"0600,0644"
6235878,NZ,,,-38.04822,175.78021,,,,,Putaruru,Putaruru,,0,"3443,3411"
2194087,NZ,,,-39.48333,176.9,,,,,Ahuriri,Ahuriri,Port Ahuriri,0,4144
2206957,NZ,,,-46.35,168.01667,,,,,Riverton,Riverton,,1651,9847
6232394,NZ,,,-36.8882,174.64019,,,,,Glendene,Glendene,,0,0645
6246634,NZ,,,-39.53333,176.85,,,,,Taradale,Taradale,"Taradale,Taradale Town District",16599,4141
2190928,NZ,,,-43.38905,170.18189,,,,,Franz Josef/Waiau,Franz Josef,"Franz Josef,Franz Josef Glacier,WHO,Waiau,Waiho Gorge",315,7856
2190929,NZ,,,-37.8,175.26667,,,,,Frankton Junction,Frankton Junction,,0,3204
6232326,NZ,,,-36.8282,174.62019,,,,,Massey East,Massey East,,0,"0663,0656"
6208495,NZ,,,-45.93839,169.26009,,,,,Tapanui,Tapanui,,0,"9542,9522"
6210146,NZ,,,-45.90839,169.6901,,,,,Lawrence,Lawrence,,0,9543
6220348,NZ,,,-43.51833,172.57013,,,,,Ilam,Ilam,,0,8444
6232227,NZ,,,-36.89055,174.79426,,,,,Greenlane,Greenlane,,0,"1541,1543"
6232235,NZ,,,-36.88745,174.77059,,,,,Epsom,Epsom,,0,"1023,1349,1024"
2181823,NZ,,,-44.83333,169.41667,,,,,Tarras,Tarras,Terras,0,9347
2183023,NZ,,,-36.85,174.86667,,,,,Saint Heliers,Saint Heliers,,0,1740
6220341,NZ,,,-43.52833,172.52013,,,,,Hei Hei,Hei Hei,,0,8042
6225059,NZ,,,-39.42877,175.27725,,,,,Raetihi,Raetihi,,0,4646
2179777,NZ,,,-39.8,174.73333,,,,,Waitotara,Waitotara,,0,4549
2192952,NZ,,,-35.26667,173.38333,,,,,Broadwood,Broadwood,,0,0462
2208332,NZ,,,-38.00915,177.28706,,,,,Opotiki,Opotiki,,4044,"3162,3122"
6228827,NZ,,,-35.11485,173.26366,,,,,Kaitaia,Kaitaia,"KAT,Kaitaia,kai ta ya,kaitaia,Каитаиа,カイタイア,凱塔亞,카이타이아",0,0441
2179432,NZ,,,-37.03333,174.86667,,,,,Weymouth,Weymouth,,0,"2242,2103"
2182154,NZ,,,-44.28333,171.05,,,,,Sutherlands,Sutherlands,Sutherland,0,7983
6232215,NZ,,,-36.9082,174.82019,,,,,Mount Wellington,MOUNT WELLINGTON,,0,1642
2181933,NZ,,,-40.3,175.25,,,,,Tangimoana,Tangimoana,,0,4822
2184539,NZ,,,-38.0,175.2,,,,,Pirongia,Pirongia,,0,3802
2189562,NZ,,,-42.26667,171.68333,,,,,Ikamatua,Ikamatua,,0,7846
6244915,NZ,,,-41.09827,174.8702,,,,,Paremata,Paremata,,0,5247
2182319,NZ,,,-46.25,169.78333,,,,,Stirling,Stirling,,320,9231
2185611,NZ,,,-37.63333,176.05,,,,,Omokoroa Beach,Omokoroa Beach,,0,"3154,3114"
2189343,NZ,,,-35.1,173.78333,,,,,Kaeo,Kaeo,,508,"0478,0448"
6219009,NZ,,,-43.90834,171.75011,,,,,Hampstead,Hampstead,,0,7740
6232324,NZ,,,-36.8182,174.61019,,,,,West Harbour,West Harbour,,0,0657
2180340,NZ,,,-45.73333,168.85,,,,,Waikaia,Waikaia,"Wakaia,Whakaea",0,9745
6246622,NZ,,,-39.63824,176.85021,,,,,Parkvale,Parkvale,,0,"4158,4155,4156"
2184903,NZ,,,-40.9,174.98333,,,,,Paraparaumu Beach,Paraparaumu Beach,,0,5252
2186722,NZ,,,-35.38333,174.03333,,,,,Moerewa,Moerewa,,1662,0211
2190164,NZ,,,-42.93333,172.63333,,,,,Hawarden,Hawarden,,0,7348
2192957,NZ,,,-45.85,170.61667,,,,,Broad Bay,Broad Bay,,0,9014
2192964,NZ,,,-41.38333,173.11667,,,,,Brightwater,Brightwater,,1677,7051
2180572,NZ,,,-44.83333,168.71667,,,,,Upper Shotover,Upper Shotover,,0,9371
2187454,NZ,,,-36.96807,174.79875,,,,,Mangere,Mangere,,55266,"2153,2150"
6224624,NZ,,,-40.0692,175.37823,,,,,Marton,Marton,,0,"4741,4710"
6227739,NZ,,,-40.3626,175.63379,,,,,Hokowhitu,Hokowhitu,,0,"4446,4440"
6232240,NZ,,,-36.8982,174.75019,,,,,Three Kings,Three Kings,,0,1440
6245055,NZ,,,-37.77822,176.33021,,,,,Te Puke,Te Puke,,0,"3119,3153"
2187476,NZ,,,-36.11667,174.56667,,,,,Mangawhai,Mangawhai,Mangawai,0,0540
6232330,NZ,,,-36.86472,174.64768,,,,,Te Atatu South,Te Atatu South,,0,"0652,0654"
2185512,NZ,,,-35.5,173.4,,,,,Opononi,Opononi,,0,0445
2179867,NZ,,,-36.85126,174.54477,,,,,Waitakere,Waitakere,"Gouaitakere,Kota Waitakere,Uaitakere,Vaitakere,Vaitakerė,Vehjtakere,Waitakere,Waitakere City,Whitakere,huai ta ke lei,waitakele,waitakere,Γουαϊτακέρε,Вэйтакере,Уаитакере,ワイタケレ,怀塔克雷,와이타케레",0,0660
2188163,NZ,,,-37.8,176.03333,,,,,Lower Kaimai,Lower Kaimai,,0,3171
2189929,NZ,,,-44.0,171.56667,,,,,Hinds,Hinds,,0,7747
2206357,NZ,,,-39.45556,173.85833,,,,,Opunake,Opunake,,1495,"4645,4616"
6246625,NZ,,,-39.62824,176.83021,,,,,Saint Leonards,Saint Leonards,,0,4153
2179690,NZ,,,-46.33333,168.28333,,,,,Wallacetown,Wallacetown,,638,9816
2180126,NZ,,,-43.81667,172.9,,,,,Wainui,Wainui,,0,7582
2193452,NZ,,,-43.45,172.63333,,,,,Belfast,Belfast,,0,8546
6249340,NZ,,,-37.78821,175.2902,,,,,Hamilton East,Hamilton East,,0,3247
6204696,NZ,,,-45.03023,168.66271,,,,,Queenstown,Queenstown,"Distretto di Queenstown,Kvinstaun,Queenstown,Queenstown pa New Zealand,Queenstown på New Zealand,ZQN,huang hou zhen,kuinzutaun,kwinseutaun,kwyynztawn  nywzylnd,Квинстаун,Квінстаун,קווינסטאון,ضلع قوینزٹاؤن-لیکس,کویینزتاون، نیوزیلند,ക്വീൻസ്ടൗൺ,クイーンズタウン,皇后镇,퀸스타운",10442,9348
2185561,NZ,,,-39.91667,176.41667,,,,,Onga Onga,Onga Onga,,0,4244
2184888,NZ,,,-36.76667,174.66667,,,,,Paremoremo,Paremoremo,,0,0756
2189167,NZ,,,-36.16667,174.45,,,,,Kaiwaka,Kaiwaka,,565,0542
6232296,NZ,,,-36.8582,174.84019,,,,,Kohimarama,Kohimarama,,0,1071
2179985,NZ,,,-35.98333,174.45,,,,,Waipu,Waipu,,0,"0510,0545"
2181304,NZ,,,-37.83333,174.96667,,,,,Te Uku,Te Uku,,0,3266
2183310,NZ,,,-43.58333,172.38333,,,,,Rolleston,Rolleston,,3124,7643
2187869,NZ,,,-40.12065,176.2319,,,,,Makotuku,Makotuku,,0,4977
6210826,NZ,,,-43.2583,170.36011,,,,,Whataroa,Whataroa,,0,7857
6226307,NZ,,,-41.10827,175.3202,,,,,Featherston,Featherston,,0,5740
6232238,NZ,,,-36.9082,174.73019,,,,,Mount Roskill,MOUNT ROSKILL,,0,1041
2183472,NZ,,,-41.33333,173.18333,,,,,Richmond,Richmond,"Richmond Borough,lichimeondeu,richmondi,رچمنڈ، نیوزی لینڈ,რიჩმონდი,리치먼드",14000,"9840,7050"
2183774,NZ,,,-45.13333,170.1,,,,,Ranfurly,Ranfurly,,793,"9353,9332"
2189709,NZ,,,-36.76667,174.55,,,,,Huapai,Huapai,,0,"0841,0810"
6231811,NZ,,,-36.76447,174.74773,,,,,Forrest Hill,Forrest Hill,,0,0620
6232304,NZ,,,-36.8682,174.82019,,,,,Meadowbank,Meadowbank,,0,1742
6246623,NZ,,,-39.63824,176.85021,,,,,Mayfair,Mayfair,,0,4159
2182311,NZ,,,-41.31667,173.23333,,,,,Stoke,Stoke,,0,"7041,7011"
2182525,NZ,,,-43.81667,172.25,,,,,Southbridge,Southbridge,Southbridge Town District,785,7642
2192412,NZ,,,-41.90589,171.4383,,,,,Charleston,Charleston,,0,7865
2192828,NZ,,,-40.17487,175.38463,,,,,Bulls,Bulls,Bulls Town District,1781,"4863,4818"
2208032,NZ,,,-37.68611,176.16667,,,,,Tauranga,Tauranga,"TRG,Tauranga,Tauranga-moana,ta'iranga,tao lang jia,taranga,taulang-ga,tauranga,taywranga,Тауранга,טאורנגה,تائورانگا,ٹورانگا,टाइरंगा,ടൗരാംഗ,ტაურანგა,タウランガ,陶朗加,타우랑가",110338,"3141,3140"
6229575,NZ,,,-35.39818,173.80018,,,,,Kaikohe,Kaikohe,KKO,0,0440
2189793,NZ,,,-43.55,172.53333,,,,,Hornby,Hornby,,0,8441
2183076,NZ,,,-35.26153,174.12257,,,,,Russell,Russell,"Kororareka,Russell Town District",839,"0242,0202"
2184240,NZ,,,-36.5035,174.66764,,,,,Puhoi,Puhoi,,0,0951
2185172,NZ,,,-46.45,169.66667,,,,,Owaka,Owaka,,395,"9535,9546"
2180217,NZ,,,-43.28333,172.71667,,,,,Waikuku Beach,Waikuku Beach,,0,"7402,7448"
2184120,NZ,,,-34.81667,173.11667,,,,,Pukenui,Pukenui,,0,0460
2188466,NZ,,,-37.88333,175.46667,,,,,Leamington,Leamington,Leamington Town District,0,3434
2193449,NZ,,,-39.03333,174.15,,,,,Bell Block,Bell Block,,0,4351
2181988,NZ,,,-40.03333,176.35,,,,,Takapau,Takapau,,597,4243
6215161,NZ,,,-45.47837,170.7201,,,,,Palmerston,Palmerston,,0,"9443,9430"
6232236,NZ,,,-36.8882,174.74019,,,,,Balmoral,Balmoral,,0,"1342,1351"
2188924,NZ,,,-42.00122,174.00773,,,,,Kekerengu,Kekerengu,Kekerangu,0,7260
6208093,NZ,,,-45.54056,169.31466,,,,,Roxburgh,Roxburgh,,600,9441
2181120,NZ,,,-38.76667,177.56667,,,,,Tiniroto,Tiniroto,,0,4044
2185081,NZ,,,-35.28067,174.09103,,,,,Paihia,Paihia,,1944,0247
2185922,NZ,,,-39.11667,173.95,,,,,Oakura,Oakura,,0,"4314,4345"
2186152,NZ,,,-37.28333,175.5,,,,,Ngatea,Ngatea,,1151,3541
2193733,NZ,,,-36.84853,174.76349,,,,,Auckland,Auckland,"AKL,Auckland,Aucland,Aucopolis,Awklanda,Gorad Oklend,Okland,Oklandas,Oklant,Oklend,Oklenda,Tamaki-makau-rau,Tāmaki-makau-rau,akland,aklant,ao ke lan dou hui qu,awkland,awklnd,okalanda,okalenda,okeullaendeu,oklainda,okurando,yavkland,Ώκλαντ,Горад Окленд,Окланд,Окленд,Օկլենդ,אוקלנד,آوکلند,أوكلاند,ئاۋكلاند,ऑकलंड,ऑक्लैण्ड,ઓકલેન્ડ,ஆக்லன்ட்,ఆక్లాండ్,ಆಕ್ಲೆಂಡ್‌,ഓക്‌ലൻഡ്,โอกแลนด์,အော့ကလန်မြို့,ოკლენდი,オークランド,奧克蘭都會區,오클랜드",417910,"1010,1148,1150"
6220370,NZ,,,-43.52833,172.68013,,,,,Bromley,Bromley,,0,8642
2186866,NZ,,,-45.51667,170.11667,,,,,Middlemarch,Middlemarch,,0,9067
2192264,NZ,,,-45.18651,169.31545,,,,,Clyde,Clyde,,890,"9341,9330"
2185964,NZ,,,-36.8,174.75,,,,,North Shore,North Shore,"Boreia Akte,Nort-Shor,North Shore,bei an shi,Βόρεια Ακτή,Норт-Шор,北岸市",207865,"0748,0627"
2188020,NZ,,,-39.08724,177.91723,,,,,Mahia,Mahia,,0,4166
2188295,NZ,,,-43.76667,172.78333,,,,,Little River,Little River,,0,7546
2188526,NZ,,,-44.00641,170.48033,,,,,Lake Tekapo,Lake Tekapo,"Lago Tekapo,Tekapo",330,7945
2187445,NZ,,,-34.99049,173.53171,,,,,Mangonui,Mangonui,,0,0442
6215045,NZ,,,-45.09758,170.97087,,,,,Oamaru,Oamaru,"OAM,Oamaru,Te Oha-a-Maru,oamaru,omaru,Оамару,ოამარუ,オマルー",13000,"9400,9444"
6247047,NZ,,,-39.99825,176.56021,,,,,Waipukurau,Waipukurau,,0,"4200,4242"
2179537,NZ,,,-41.28664,174.77557,,,,,Wellington,Wellington,"Gorad Velingtan,Hie-ling-dong,Hiê-lìng-dóng,Ouellin'nkton,Ouellinkton,Te Whanga-nui-a-Tara,Ueligitone,Uelingtun,Velington,Velingtona,Velingtonas,Velingtono,Vellington,Vellingtonia,Vellinqton,WLG,Welinton,Welintòn,Wellington,Wellinton,Weolingtun,Weolingtūn,Whanga-nui-a-Tara,hui ling dun,oyelintana,raelintana,uelingtʼoni,u~erinton,vailigatana,velingatana,velingtana,velingtoni,velintan,vellingtan,wei ling dun,wellingtan,wellingteon,wlyngtwn,wylynghtwn,wylynjtwn,Ουέλλιγκτον,Ουέλλινγκτον,Велингтон,Веллингтон,Веллінгтон,Горад Велінгтан,Уелингтън,Վելինգտոն,ולינגטון,װעלינגטאן,ولینگتون,ويلينجتون,ويلينغتون,ویلنگٹن,ۋېللىنگتون,वेलिंगटन,वेलिंग्टन,वेलिङ्गटन,ওয়েলিংটন,ৱেলিংটন,ਵੈਲਿੰਗਟਨ,વેલિંગ્ટન,வெலிங்டன்,ವೆಲ್ಲಿಂಗ್ಟನ್,വെല്ലിംഗ്ടൺ,เวลลิงตัน,ཝེ་ལིང་ཐོན།,ဝယ်လင်တန်မြို့,ველინგთონი,უელინგტონი,ዌሊንግተን,ウェリントン,威靈頓,惠灵顿,웰링턴",381900,"6149,6021"
2193597,NZ,,,-45.83333,168.58333,,,,,Balfour,Balfour,,0,9746
2180737,NZ,,,-38.99037,175.80837,,,,,Turangi,Turangi,"Taupahi,Tokaanu Junction,Tongariro Bridge,Turangi",3401,3353
2187826,NZ,,,-39.55,174.13333,,,,,Manaia,Manaia,Manaia Town District,902,"4612,4641"
2191913,NZ,,,-43.48333,172.11667,,,,,Darfield,Darfield,Horndon,1593,"7510,7541"
2191945,NZ,,,-36.66667,174.65,,,,,Dairy Flat,Dairy Flat,,0,0794
6205098,NZ,,,-46.39842,168.37009,,,,,Glengarry,Glengarry,,0,9841
6233785,NZ,,,-36.77819,175.01019,,,,,Oneroa,Oneroa,,0,1840
2188993,NZ,,,-36.61667,174.5,,,,,Kaukapakapa,Kaukapakapa,,0,0843
2183551,NZ,,,-42.11667,171.86667,,,,,Reefton,Reefton,,980,"7851,7830"
2193678,NZ,,,-35.05,173.25,,,,,Awanui,Awanui,,388,0451
6209683,NZ,,,-44.60779,170.19097,,,,,Otematata,Otematata,,0,9447
6244793,NZ,,,-41.33828,174.75019,,,,,Owhiro Bay,Owhiro Bay,,0,6023
2188937,NZ,,,-38.06667,174.81667,,,,,Kawhia,Kawhia,Kawhia Town District,543,3843
6230960,NZ,,,-35.74867,174.35985,,,,,Sherwood Rise,Sherwood Rise,,0,0142
2186091,NZ,,,-45.96667,168.03333,,,,,Nightcaps,Nightcaps,Nightcaps Town District,0,"9644,9630"
2179476,NZ,,,-36.86667,174.73333,,,,,Western Springs,Western Springs,,0,1245
2208333,NZ,,,-37.13832,175.54011,,,,,Thames,Thames,"TMZ,Tems,Thames pa New Zealand,Thames på New Zealand,tai wu shi,Темс,泰晤士",7136,"3500,3540"
2187991,NZ,,,-36.73806,174.75201,,,,,Mairangi Bay,Mairangi Bay,,0,0754
2193370,NZ,,,-37.69496,176.10861,,,,,Bethlehem,Bethlehem,,0,3147
2187260,NZ,,,-42.18333,172.21667,,,,,Maruia,Maruia,,0,7862
6217261,NZ,,,-44.22834,171.2801,,,,,Temuka,Temuka,,0,7920
2181108,NZ,,,-43.91667,171.71667,,,,,Tinwald,Tinwald,Tinwald Town District,2703,7741
6232210,NZ,,,-36.9182,174.80019,,,,,Te Papapa,Te Papapa,,0,1061
6212270,NZ,,,-45.85838,170.5101,,,,,North Dunedin,North Dunedin,,0,9043
2185493,NZ,,,-35.31667,174.11667,,,,,Opua,Opua,,360,0241
2186565,NZ,,,-38.25,177.55,,,,,Motu,Motu,,0,4052
2189951,NZ,,,-39.1,174.15,,,,,Hillsborough,Hillsborough,,0,"4372,8023,1042,8246"
2179191,NZ,,,-37.8,175.15,,,,,Whatawhata,Whatawhata,,0,3261
2180320,NZ,,,-40.88333,175.06667,,,,,Waikanae,Waikanae,,0,5250
2181100,NZ,,,-37.98333,175.75,,,,,Tirau,Tirau,,778,"3410,3442"
2189081,NZ,,,-39.43333,174.15,,,,,Kaponga,Kaponga,Kaponga Town District,357,4642
2191972,NZ,,,-42.76667,172.85,,,,,Culverden,Culverden,,432,7345
6232204,NZ,,,-36.9282,174.73019,,,,,Waikowhai,Waikowhai,,0,1445
2192221,NZ,,,-42.44357,171.21291,,,,,Cobden,Cobden,,0,7840
2178933,NZ,,,-46.33333,168.85,,,,,Wyndham,Wyndham,Wyndham Town District,586,"9831,9849"
2207739,NZ,,,-36.8075,174.78639,,,,,Belmont,Belmont,,0,0622
6230838,NZ,,,-35.68818,174.31018,,,,,Otangarei,Otangarei,,0,0141
6232280,NZ,,,-36.93754,174.65584,,,,,Titirangi,Titirangi,,3330,0642
6232401,NZ,,,-36.86029,174.76566,,,,,Grafton,Grafton,,0,1145
2180456,NZ,,,-45.1,170.93333,,,,,Waiareka Junction,Waiareka Junction,Waioreka Junction,0,9401
2186498,NZ,,,-39.06428,174.03563,,,,,Moturoa,Moturoa,,0,4344
6220346,NZ,,,-43.49833,172.56013,,,,,Burnside,Burnside,,0,"8053,8545"
6246628,NZ,,,-39.49824,176.88022,,,,,Onekawa,Onekawa,,0,"4140,4110"
2181429,NZ,,,-43.55,172.46667,,,,,Templeton,Templeton,,0,8445
2184512,NZ,,,-44.26667,171.13333,,,,,Pleasant Point,Pleasant Point,Pleasant Point Town District,1187,"7903,7947"
6222808,NZ,,,-39.07824,174.0602,,,,,Frankleigh Park,Frankleigh Park,,0,4343
6232088,NZ,,,-36.8682,174.90019,,,,,Eastern Beach,Eastern Beach,,0,"2012,2144"
6246742,NZ,,,-39.61824,176.78021,,,,,Flaxmere,Flaxmere,,0,4154
2180300,NZ,,,-42.96667,172.68333,,,,,Waikari,Waikari,,0,"7420,7442"
2184472,NZ,,,-36.86328,174.70493,,,,,Point Chevalier,Point Chevalier,,0,1022
2185814,NZ,,,-37.97519,177.07588,,,,,Ohope Beach,Ohope Beach,Ohope,0,3121
2182431,NZ,,,-43.65,172.41667,,,,,Springston,Springston,,0,7616
2184359,NZ,,,-45.85,170.65,,,,,Portobello,Portobello,,1200,9077
6212566,NZ,,,-42.39828,171.25013,,,,,Runanga,Runanga,,0,7841
2180951,NZ,,,-36.69595,174.75124,,,,,Torbay,Torbay,Oneroa,0,0742
