1613358,TH,66,,16.21667,100.43333,,Phichit,,,Taphan Hin,Ban Saphan Hin,"Ban Saphan Hin,Ban Taphan Hin,Sapha Hin",0,66110
1608048,TH,12,,13.91301,100.49883,,Nonthaburi,,,Pak Kret,Pak Kret,"Amphoe Pak Kret,Ban Pak Kret,Pak Kred,Pak Kret,pakkerd,ปากเกร็ด",182926,11120
7884798,TH,90,,7.1005,100.42253,,Songkhla,,,Bang Klam,Ban Bang Klam Klang,"Ban Bang Klam Klang,ban bang kla klang,บ้านบางกล่ำกลาง",0,90110
1152468,TH,51,,18.58054,99.00745,,Lamphun,,,Muang Lamphun,Lamphun,"Amphoe Muang Lamphun,Amphoe Mueang Lamphun,Changwat Lamphun,Changwat Muang Lamphun,Lambhun,Lamphun,Lampkhun,Lampoon,Lampun,Muang Lam Poun,Muang Lamphun,Muang Lampun,Mueang Lamphun,laphun,Лампхун,ลำพูน",43196,51000
1595666,TH,40,,15.73333,102.8,,Khon Kaen,,,Nong Song Hong,Nong Song Hong,,0,40190
1605957,TH,96,,6.25947,102.05461,,Narathiwat,,,Tak Bai,Tak Bai,"Amphoe Kampong Chehe,Amphoe Tak Bai,Ampur Takbai,Ban Takbai,Chavhay,Chayhay,Che He,Kampong Chehe,Tak Bai,Takbar,ตากใบ",17241,96110
1610069,TH,47,,17.85231,103.75657,,Sakon Nakhon,,,Kham Ta Kla,Kham Ta Kla,"Amphoe Kham Ta Kla,Ban Kham Ta Kla,Ban Kham Takra,Kham Ta Kla,King Amphoe Kham Ta Kla,khatakla,คำตากล้า",0,47250
1610780,TH,90,,7.00836,100.47668,,Songkhla,,,Hat Yai,Hat Yai,"Amphoe Hat Yai,Ban Haad Yai,Ban Hat Yai,HDY,Haad Yai,Had Yai,Hat Yai,Hatjaj,Hatjajus,Khat Jai,Khatujaj,has-yai,hat yay,hatoyai jun,he ai,Хат Јаи,Хатъяй,האד-יאי,هات ياي,ہات یائی,หาดใหญ่,เทศบาลนครหาดใหญ่,ཧ་ཊི་ཡའི།,ハートヤイ郡,合艾,핫야이",191696,90110
9106197,TH,30,,15.57339,102.14231,,Nakhon Ratchasima,,,Ban Luam,Ban Nong Khaem,"Ban Nong Khaem,ban hnxngkhæm,บ้านหนองแขม",0,30350
1607164,TH,55,,19.17503,100.91622,,Nan,,,Pua,Pua,"Amphoe Pua,Ban Pua,Pua,paw,ปัว",0,55120
1150203,TH,86,,10.66461,99.17281,,Chumphon,,,Tha Sae,Tha Sae,"Amphoe Tha Sae,Ban Tharsak,King Amphoe Tha Sae,King Tha Sae,Mueang Tha Sae,Tha Sae,ท่าแซะ",0,86140
1606343,TH,43,,17.92851,103.95519,,Nong Khai,,,Seka,Seka,"Amphoe Seka,King Amphoe Seka,Seka,seka,เซกา",16493,43150
1607363,TH,48,,17.18064,104.52606,,Nakhon Phanom,,,Pla Pak,Pla Pak,"Amphoe Pla Pak,King Amphoe Pla Pak,Pla Pak,Tambon Pla Pak,plapak,ปลาปาก",0,48160
1609820,TH,94,,6.73064,101.09619,,Pattani,,,Khok Pho,Khok Pho,"Amphoe Khok Pho,Amphoe Makrut,Khok Pho,Mueang Kao,khokphothi,โคกโพธิ์",0,94120
1609421,TH,31,,14.92375,103.30369,,Burirum,,,Krasang,Krasang,"Amphoe Krasang,King Amphoe Krasang,Krasang,krasang,กระสัง",0,31160
1610211,TH,60,,15.85053,100.07914,,Nakhon Sawan,,,Kao Lieo,Kao Liao,"Amphoe Kao Liao,Kao Liao,Kao Lieo,King Amphoe Kao Liao,kealeiyw,เก้าเลี้ยว",4988,60230
1608068,TH,57,,19.50489,99.99241,,Chiang Rai,,,Pa Daet,Pa Daet,"Ban Pa Daet,Ban Pa Deat,Bān Pa Deat,Pa Daet,ป่าแดด",13624,57190
1610469,TH,46,,16.43281,103.50658,,Kalasin,,,Muang Kalasin,Kalasin,"Amphoe Hlup,Amphoe Kalasin,Amphoe Lup,Amphoe Muang Kalasin,Ban Neur,Changwat Kalasin,Changwat Muang Kalasin,Kalasim,Kalasin,Kalasindhu,Lup,Muang Kalasim,Muang Kalasin,Muang Kalassim,Muang Kansin,Mueang Kalasin,kalsinthu,Каласин,กาฬสินธุ์",55102,46000
1610858,TH,10,,13.7775,100.51977,,Bangkok,,,Dusit,Dusit,"Amphoe Dusit,Dusit,dusit,ดุสิต",0,10300
1619276,TH,65,,16.75847,100.11742,,Phitsanulok,,,Bang Rakam,Bang Rakam,"Amphoe Bang Rakam,Amphoe Chum Saeng,Amphu Bang Raka,Ban Bang Ragam,Ban Bang Rakam,Bang Rakam,Bān Bāng Ragam,Chum Saeng,Rakam,bangraka,บางระกำ",16841,65140
1619989,TH,55,,18.8315,100.44928,,Nan,,,Ban Luang,Ban Don,"Ban Daun,Ban Don,Bān Daun,ban dxn,บ้านดอน",0,55190
1152953,TH,62,,16.0617,99.86058,,Kamphaeng Phet,,,Khanu Woralaksaburi,Khanu Woralaksaburi,"Amphoe Khanuworalak Buri,Khanu Woralaksaburi,Khanworalak Buri,King Amphoe Khanu Woralaksaburi,ขาณุวรลักษบุรี",21889,62130
1607615,TH,43,,18.03333,103.16667,,Nong Khai,,,Phon Charoen,Phon Charoen,,15208,43180
1610958,TH,42,,17.28011,101.14686,,Loei,,,Dan Sai,Dan Sai,"Amphoe Dan Sai,Amphoe Dan Zai,Daen Sai,Dan Sai,Dan Zai,Muang Daen Sai,Muang Dansai,dansay,ด่านซ้าย",0,42120
1614593,TH,53,,17.73636,100.55711,,Uttaradit,,,Nam Pat,Ban Pak Pat,"Ban Pak Pat,Ban Sae To,Ban Sean Tau,Bān Sean Tau,Nam Pat,Pak Pat,Saen Tau,Sentoh,Sēntōh,ban pak pad,บ้านปากปาด",0,53110
1615010,TH,20,,13.14144,101.38358,,Chonburi,,,Nong Yai,Ban Nong Takhian,"Ban Nong Takhian,Naung Takhian,ban hnxng takheiyn,บ้านหนองตะเคียน",0,20190
1152204,TH,52,,17.44688,99.1142,,Lampang,,,Mae Phrik,Mae Phrik,"Amphoe Mae Phrik,Amphu Me Plick,Ban Mae Phlik,Ban Mae Phrik,Ban Mea Phlik,Bān Mea Phlik,Mae Phlik,Mae Phrik,Mebhlik,Mēbhlik,แม่พริก",0,52180
1157966,TH,71,,13.85339,99.41042,,Khanchanaburi,,,Dan Makham Tia,Dan Makham Tia,"Amphoe Dan Makham Tia,Ban Dan Makham Tia,Ban Nong Makham Tia,Dan Makham Tia,King Amphoe Dan Makham Tia,dan makham teiy,ด่านมะขามเตี้ย",0,71260
1605613,TH,42,,17.62355,101.42099,,Loei,,,Tha Li,Tha Li,"Amphoe Tha Li,Ban Ta Li,Ban Tha Li,Dhali,Dhāli,Tha Li,thali,ท่าลี่",0,42140
1606386,TH,20,,12.66644,100.90073,,Chonburi,,,Sattahip,Sattahip,"Amphoe Sattahip,Ban Sata Hib,Ban Satahip,Ban Sattahip,King Amphoe Sattahip,Satahib,Sattaheeb,Sattaheep,Sattahib,Sattahiep,Sattahip,sathib,สัตหีบ",65444,20180
1607826,TH,47,,17.39051,103.71692,,Sakon Nakhon,,,Phang Khon,Phang Khon,"Amphoe Phang Khon,Ban Phany Khon,Bang Khone,King Amphoe Phang Khon,Phang Khon,phangkhon,พังโคน",0,47160
1608163,TH,13,,14.13478,100.82503,,Pathum Thani,,,Nong Sua,Nong Suea,"Amphoe Nong Sua,Ban Bung Ba,Ban Bung Pa,Boeng Ba,Nong Sua,Nong Suea,hnxngseux,หนองเสือ",0,12170
1610227,TH,33,,14.64056,104.64992,,Sisaket,,,Kantharalak,Kantharalak,"Amphoe Kantharalak,Amphoe Nam Om,Ban Nam Om,Kanthanalak,Kantharalak,Kantkharalak,Muang Uthumpa,Muang Uthumpau,Mueang Uthumphon Phisai,Muong Utumpar,Nam Aum,Кантхаралак,กันทรลักษณ์",36621,33110
1619278,TH,10,,13.73058,100.52388,,Bangkok,,,Bang Rak,Bang Rak,"Amphoe Bang Rak,Bang Rak,Bangrak,bangrak,บางรัก",0,10500
1594615,TH,33,,14.75,104.35,,Sisaket,,,Phrai Bung,Ban Phrai Bung,"Ban Phrai,Ban Phrai Bung",0,33180
8533910,TH,10,,13.68778,100.34358,,Bangkok,,,Nong Khaem,Muban Nong Khaem,"Muban Nong Khaem,hmuban hnxngkhæm,หมู่บ้านหนองแขม",0,10160
1117056,TH,51,,18.21556,98.98194,,Lamphun,,,Ban Thi,Ban Yang He,,0,51180
1596216,TH,84,,9.71945,99.99511,,Surat Thani,,,Ko Phangan,Ko Pha Ngan,"Amphoe Ko Pha Ngan,Amphoe Ko Pha-ngan,KPH,Ko Pha Ngan,Ko Phangan,Pkhangan,keaaphangan,pa an dao,pang-an seom,qw ph ngʼn,Пханган,קו פה נגאן,เกาะพะงัน,帕岸島,팡안 섬",0,84280
9002673,TH,40,,15.95578,102.53839,,Khon Kaen,,,Waeng Yai,Ban Waeng Yai,"Ban Waeng Yai,ban wænghıy,บ้านแวงใหญ่",0,40330
8272179,TH,81,,8.24847,99.0403,,Krabi,,,Khao Phanom,Ban Nong Nam Khao,"Ban Nong Nam Khao,ban hnxng nakhaw,บ้านหนองน้ำขาว",0,81140
1153673,TH,50,,19.36542,98.96453,,Chiang Mai,,,Chiang Dao,Chiang Dao,"Amphoe Ban Chiang Dao,Amphoe Chiang Dao,Amphoe Jieng Dao,Ban Chiang Dao,Chiang Dao,Chieng Dao,Jieng Dao,Muang Chieng Dao,cheiyngdaw,เชียงดาว",0,50170
1605268,TH,53,,17.48181,100.11281,,Uttaradit,,,Tron,Tron,"Amphoe Tron,Ban Geang,Ban Kaeng,Keng,Kēng,Mong Trawn,Möng Trawn,Traun,Tron,trxn,ตรอน",0,53140
1609327,TH,47,,17.08882,103.81875,,Sakon Nakhon,,,Kut Bak,Kut Bak,"Amphoe Kut Bak,Ban Kot Bak,Ban Kut Bak,King Amphoe Kut Bak,Kudpak,Kut Bak,kudbak,กุดบาก",0,47180
1150626,TH,64,,17.164,99.86222,,Sukhothai,,,Si Samrong,Si Samrong,"Amphoe Khlong Tan,Amphoe Si Samrong,Ban Khlong Tan,Ban Khlong Trang,Ban Klaung Tan,Bān Klaung Tān,Glohngtan,Glōhngtān,Khlaung Tan,Khlong Tan,Si Samrong,srisarong,ศรีสำโรง",0,64120
1608563,TH,42,,17.48333,101.06667,,Loei,,,Na Haeo,Na Haeo,,0,42170
1610571,TH,17,,15.00787,100.32691,,Singburi,,,In Buri,In Buri,"Amphoe In Buri,Amphoe Muang In Buri,Ban In Buri,In,In Buri,Muang Inburi,Mueang In Buri,xinthrburi,อินทร์บุรี",0,16110
8203360,TH,93,,7.72039,99.934,,Phatthalung,,,Si Ban Phot,Ban Yang Khan Rom,"Ban Yang Khan Rom,ban yang khan rm,บ้านยางคันร่ม",0,93190
1607542,TH,10,,13.70185,100.60157,,Bangkok,,,Phra Khanong,Phra Khanong,"Amphoe Phra Khanong,Bhra Khanong,Phra Khanong,Phrakanhong,Phrakhnong,Prakanong,phra khi nng,พระไขนง",0,10260
8536532,TH,50,,17.89314,98.73064,,Chiang Mai,,,Doi Tao,Ban Doi Tao Mu Sam,"Ban Doi Tao Mu Sam,Ban Mu 3,ban dxytea hmu sam,ban hmu sam,บ้านดอยเต่าหมู่ สาม,บ้านหมู่ สาม",0,50260
1150726,TH,50,,18.84792,99.04508,,Chiang Mai,,,San Sai,San Sai,"Amphoe San Sai,Amphoe Sanzai,Ban San Sai Hluang,Ban San Sai Luang,Ban Sun Tri Luang,San Sai,San Sai Hluang,San Sai Luang,San Saiv,Sanzaihluang,Sanzāihlūang,santhray,สันทราย",0,50210
1608399,TH,48,,17.4897,104.10056,,Nakhon Phanom,,,Na Wa,Na Wa,"Amphoe Na Wa,Ban Na Wa,King Amphoe Na Wa,Na Wa,nahwa,นาหว้า",12989,48180
1610459,TH,46,,16.33839,103.57564,,Kalasin,,,Kamalasai,Kamalasai,"Amphoe Kamalasai,Ban Amphoe Kamalasai,Ban Komlasai,Kamalasai,Komlasai,Kramalasai,kmla siy,kra mala siy,กมลาไสย,กระมาลาไสย",23393,46130
8278859,TH,76,,13.21798,99.987,,Phetchaburi,,,Ban Laem,Ban Nok,"Ban Nok,ban nxk,บ้านนอก",0,76110
8233742,TH,86,,10.13644,99.12233,,Chumphon,,,Thung Tako,Ban Thung Yai,"Ban Thung Yai,บ้านทุ่งใหญ่",0,86220
1607579,TH,15,,14.66731,100.40878,,Ang Thong,,,Pho Thong,Pho Thong,"Amphoe Huai Ling Tok,Amphoe Pho Thong,Ban Khlong Sarai,Bho Dhohng,Khlaung Sarai,Pho Thong,phothithxng,โพธิ์ทอง",12200,14120
1618557,TH,30,,15.33264,102.17353,,Nakhon Ratchasima,,,Kham Sakae Saeng,Ban Kham,"Ban Kham,Ban Non Kham,ban kham,บ้านขาม",0,30290
1612772,TH,36,,16.40506,102.34239,,Chaiyaphum,,,Ban Thaen,Ban Thaen,"Amphoe Ban Thaen,Ban Thaen,King Amphoe Ban Thaen,บ้านแท่น",0,36190
1619363,TH,24,,13.54297,100.99333,,Chachoengsao,,,Bang Pakong,Bang Pakong,"Amphoe Bang Pakong,Ban Tha Saan,Bang Pakong,Tha Sa-an,bangpakng,บางปะกง",25620,24130
7420644,TH,57,,19.88531,99.92039,,Chiang Rai,,,Wiang Chiang Rung,Ban Wiang Chai,"Ban Wiang Chai,ban weiyngchay,บ้านเวียงชัย",0,57210
7420644,TH,57,,19.88531,99.92039,,Chiang Rai,,,Wiang Chai,Ban Wiang Chai,"Ban Wiang Chai,ban weiyngchay,บ้านเวียงชัย",0,57210
1607838,TH,20,,13.44581,101.18445,,Chonburi,,,Phanat Nikhom,Phanat Nikhom,"Amphoe Phanat Nikhom,Amphu Panas Nikom,Ban Phanat Nikhom,Bhanasnigom,Mueang Phanat Nikhom,Phanat Nikhom,Phanatikhom,phnasnikhm,พนัสนิคม",21924,20140
1610503,TH,19,,14.58617,100.99758,,Saraburi,,,Kaeng Khoi,Kaeng Khoi,"Amphoe Kaeng Khoi,Kaeng Khoi,Khwaeng Kaeng Khoi,แก่งคอย",30332,18110
1613518,TH,13,,14.05,100.55,,Pathum Thani,,,Sam Khok,Ban Sam Khok,"Ban Sam Khok,Sam Gok,Sam Khok,Sām Gok",0,12160
8125982,TH,80,,9.20807,99.86143,,Nakhon Sie Thammarat,,,Khanom,Khanom,"khnxm,ขนอม",0,80210
1604771,TH,94,,6.86617,101.36894,,Pattani,,,Yaring,Yaring,"Amphoe Yamu,Amphoe Yaring,Ban Yamu,Jaring,Muang Yaring,Muang Yering,Yamu,Yaring,yahring,ยะหริ่ง",31111,94150
1611135,TH,30,,14.72844,102.16524,,Nakhon Ratchasima,,,Chok Chai,Chok Chai,"Amphoe Chok Chai,Ban Chok Chai,Choc Chai,Chok Chai,Kra Thok,chokhchay,โชคชัย",23337,30190
1151303,TH,50,,19.36667,99.21667,,Chiang Mai,,,Phrao,Phrao,"Amphoe Bhrao,Amphoe Phrao,Amphoe Prao,Ban Wiang Phrao,Ban Wiang Phrau,Ban Wiang Prau,Ban Wieng Bhrao,Ben Wiang Phrao,Muang Prao,Phrao,Vieng Pou,Wiang Phrao,Wieng Bhrao",0,50190
1609715,TH,93,,7.7347,100.00931,,Phatthalung,,,Khuan Khanun,Khuan Khanun,"Amphoe Khuan Khanun,Amphoe Makok Tai,Amphoe Pak Phra,Amphoe Phanang Tung,Amphoe Tale Noi,Amphoe Udon,Khuan Khanun,khwnkhnun,ควนขนุน",0,93110
1152180,TH,51,,18.46456,99.14026,,Lamphun,,,Mae Tha,Mae Tha,"Amphoe Mae Tha,Amphu Metar,Ban Mae Tha,Ban Mea Tha,Ban Sala Mae Tha,Bān Mea Tha,King Amphoe Mae Tha,King Mae Tha,Mae Tha,Medha,Mēdha,Sala Mae Tha,Sala Meh Tha,แม่ทา",10048,51140
1617588,TH,55,,18.57489,100.75878,,Nan,,,Wiang Sa,Ban Klang Wiang,"Amphoe Bun Yeun,Amphoe Bun Yoen,Amphoe Bun Yun,Ban Glang Wiang,Ban Klang Wiang,Ban Klang Wieng,Bun Yeun,Bun Yun,Bunyeen,Bunyeēn,Klang Wiang,Klang Wieng,ban klang weiyng,บ้านกลางเวียง",0,55110
1605409,TH,57,,19.68508,100.19456,,Chiang Rai,,,Thoeng,Thoeng,"Amphoe Dheung,Amphoe Moeang Dheung,Amphoe Thoeng,Ban Nai Wiang,Ban Thoeng,Ban Wiang Thoeng,Dhewng,Dhēwng,Moeang Dheung,Muang Tern,Muang Teun,Tharng,Thoeng,theing,เทิง",0,57160
1608136,TH,30,,15.18014,102.25695,,Nakhon Ratchasima,,,Non Sung,Non Sung,"Amphoe Non Sung,Amphoe Non Wat,Ban Non Sung,Non Sung,nonsung,โนนสูง",18399,30160
1885126,TH,45,,15.63964,103.86553,,Roi Et,,,Nong Phok,Ban Nong Sim,"Ban Nong Sim,ban hn xng sim,บ้านหนองสิม",0,45210
1611424,TH,16,,15.2,101.13333,,Lopburi,,,Chai Badan,Chai Badan,,25196,15130
8541080,TH,54,,17.88347,99.61547,,Phrae,,,Wang Chin,Ban Wang Chin Phatthana,"Ban Wang Chin Phatthana,ban wang chin phatʹhna,บ้านวังชิ้นพัฒนา",0,54160
1605072,TH,44,,15.84523,103.37678,,Maha Sarakham,,,Wapi Pathum,Wapi Pathum,"Amphoe Muang Wapi Pathum,Amphoe Muang Wapipthum,Amphoe Wapi Pathum,Ban Nong Saeng,Muang Wapi Pathum,Muang Wapi Pra Tum,Muang Wapipthum,Mueang Wapi Pathum,Mung Vapi Phia Thum,Muong Vapi Phia Thoum,Naung Saeng,Wapi,Wapi Pathum,Wapi Pradhum,wapipthum,วาปีปทุม",10198,44120
1606489,TH,19,,14.55083,100.84436,,Saraburi,,,Sao Hai,Sao Hai,"Amphoe Sao Hai,Amphu Sao-hai,Ban Sa Kaeo,Bau Sao Hai,Sao Hai,seahi,เสาไห้",0,18160
1606590,TH,11,,13.59934,100.59675,,Samut Prakan,,,Muang Samut Prakan,Samut Prakan,"Ban Pak Nam,Paakunamu,Pakham,Paknam,Samudh Prakarn,Samut,Samut Prakan,Samutprakan,Samutpraken,Smutprakan,samuttopurakan,smuthrprakar,Самутпракан,สมุทรปราการ,サムットプラーカーン",388920,10270
1152227,TH,57,,20.14675,99.85256,,Chiang Rai,,,Mae Chan,Mae Chan,"Amphoe Chiang Saen,Amphoe Mae Chan,Ban Gasa,Ban Kasa,Ban Mae Chan,Ban Mea Jan,Bān Gāsa,Bān Mea Jan,Chiang Saen,Chieng Sean,Chiengsen,Mae Chan,Mehchan,Pong Hong,Мэчан,แม่จัน",37672,57110
1153062,TH,85,,9.58522,98.59611,,Ranong,,,Kapoe,Kapoe,"Amphoe Kapoe,Kapoe,King Amphoe Kapoe,kapexr,กะเปอร์",0,85120
1608371,TH,65,,16.56667,100.63333,,Phitsanulok,,,Noen Maprang,Noen Maprang,"Amphoe Noen Maprang,Ban Noen Maprang,King Amphoe Noen Maprang,Noen Maprang,neinmaprang,เนินมะปราง",0,65190
1150200,TH,80,,8.66733,99.93078,,Nakhon Sie Thammarat,,,Tha Sala,Tha Sala,"Amphoe Klai,Amphoe Tha Sala,Ban Tha Sala,Tha Sala,thasala,ท่าศาลา",0,80160
1620635,TH,12,,13.85233,100.43266,,Nonthaburi,,,Bang Yai,Ban Bang Sakae,"Ban Bang Sakae,Bang Sake,บ้านบางสะแก",0,11140
1609899,TH,13,,14.06467,100.64578,,Pathum Thani,,,Khlong Luang,Khlong Luang,"Amphoe Bang Wai,Amphoe Khlong Luang,Ban Bang Wai,Ban Khlong Song (3),Bang Wai,Khlong Luang,khlxnghlwng,คลองหลวง",118551,12120
1608131,TH,30,,15.1958,102.07145,,Nakhon Ratchasima,,,Non Thai,Non Thai,"Amphoe Non Lao,Amphoe Non Thai,Amphoe San Thia,Khwaeng San Thia,Non Thai,nonthiy,โนนไทย",11959,30220
1151710,TH,61,,15.364,99.92939,,Uthai Thani,,,Nong Khayang,Nong Kha Yang,"Amphoe Nong Kha Yang,Ban Naung Ka Yang,Ban Nong Kha Yang,Bān Naung Ka Yāng,Hnohngkhayang,Hnōhngkhāyāng,Naung Kha Yang,Nong Kha Yang,Nong Luang,hnxngkhahyang,หนองขาหย่าง",0,61130
1606043,TH,54,,18.0494,100.11457,,Phrae,,,Sung Men,Sung Men,"Amphoe Sung Men,Ban Sung Men,Soong Men,Sung Men,Sungmen,sungmen,สูงเม่น",0,54130
1607584,TH,66,,16.09269,100.26089,,Phichit,,,Pho Thale,Pho Thale,"Amphoe Ban Khlan,Amphoe Pho Thale,Pho Thale,phothale,โพทะเล",0,66130
1608011,TH,15,,14.48989,100.44847,,Ang Thong,,,Pa Mok,Pa Mok,"Amphoe Pa Mok,Ban Bang Pla Kot,Bang Pla Kot,Pa Mok,pamok,ป่าโมก",0,14130
1614336,TH,41,,17.14272,102.97261,,Udon Thani,,,Ban Dung,Ban Phan Don,"Amphoe Kumbhawapi,Amphoe Kumphawapi,Ban Nam Khong,Ban Phan Don,Koumpa Ouapi,Kumpawapi,Kumphawapi,Muang Kumpawapi,Muang Kumpu Kwapi,Nam Khaung,ban phan dxn,บ้านพันดอน",29211,41190
1614336,TH,41,,17.14272,102.97261,,Udon Thani,,,Ban Phu,Ban Phan Don,"Amphoe Kumbhawapi,Amphoe Kumphawapi,Ban Nam Khong,Ban Phan Don,Koumpa Ouapi,Kumpawapi,Kumphawapi,Muang Kumpawapi,Muang Kumpu Kwapi,Nam Khaung,ban phan dxn,บ้านพันดอน",29211,41190
1616503,TH,26,,14.26238,101.07111,,Nakhon Nayok,,,Ban Na,Ban Na,"Amphoe Ban Na,Amphoe Tha Chang,Ban Na,Ban Phikun Ok,Bang Na,Phikum Auk,banna,บ้านนา",0,26110
1617568,TH,16,,15.04494,100.57494,,Lopburi,,,Ban Mi,Ban Kluai,"Ban Gluai,Ban Kluai,Bān Gluai,ban klwy,บ้านกล้วย",0,15110
1150700,TH,50,,18.71417,99.03528,,Chiang Mai,,,Saraphi,Saraphi,"Amphoe Saraphi,Amphoe Yang Noeng,Ban Sarape,Ban Saraphi,Sarabhi,Saraphi,Sārabhi,sarphi,สารภี",0,50140
1605479,TH,48,,17.57605,104.59906,,Nakhon Phanom,,,Tha Uthen,Tha Uthen,"Amphoe Ban Tha Uthen,Amphoe Dha Udhen,Amphoe Tha Uthen,Ban Tha Uthen,Houthene,Muang Tau Ten,Mueang Tha Uthen,Tauten,Tha Uthen,Tha-uthen,Uthen,thaxuthen,ท่าอุเทน",0,48120
1618573,TH,21,,12.78261,101.29639,,Rayong,,,Ban Khai,Ban Khai,"Amphoe Ban Khai,Ban Khai,bankhay,บ้านค่าย",0,21120
1150221,TH,82,,8.51625,98.63972,,Phang Nga,,,Thap Put,Thap Put,"Amphoe Dhab Put,Amphoe Thap Pot,Amphoe Thap Put,Ban Marui,Ban Murui,Ban Thap Put (1),Dhab Pud,Ma-rui,Thap Put,thabpud,ทับปุด",0,82180
1153646,TH,70,,13.62,99.59169,,Ratchaburi,,,Chom Bung,Chom Bueng,"Amphoe Chom Bueng,Amphoe Chom Bung,Ban Chom Bung,Chaum Boeng,Chohm Boeng,Chom Bueng,Chom Bung,King Amphoe Chom Bueng,King Chom Bung,cxmbung,จอมบึง",15143,70150
1608762,TH,18,,15.30997,100.08283,,Chainat,,,Manorom,Manorom,"Amphoe Manorom,Ban Khung Samphao,Ban Kung Samphao,Ban Manorom Nua,Khung Samphao,King Amphoe Manorom,Manorom,Muang Manorom,mnormy,มโนรมย์",0,17110
8268661,TH,52,,18.25914,99.70383,,Lampang,,,Mae Mo,Ban Mae Mo Sathani,"Ban Mae Mo Sathani,บ้านแม่เมาะสถานี",0,52220
1610086,TH,35,,15.65233,104.30861,,Yasothon,,,Kham Khuan Kaeo,Kham Khuean Kaeo,"Amphoe Kham Khuan Kaeo,Amphoe Lumphuk,Ban Lumphuk,Kham Khuan Kaeo,Kham Khuean Kaeo,Lum Phuk,คำเขื่อนแก้ว",0,35110
8698268,TH,14,,14.63011,100.56914,,Phranakhon Si Ayutthaya,,,Ban Phraek,Ban Khlong Yao,"Ban Khlong Yao,ban khlxng yaw,บ้านคลองยาว",0,13240
1150210,TH,61,,15.46063,99.89166,,Uthai Thani,,,Thap Than,Thap Than,"Amphoe Thap Than,Amphu Tap Tan,Ban Thap Than,Dhapdhan,Nong Kradi,Thap Than,thaphthan,ทัพทัน",16615,61120
1150728,TH,50,,18.62828,98.89572,,Chiang Mai,,,San Pa Tong,San Pa Tong,"Amphoe San Pa Tong,San Pa Tong,sanpatxng,สันป่าตอง",17773,50120
1153386,TH,50,,18.68703,98.91939,,Chiang Mai,,,Hang Dong,Hang Dong,"Amphoe Hang Dong,Ban Hang Dong,Hang Dong,Khwaeng Mae Tha Chang,King Amphoe Hang Dong,hangdng,หางดง,แขวงแม่ท่าช้าง",17931,50230
1613168,TH,72,,14.21447,100.05008,,Suphanburi,,,Song Phi Nong,Ban Song Phi Nong,"Amphu Sawng Pi Nawng,Ban Song Phi Nong,Saung Phi Naung,Sohng Bhi Nohng,Song Phi Nong,Sōhng Bhi Nōhng,ban sxngphinxng,บ้านสองพี่น้อง",0,72110
1609970,TH,34,,16.04252,105.21836,,Ubon Ratchathani,,,Khemarat,Khemarat,"Amphoe Ban Khemmarat,Amphoe Khemmarat,Amphoe Khemrat,Ban Kemmerat,Ban Khemmarat,Ban Khemrat,Kemarat,Kemmarat,Khemarat,Khemmarat,Muang Kemmarat,Mueang Khemarat,khemrath,เขมราฐ",0,34170
1594625,TH,40,,16.85,102.88333,,Khon Kaen,,,Khao Suan Kwang,Khao Suan Kwang,"Ban Khao Suan Kwang,Khao Suan Kwang",0,40280
1605677,TH,43,,17.85003,102.58139,,Nong Khai,,,Tha Bo,Tha Bo,"Amphoe Tha Bo,Ban Tha Bau,Ban Tha Bo,Mong Ta Bo,Mueang Tha Bo,Möng Ta Bo,Tha Bo,Tha Bor,thabx,ท่าบ่อ",35292,43110
8205922,TH,65,,17.00067,100.31517,,Phitsanulok,,,Wat Bot,Ban Wat Bot,"Ban Wat Bot,ban wadbosth,บ้านวัดโบสถ์",0,65160
11071481,TH,18,,15.17901,100.1282,,Chainat,,,Muang Chainat,Nai Muang,,0,17000
8653820,TH,46,,16.57203,103.79275,,Kalasin,,,Na Mon,Ban Na Mon Phatthana,"Ban Na Mon Phatthana,banna mn phatʹhna,บ้านนามนพัฒนา",0,46230
1157683,TH,70,,13.69157,99.92982,,Ratchaburi,,,Bang Phae,Bang Phae,"Amphoe Bang Phae,Amphoe Hua Pho,Amphoe Lam Phraya,Ban Bang Phae,Ban Bang Phae Tai,Bang Phae,Bang Phae Tai,Tha Rap,บางแพ",29548,70160
7284220,TH,80,,9.46587,100.04502,,Nakhon Sie Thammarat,,,Lamai Beach,Lamai Beach,"had lami,หาดละไม",0,84310
1608902,TH,14,,14.53367,100.52672,,Phranakhon Si Ayutthaya,,,Maha Rat,Maha Rat,"Amphoe Maharat,Ban Hua Phai,Ban Maha Rat (2),Khwaeng Nakhon Yai,Maha Rat,Maharaj,Mahāraj,mharach,มหาราช",0,13150
1616198,TH,95,,6.26638,101.26461,,Yala,,,Bannang Sata,Ban Nang Sata,"Amphoe Ba Cho,Amphoe Ban Nang Sata,Ban Ban Nang Sata,Ban Nang Sata,Ban Panang Star,Ban Pannang Sata,Bannangsta,Benang Setar,Pannang Sata,ban bannangsta,bannangsta,บันนังสตา,บ้านบันนังสตา",0,95130
1618298,TH,22,,12.45,102.23333,,Chanthaburi,,,Khlung,Ban Khlong Khlung (1),,0,22110
1150783,TH,50,,18.84806,98.73242,,Chiang Mai,,,Samoeng,Samoeng,"Amphoe Samoeng,Ban Samarng Dai,Ban Samoeng Tai,Bān Samarng Dāi,King Amphoe Samoeng,Sameungtai,Sameūngtai,Samoeng,Samoeng Tai,sameing,สะเมิง",0,50250
1609765,TH,36,,15.93192,102.28103,,Chaiyaphum,,,Khon Sawan,Khon Sawan,"Amphoe Khon Sawan,Ban Chok Don Sawan,Khon Sawan,Mueang Ka Long,khxnswrrkh,คอนสวรรค์",0,36140
1611106,TH,76,,16.18953,100.85958,,Phetchabun,,,Chon Daen,Chon Daen,"Amphoe Chon Daen,Ban Chon Daen,Ban Chon Dean,Bān Chon Dean,Chon Daen,Jonden,Jondēn,King Amphoe Chon Daen,King Chon Daen,ชนแดน",17567,67150
1594607,TH,66,,16.3,100.31667,,Phichit,,,Pho Prathap Chang,Pho Prathap Chang,"King Amphoe Pho Prathap Chang,Pho Prathap Chang",0,66190
1620989,TH,36,,15.50189,101.68982,,Chaiyaphum,,,Bamnet Narong,Bamnet Narong,"Amphoe Bamnet Narong,Bamhnech Narong,Bamnech Narong,Bamnet Narong,Ban Bamhnetnarong,Ban Chuan,Dan Chuan,King Amphoe Bamnet Narong,King Amphoe Ban Chuan,Muang Bamhnech Narong,Muang Bamhnesh Narong,Mueang Bamnet Narong,Tambon Ban Chuan,bahencnrngkh,บำเหน็จณรงค์",14890,36160
1152230,TH,50,,18.49926,98.36494,,Chiang Mai,,,Mae Chaem,Mae Chaem,"Amphoe Mae Chaem,King Amphoe Mae Chaem,Mae Chaem,แม่แจ่ม",0,50270
1604632,TH,31,,14.61073,103.07923,,Burirum,,,Prakhon Chai,Prakhon Chai,"Prakhon Chai,prakhon chay,ประโคนชัย",0,31140
1154566,TH,70,,13.51486,99.35022,,Ratchaburi,,,Ban Ka,Ban Tha Khoei,"Ban Tha Khoei,ban tha khey,บ้านท่าเคย",0,70180
1606050,TH,96,,6.02977,101.96586,,Narathiwat,,,Sungai Kolok,Su-ngai Kolok,"Amphoe Sungai Kolok,King Amphoe Su-ngai Kolok,Kolok,Su-ngai Kolok,Sungai Kolok,Sungei Kolok,suhingko-lk,สุไหงโก-ลก",42776,96120
1614465,TH,74,,13.59072,100.10748,,Samut Sakhon,,,Ban Phaeo,Ban Phaeo,"Amphoe Ban Phaeo,Ban Phaeo,Ban Pheo,บ้านแพ้ว",41904,74120
1609043,TH,76,,16.77983,101.24225,,Phetchabun,,,Lom Sak,Lom Sak,"Amphoe Lom Sak,Amphoe Wat Pa,Ban Lom Sak,Changwat Muang Hlom Sak,Changwat Muang Lom Sak,Hlomsak,Lom Sak,Muang Hlom Sak,Muang Lom Sak,Wat Pa,hlmsak,หล่มสัก",17309,67110
1611202,TH,56,,19.52331,100.3,,Phayao,,,Chiang Kham,Chiang Kham,"Amphoe Chiang Kham,Amphoe Chieng Kum,Amphoe Jieng Gam,Ban Chiang Kham,Ban Juan,Ban Yuan,Chiang Kham,Chieng Kam,Chieng Kum,Chienggam,Jieng Gam,Xieng Kham,cheiyngkha,เชียงคำ",14092,56110
8065533,TH,91,,7.10625,99.76783,,Satun,,,Thung Wa,Ban Thung Prue,"Ban Thung Prue,ban thung prux,บ้านทุ่งปรือ",0,91120
1605048,TH,18,,15.25987,100.0404,,Chainat,,,Wat Sing,Wat Sing,"Amphoe Wat Sing,Ban Wat Sing,Wad Sing,Wat Sing,wadsingh,วัดสิงห์",0,17120
1609048,TH,76,,16.88614,101.22894,,Phetchabun,,,Lom Kao,Lom Kao,"Amphoe Lom Kao,Ban Lom Gao,Ban Lom Kao,Bān Lom Gāo,Hlomkao,Lom Kao,Mong Lom Kao,Möng Lom Kao,hlmkea,หล่มเก่า",0,67120
7912944,TH,22,,12.92044,102.37353,,Chanthaburi,,,Pong Nam Ron,Ban Pong Nam Ron,"Ban Pong Nam Ron,banpong na rxn,บ้านโป่งน้ำร้อน",0,22140
1150624,TH,64,,17.51692,99.75978,,Sukhothai,,,Si Satchanalai,Si Satchanalai,"Amphoe Si Satchanalai,Hat Siao,Si Satchanalai,srisachnalay,ศรีสัชนาลัย",25942,64130
1609332,TH,47,,17.33259,104.33147,,Sakon Nakhon,,,Kusuman,Kusuman,"Amphoe Kusuman,Ban Kusuman,Ban Muang Kusuman,King Amphoe Kusuman,Kusuman,Muang Kusuman,Mueang Kusuman,Muong Kout Sa Man,Tambon Kusuman,kusumaly,กุสุมาลย์",0,47210
1605102,TH,42,,17.30097,101.7685,,Loei,,,Wang Saphung,Wang Saphung,"Amphoe Wang Saphung,Ban Wang Sa Pung,Ban Wang San Phung,Ban Wang Saphung,Khwaeng Wang Saphung,Wang Saphung,Wangsabhung,wangsaphung,วังสะพุง",15747,42130
1607512,TH,19,,14.72526,100.79536,,Saraburi,,,Phra Phutthabat,Phra Phutthabat,"Amphoe Phra Phutthabat,Ban Khun Khlon,Bhra Bhudhabadh,Bhra Bhudhābadh,Khun Khlon,King Amphoe Phra Phutthabat,King Phra Phutthabat,Phra Phutthabat,Phra Phutthabet,phraphuththbath,พระพุทธบาท",57008,18120
1605219,TH,33,,15.11161,104.14011,,Sisaket,,,Uthumphon Phisai,Uthumphon Phisai,"Amphoe Phachim Sisaket,Amphoe Udhumbhornbhisai,Amphoe Uthumphon Phisai,Ban Samrong Yai,Ban Tamyae,Ban Tha Mai,Mueang Uthumphon Phisai,Samrong Yai,Uthom Phon Phisai,Uthumphon Phisai,xuthumphrphisay,อุทุมพรพิสัย",0,33120
1611185,TH,44,,16.41042,103.09767,,Maha Sarakham,,,Chiang Yun,Chiang Yuen,"Amphoe Chiang Yuen,Ban Chiang Yun,Chiang Yuen,Chiang Yun,King Amphoe Chiang Yun,cheiyngyun,เชียงยืน",0,44160
1609795,TH,30,,14.52541,102.24591,,Nakhon Ratchasima,,,Khon Buri,Khon Buri,"Amphoe Khon Buri,Ban Khon Buri,Khon Buri,King Amphoe Chae,Mueang Khon,khrburi,ครบุรี",18596,30250
1150732,TH,50,,18.74486,99.11953,,Chiang Mai,,,San Kamphaeng,San Kamphaeng,"Amphoe San Kamphaeng,Ban San Gampheang,Ban San Kamphaeng,Ban San Kamphaeng Luang,Bān San Gampheang,Kwaeng Mae Om,San Kamphaeng,Sankambheng,Sankambhēng,สันกำแพง",32950,50130
9111598,TH,30,,14.97661,101.98341,,Nakhon Ratchasima,,,Kham Thale So,Ban Kham Thale So,"Ban Kham Thale So,ban khamthalesx,บ้านขามทะเลสอ",0,30280
1604769,TH,35,,15.79408,104.1451,,Yasothon,,,Muang Yasothon,Yasothon,"Amphoe Muang Yasothon,Amphoe Yasodhom,Amphoe Yasodhorn,Amphoe Yasothon,Ban Nai Muang,Ban Singh Tha,Changwat Yasothon,Jasotkhon,Muang Iott-so Ton,Muang Yasothaun,Muang Yasothon,Mueang Yasothon,Yasodhorn,Yasotawn,Yasothon,Yasotorn,ysothr,Ясотхон,ยโสธร",21643,35000
1605403,TH,10,,13.725,100.48511,,Bangkok,,,Thon Buri,Thon Buri,"Amphoe Thon Buri,Changwat Thon Buri,Dhonburi,Dhonhuri,Thon Buri,Thonhuri,thnburi,ธนบุรี",0,10600
1153669,TH,57,,19.90858,99.8325,,Chiang Rai,,,Muang Chiang Rai,Chiang Rai,"Amphoe Chiang Rai,Amphoe Muang Chiang Rai,CEI,Chang Rai,Changwat Chiang Rai,Changwat Muang Chiang Rai,Changwat Muang Jieng Rai,Chiang Rai,Chiangraj,Chiengrai,Ciangrajus,Cziang Raj,Jieng Rai,Muang Chiang Rai,Muang Chieng Rai,Muang Jieng Rai,Mueang Chiang Rai,Propinsi Chiang Rai,Thanh pho Chiang Rai,Thành phố Chiang Rai,Xieng Rai,cheiyngray,chianglai,chienrai,chyang rayy,qing lai,thesbal nkhr cheiyngray,zyʼng rʼy,Čiangrajus,Чианграй,ציאנג ראי,چیانگ رائی,เชียงราย,เทศบาลนครเชียงราย,ཆེང་རཱེ།,チエンラーイ,清萊,치앙라이",78756,57000
1607617,TH,40,,15.816,102.59981,,Khon Kaen,,,Phon,Phon,"Amphoe Phon,Ban Muang Phon,Moengphol,Mong Pol,Muang Phon,Möng Pol,Phon,phl,พล",14596,40120
1150218,TH,77,,11.49964,99.6217,,Prachuap Khirikhan,,,Thap Sakae,Thap Sakae,"Amphoe Thap Sakae,Ban Thap Sakae,Dhab Sake,King Amphoe Thap Sakae,Thap Sakae,ทับสะแก",0,77130
7853615,TH,24,,13.68711,101.19492,,Chachoengsao,,,Khlong Kaen,Ban Khlong Bang Khla,"Ban Khlong Bang Khla,ban khlxng bangkhla,บ้านคลองบางคล้า",0,24000
1611578,TH,23,,12.57283,102.53714,,Trat,,,Bo Rai,Bo Rai,"Ban Bo Rai,Bau Rai,Bo Rai,bxri,บ่อไร่",13620,23140
1609812,TH,16,,15.06649,100.72233,,Lopburi,,,Khok Samrong,Khok Samrong,"Amphoe Khok Samrong,Khok Samrong,King Amphoe Khok Samrong,khoksarong,โคกสำโรง",0,15120
1153389,TH,52,,18.32883,99.34621,,Lampang,,,Hang Chat,Hang Chat,"Amphoe Hang Chat,Ban Hang Sad,Ban Hang Sat,Hang Chat,Hang Chate,Hang Sad,Hang Sat,hangchatr,ห้างฉัตร",0,52190
1606157,TH,47,,17.41667,103.53333,,Sakon Nakhon,,,Song Dao,Song Dao,,0,47190
7736002,TH,21,,12.71306,101.07583,,Rayong,,,Ban Chang,Ban Si Kak,"Ban Si Kak,ban si kak,บ้านสี่กั๊ก",0,21130
1597130,TH,44,,15.68361,103.10311,,Maha Sarakham,,,Yang Si Surat,Yang Si Surat,"Amphoe Yang Si Surat,Ban Yang Si Surat,King Amphoe Yang Si Surat,Yang Si Surat,yang si su rach,ยางสีสุราช",0,44210
1607055,TH,10,,13.68219,100.50603,,Bangkok,,,Rat Burana,Rat Burana,"Amphoe Rat Burana,Raiabuna,Rasdorn Burana,Rat Burana,Ratburanah,ราษฎร์บูรณะ",0,10140
1607708,TH,65,,16.82481,100.25858,,Phitsanulok,,,Muang Phitsanulok,Phitsanulok,"Amphoe Muang Phitsanulok,Amphoe Mueang Phitsanulok,Bhisanulok,Bisanulok,Bisnulok,Changwat Phitsanulok,Muang Phitsanulok,Muang Pitsanulok,PHS,Philtsanuloke,Phisanulauk,Phitsanulok,Phitsanulokas,Phitszanulok,Pisanuloke,Pitsanoulok,Pitsanulok,Pitsanuloke,Pkhitsanulok,fytsanwlwk,peng shi luo,pis-sanullog,Пхитсанулок,فیتسانولوک,پھسٹانولوک,پھیتسانولوک,พิษณุโลก,เทศบาลนครพิษณุโลก,เมืองพิษณุโลก,ཕི་ཊི་ཙ་ནུ་ལོཀ།,彭世洛,핏사눌록",103427,65000
1608808,TH,22,,12.67292,102.19575,,Chanthaburi,,,Makham,Makham,"Amphoe Makham,Amphoe Tha Luang,Ban Makham,Makham,makham,มะขาม",0,22150
1611233,TH,45,,15.84572,103.55719,,Roi Et,,,Chaturaphak Phiman,Chaturaphak Phiman,"Amphoe Chaturaphak Phiman,Chaturaphak Phiman,Hua Chang,Muang Cha Tao,Muang Tia Tao,Muang Tia-tou,Tia Tao,ctur phaktr phiman,จตุรพักตรพิมาน",0,45180
1152357,TH,51,,17.80269,98.95097,,Lamphun,,,Li,Li,"Amphoe Li,Ban Li Nua,Li,Li Hnoea,Linua,Lī Hnoēa,li,ลี้",0,51110
1606851,TH,94,,6.70131,101.61675,,Pattani,,,Sai Buri,Sai Buri,"Amphoe Sai Buri,Amphoe Taluban,Ban Taluban,Muang Saiburi,Sai Buri,Selindung Bayu,Taluban,Telupin,sayburi,สายบุรี",14356,94110
1609430,TH,40,,16.70672,103.07878,,Khon Kaen,,,Kranuan,Kranuan,"Amphoe Kranuan,King Amphoe Kranuan,Kranuan,kranwn,กระนวน",13475,40170
1611881,TH,76,,16.34147,100.79317,,Phetchabun,,,Wang Pong,Wang Pong,"Amphoe Wang Pong,Ban Wang Paung,Ban Wang Pong (1),King Amphoe Wang Pong,Wang Pong,wang pong,วังโป่ง",0,67240
1152765,TH,58,,18.82958,97.93347,,Mae Hong Son,,,Khun Yuam,Khun Yuam,"Amphoe Khun Yuam,Ban Khun Yuam,Khun Yuam,Mong Kum Yuam,Möng Kum Yuam,khunywm,ขุนยวม",0,58140
1611183,TH,80,,8.16936,100.14469,,Nakhon Sie Thammarat,,,Chian Yai,Chian Yai,"Amphoe Chian Yai,Chian Yai,King Amphoe Chian Yai,เชียรใหญ่",0,80190
8231268,TH,55,,19.30975,100.86311,,Nan,,,Song Khaew,Ban Ratchada Song,"Ban Ratchada Song,ban rachda sxng,บ้านรัชดา สอง",0,55160
1608028,TH,93,,7.34219,100.31747,,Phatthalung,,,Pak Phayun,Pak Phayun,"Amphoe Pak Phayun,Amphoe Taksin,Ban Laem Fat,Ban Pak Phayun,Pak Pa Yun,Pak Phayum,Pak Phayun,ban pakphayun,pakphayun,บ้านปากพะยูน,ปากพะยูน",0,93120
1603360,TH,46,,16.60231,103.22272,,Kalasin,,,Huai Mek,Ban Huai Mek,"Ban Huai Mek,ban hwymek,บ้านห้วยเม็ก",0,46170
1606530,TH,18,,15.04733,100.16178,,Chainat,,,Sankhaburi,Sankhaburi,"Amphoe San Buri,Amphoe Sankhaburi,Amphoe Sarn Buri,Ban Na Phra Lan,Na Phra Lan,San Buri,Sankhaburi,Sarn Buri,srrkhburi,สรรคบุรี",0,17140
1119287,TH,81,,8.07228,99.29225,,Krabi,,,Lam Thap,Lam Thap,"Amphoe Lam Thap,Ban Lam Thap,King Amphoe Lam Thap,Lam Thap,la thab,ลำทับ",0,81120
1606323,TH,39,,16.96705,102.27607,,Non Bua Lam Phu,,,Si Bun Ruang,Si Bun Rueang,"Amphoe Si Bun Ruang,King Amphoe Si Bun Rueang,Si Bun Ruang,Si Bun Rueang,sribuyreuxng,ศรีบุญเรือง",12842,39180
8539848,TH,52,,18.70092,99.56717,,Lampang,,,Chae Hom,Ban Chae Hom,"Ban Chae Hom,ban cæhm,บ้านแจ้ห่ม",0,52120
1619498,TH,24,,13.72144,101.20814,,Chachoengsao,,,Bang Khla,Bang Khla,"Amphoe Bang Khla,Ban Bang Khla,Bang Gla,Bang Khla,Bāng Glā,bangkhla,บางคล้า",13528,24110
6957690,TH,10,,13.72341,100.78436,,Bangkok,,,Lat Krabang,Lat Krabang,"Amphoe Lat Kabang,Amphoe Lat Krabang,Khet Lat Krabang,Lartkrabang,Lat Kabang,Lat Kabing,Lat Krabang,ladkrabang,ลาดกระบัง",0,10520
1152377,TH,60,,15.751,99.78925,,Nakhon Sawan,,,Lat Yao,Lat Yao,"Amphoe Lat Yao,Ban Lad Yao,Ban Lat Yao,Ban Lat Yau,Bān Lād Yao,Bān Lāt Yāu,Lat Yao,ladyaw,ลาดยาว",17506,60150
1608239,TH,19,,14.34062,100.86733,,Saraburi,,,Nong Khae,Nong Khae,"Amphoe Nong Khae,Ban Na Roeng,Hnohng Ga,Hnōhng Gā,Na Roeng,Naung Khae,Nong Khae,หนองแค",41067,18140
1609219,TH,13,,13.93226,100.74937,,Pathum Thani,,,Lam Luk Ka,Lam Luk Ka,"Amphoe Lam Luk Ka,Ban Lam Luk Ka,Lam Luk Ka,Luk Ka,Lūk Ka,lalukka,ลำลูกกา",0,12150
1117514,TH,84,,9.10511,99.41408,,Surat Thani,,,Ban Ta Khun,Ban Thap Thon,"Ban Thap Sathon,Ban Thap Thon,ban thab thx n,บ้านทับท้อน",0,84230
1607782,TH,10,,13.71466,100.43691,,Bangkok,,,Phasi Charoen,Phasi Charoen,"Amphoe Phasi Charoen,Bhasi Chareun,Paseecharoen,Phasi Charoen,ภาษีเจริญ",0,10160
1152217,TH,58,,18.38181,97.94372,,Mae Hong Son,,,Mae La Noi,Mae La Noi,"Ban Mae La Noi,Ban Mae Na Loi,Ban Melanoy,King Amphoe Mae La Noi,Mae La Noi,Melanoi,Mēlānoi,บ้านแม่ลาน้อย,แม่ลาน้อย",0,58120
1604870,TH,95,,6.53995,101.28128,,Yala,,,Muang Yala,Yala,"Amphoe Mueang Yala,Amphoe Yala,Ban Yala,Changwat Yala,Jala,Muang Yala,Mueang Yala,Yala,yala,Яла,ยะลา",93558,95000
1605490,TH,60,,15.64218,100.47839,,Nakhon Sawan,,,Tha Tako,Tha Tako,"Amphoe Tha Tako,Tha Tako,thatako,ท่าตะโก",0,60160
8365404,TH,76,,13.04594,99.92414,,Phetchaburi,,,Ban Lat,Ban Pa,"Ban Pa,ban pa,บ้านป่า",0,76150
1599326,TH,90,,6.86686,100.95908,,Songkhla,,,Thepha,Ban Pak Bang Thepha,"Ban Pak Bang Thepha,ban pak bang thepha,บ้านปากบางเทพา",0,90150
1620736,TH,14,,14.45,100.55,,Phranakhon Si Ayutthaya,,,Bang Pahan,Ban Bang Pahan,"Ban Bang Pahan,Nakhon Nai",0,13220
9001431,TH,40,,16.54258,102.09097,,Khon Kaen,,,Chum Phae,Ban Kut Chum Phae,"Ban Kut Chum Phae,ban kudchum phæ,บ้านกุดชุมแพ",0,40130
1607251,TH,33,,14.85672,104.03981,,Sisaket,,,Prang Ku,Prang Ku,"Amphoe Prang Ku,Ban Tom,Ban Tum,King Amphoe Prang Ku,Prang Ku,prangkhku,ปรางค์กู่",0,33170
1611195,TH,55,,19.29378,100.86169,,Nan,,,Chiang Klang,Chiang Klang,"Amphoe Chiang Klang,Ban Chiang Klang,Chiang Klang,cheiyngklang,เชียงกลาง",13244,55160
1151446,TH,71,,14.13031,99.69858,,Khanchanaburi,,,Phanom Thuan,Phanom Thuan,"Amphoe Ban Thuan,Amphoe Nuea,Amphoe Phanom Thuan,Ban Thuan,Ban Tuan,Bandhuan,Bāndhūan,Phanom Thuan,phnmthwn,พนมทวน",12469,71140
1619602,TH,12,,13.91783,100.42403,,Nonthaburi,,,Bang Bua Thong,Bang Bua Thong,"Amphoe Bang Bua Thong,Bang Bua Thong,ban bangbawthxng,bangbawthxng,บางบัวทอง,บ้านบางบัวทอง",41567,11110
1608402,TH,90,,6.74192,100.69139,,Songkhla,,,Na Thawi,Na Thawi,"Amphoe Na Thawi,Ban Na Thawi,Ban Nadhawi,Ban Natawi,Chana,King Amphoe Chana,King Amphoe Na Thawi,King Amphoe Nadhawi,Na Tawi,Na Thawi,Nadhawk,Nawi,nathwi,นาทวี",0,90160
1156244,TH,84,,8.88361,99.31014,,Surat Thani,,,Ban Na Doem,Ban Na Doem,"Amphoe Ban Na Doem,Ban Na Doem,King Amphoe Ban Na Doem,bannadeim,บ้านนาเดิม",0,84240
1610185,TH,45,,15.65558,103.58361,,Roi Et,,,Kaset Wisai,Kaset Wisai,"Amphoe Kaset Wisai,Kaset Wisai,Nong Waeng,เกษตรวิสัย",18569,45150
9282761,TH,31,,15.00894,103.09058,,Burirum,,,Ban Kruat,Ban Chumhet,"Ban Chumhet,ban chum hed,บ้านชุมเห็ด",0,31180
1606316,TH,43,,17.95639,102.58667,,Nong Khai,,,Si Chiang Mai,Si Chiang Mai,"Amphoe Si Chiang Mai,Ban Chiang Mai,Ban Si Chiang Mai,Si Chiang Mai,Sri Chiang Mai,ศรีเชียงใหม่",14068,43130
1608424,TH,31,,14.6377,102.79138,,Burirum,,,Nang Rong,Nang Rong,"Amphoe Nang Rong,Ban Nang Rong,Mong Nang Rawng,Mueang Nang Rong,Muong Nang Rong,Möng Nang Rawng,Nang Raung,Nang Rong,nangrxng,นางรอง",21961,31110
1610943,TH,54,,17.98372,100.05217,,Phrae,,,Den Chai,Den Chai,"Amphoe Den Chai,Ban Den Chai,Den Chai,denchay,เด่นชัย",17019,54140
1617002,TH,13,,14.02458,100.41219,,Pathum Thani,,,Lat Lum Kaeo,Ban Khlong Lat Lum Kaeo,"Ban Khlong Lat Lum Kaeo,Ban Lat Lum Kaeo (1),Lat Lum Kaeo,บ้านคลองลาดหลุมแก้ว",0,12140
1620442,TH,20,,13.07147,101.00314,,Chonburi,,,Ban Bung,Ban Talat Bueng,"Ban Boeng,Ban Bung,Ban Talat Bueng,Boeng,ban tlad bung,บ้านตลาดบึง",26113,20170
1905151,TH,94,,6.77278,101.31333,,Pattani,,,Yarang,Yarang,,0,94160
1120163,TH,72,,14.81697,99.69981,,Suphanburi,,,Dan Chang,Ban Dan Chang,"Ban Dan Chang,ban danchang,บ้านด่านช้าง",0,72180
1158412,TH,81,,8.37803,98.72117,,Krabi,,,Ao Luk,Ao Luek,"Amphoe Ao Luek,Amphoe Ao Luk,Ao Loek,Ao Loek Tai,Ao Luek,Ao Luk,Ban Ao Luk Tai,Ban Auluek,xawluk,อ่าวลึก",9628,81110
1610652,TH,30,,14.99701,102.64746,,Nakhon Ratchasima,,,Huai Thalaeng,Huai Thalaeng,"Amphoe Huai Thalaeng,Ban Huai Thalaeng,Huai Thalaeng,King Amphoe Huai Thalaeng,Tambon Huai Thalaeng,ห้วยแถลง",0,30240
1611492,TH,30,,15.58552,102.42587,,Nakhon Ratchasima,,,Bua Lai,Bua Yai,"Amphoe Bua Yai,Bua Yai,Dan Nok,บัวใหญ่",16832,30120
1611492,TH,30,,15.58552,102.42587,,Nakhon Ratchasima,,,Bua Yai,Bua Yai,"Amphoe Bua Yai,Bua Yai,Dan Nok,บัวใหญ่",16832,30120
8413709,TH,64,,17.00731,99.70744,,Sukhothai,,,Ban Dan Lan Hoi,Ban Chetuphon,"Ban Chetuphon,ban che tu phn,บ้านเชตุพน",0,64140
1156005,TH,92,,7.56528,99.68442,,Trang,,,Na Yong,Ban Na Yong Tai,"Ban Na Yong Tai,Ban Na Yong Tai (1),บ้านนาโยงใต้",0,92170
1607801,TH,24,,13.74872,101.34888,,Chachoengsao,,,Phanom Sarakham,Phanom Sarakham,"Amphoe Phanom Sarakham,Amphu Panom Sarakam,Ban Phanom Sarakham,Bhanom Saragam,PMM,Phanom Sarakham,phnmsarkham,พนมสารคาม",16057,24120
1614240,TH,24,,13.59864,101.07956,,Chachoengsao,,,Ban Pho,Ban Pho,"Ampho Ban Pho,Amphoe Khao Din,Amphoe Sanam Chan,Ban Pho,Banbho,Bānbhō,banphothi,บ้านโพธิ์",0,24140
1607752,TH,60,,15.45525,100.13533,,Nakhon Sawan,,,Phayuha Khiri,Phayuha Khiri,"Amphoe Bhayuha Giri,Amphoe Peiyua Kiri,Amphoe Phayuhakhiri,Ban Phayu Dean,Ban Phayuhadaen,Bhayuha Giri,Payuha,Phayu Daen,Phayu Kiri,Phayua Khiri,Phayuha Khiri,phyuhakhiri,พยุหะคีรี",12271,60130
1609879,TH,10,,13.73086,100.50903,,Bangkok,,,Khlong San,Khlong San,"Amphoe Khlong San,Khlong San,khlxngsan,คลองสาน",0,10600
1605092,TH,65,,16.82458,100.42936,,Phitsanulok,,,Wang Thong,Wang Thong,"Amphoe Wang Thong,Ban Wang Thaung,Bān Wang Thaung,Nakhon Pa Mak,Pa Mak,Pahmak,Pāhmāk,Wang Thaung,Wang Thong,wangthxng,วังทอง",0,65130
1607716,TH,30,,15.22324,102.49473,,Nakhon Ratchasima,,,Phimai,Phimai,"Amphoe Muang Phimai,Amphoe Phimai,Ban Nai Muang,Ban Nai Wiang,Moeang Bhimai,Moeang Bhimaj,Muang Phimai,Muang Pi Mai,Muang Pi Me,Nai Muang,Phimai,Pi Mai,Vimai,Vimayapura,phimay,พิมาย",13084,30110
1595865,TH,44,,15.71668,103.22781,,Maha Sarakham,,,Na Dun,Na Dun,"Amphoe Na Dun,King Amphoe Na Dun,Na Dun,nadun,นาดูน",0,44180
1610800,TH,18,,14.98122,100.0147,,Chainat,,,Hankha,Hankha,"Amphoe Hankha,Ban Han Kha,Ban Handa,Doem Bang Kao,Hankha,hankha,หันคา",0,17130
8761069,TH,31,,13.91278,102.01597,,Burirum,,,Ban Dan,Ban Noen Sa-nga,"Ban Noen Sa-nga,ban nein snga,บ้านเนินสง่า",0,31000
1608415,TH,31,,15.64113,102.95462,,Burirum,,,Na Pho,Na Pho,"Amphoe Na Pho,King Amphoe Na Pho,Na Pho,na phothi,นาโพธิ์",0,31230
6987544,TH,96,,5.93689,101.77942,,Narathiwat,,,Sukhirin,Ban Nikhom Sang Ton-eng Sukhirin,"Ban Nikhom Sang Ton-eng Sukhirin,ban nikhmsrangtnxeng sukhirin,บ้านนิคมสร้างตนเองสุคิริน",0,96190
8460631,TH,39,,17.05011,102.35178,,Non Bua Lam Phu,,,Muang Nong Bua Lam Phu,Ban Nong Saeng,"Ban Nong Saeng,ban hnxng sæng,บ้านหนองแสง",0,39000
1152322,TH,54,,18.07422,99.83073,,Phrae,,,Long,Long,"Amphoe Laung,Amphoe Long,Amphoe Moeang Lohng,Amphoe Muang Long,Ban Huai Au,Ban Huai O,Ban Huai Oh,Huai Au,Huaioh,Hui Oh,Hūaioh,Long,Muang Laung,Muang Long,lxng,ลอง",11802,54150
1117816,TH,92,,7.32714,99.80327,,Trang,,,Palian,Ban Sam Yaek Palian,,0,92120
1606017,TH,45,,15.60348,103.80207,,Roi Et,,,Suwannaphum,Suwannaphum,"Amphoe Suwanapum,Amphoe Suwannaphum,Amphoe Suwannphum,Amphoe Suwarnbhum,Ban Sa Khu,Ban Sra Ku,King Amphoe Suwannaphum,Muang Suvanapum,Sa Khu,Souodnapoum,Souvanapoum,Suvanapum,Suwannaphum,Suwanphum,suwrrnphumi,สุวรรณภูมิ",12221,45130
1609610,TH,21,,12.77972,101.64831,,Rayong,,,Klaeng,Klaeng,"Amphoe Klaeng,Ban Sam Yan,Ban Thang Kwian,Klaeng,Kleng,Klēng,Mueang Klaeng,Thang Kwian,ต.แกลง,แกลง",55619,21110
1607284,TH,25,,14.06442,101.51503,,Prachinburi,,,Prachantakham,Prachantakham,"Amphoe Prachantakham,Ban Kob Chae,Ban Prachantakham,Mueang Prachantakham,Prachan Tagam,Prachan Tagām,Prachantakham,pracantkham,ประจันตคาม",0,25130
1608267,TH,36,,15.75314,101.76396,,Chaiyaphum,,,Nong Bua Rawe,Nong Bua Rawe,"Amphoe Nong Bua Rawe,Ban Naun Rawiang,Ban Non Rawiang,Ban Nong Bua Rawe,Bān Naun Rawiang,King Amphoe Nong Bua Rawe,Non Rawiang,Nong Bua Rawe,Nong Buaraheo,hnxngbaw ra hew,หนองบัวระเหว",0,36250
1608418,TH,55,,18.32639,100.71417,,Nan,,,Na Noi,Na Noi,"Amphoe Na Noi,Ban Na Noi,Na Noi,nanxy,นาน้อย",0,55150
1614455,TH,40,,16.05997,102.73097,,Khon Kaen,,,Ban Phai,Ban Phai,"Amphoe Ban Phai,Ban Keng,Ban Phai,King Amphoe Ban Phai,banphi,บ้านไผ่",35583,40110
1614455,TH,40,,16.05997,102.73097,,Khon Kaen,,,Ban Had,Ban Phai,"Amphoe Ban Phai,Ban Keng,Ban Phai,King Amphoe Ban Phai,banphi,บ้านไผ่",35583,40110
1151848,TH,52,,18.75678,99.97814,,Lampang,,,Ngao,Ngao,"Amphoe Moeang Ngao,Amphoe Muang Gao,Amphoe Muang Ngao,Amphoe Ngao,Ban Amphoe Ngao,Ban Hluang Hnoea,Ban Luang Nua,Ban Luang Nuah,Luang Nua,Muang Ngad,Muang Ngao,Muang Ngau,Ngao,ngaw,งาว",0,52110
1606291,TH,25,,13.96597,101.51303,,Prachinburi,,,Si Maha Phot,Si Maha Phot,"Amphoe Si Maha Phot,Ban Tha Prachum Chon,Si Maha Phot,Srimahabhot,Srimahapho,Srimahābhot,Tha Prachumchon,srimhaphothi,ศรีมหาโพธิ",0,25140
1607097,TH,95,,6.47862,101.42414,,Yala,,,Raman,Raman,"Amphoe Kotabaru,Amphoe Raman,Ban Kauta Baru,Ban Kauta Bāru,Ban Kota Baru,Kota Baru,Kota Bharu,Raman,Reman,raman,รามัน",0,95140
1608452,TH,55,,18.78378,100.77899,,Nan,,,Muang Nan,Nan,"Amphoe Muang Nam,Amphoe Mueang Nam,Ban Muang Nan,Changwat Muang Nan,Changwat Nan,Changwat Nana,Muang Nan,Mueang Nan,NNT,Nagor Nan,Nan,Nanas,nan,thesbal meuxng nan,Нан,نان، تھائی لینڈ,น่าน,เทศบาลเมืองน่าน,ནཱན་གྲོང་ཁྱེར།,난",24670,55000
1608857,TH,94,,6.60975,101.66686,,Pattani,,,Mai Kaen,Mai Kaen,"Amphoe Mai Kaen,Ban Mai Kaen,Ban Maiken,King Amphoe Mai Kaen,Mai Kaen,ไม้แก่น",0,94220
1619369,TH,14,,14.22783,100.57589,,Phranakhon Si Ayutthaya,,,Bang Pa-In,Bang Pa-in,"Amphoe Bang Pa-In,Amphoe Phra Ratchawang,Ban Ko Bang Pa-in,Ban Len,Bang Pa-in,Khwaeng U Thai,bangpaxin,บางปะอิน",20484,13160
1606167,TH,54,,18.47204,100.18346,,Phrae,,,Song,Song,"Amphoe Song,Ban Glang,Ban Klang,Bān Glāng,Mueang Song,Song,sxng,สอง",0,54120
7510923,TH,25,,13.8878,101.40501,,Prachinburi,,,Si Mahosot,Si Mahosot,"Amphoe Khok Pip,Amphoe Si Mahosot,King Amphoe Khok Pip,Si Mahosot,sri mhosth,ศรีมโหสถ",0,25190
8036889,TH,49,,16.36536,104.57114,,Mukdahan,,,Nikhom Kham Soi,Ban Kham Chiang Sa,"Ban Kham Chiang Sa,ban kha cheiyng sa,บ้านคำเชียงสา",0,49130
1152919,TH,76,,13.24025,99.82428,,Phetchaburi,,,Khao Yoi,Khao Yoi,"Amphoe Huai Luang,Amphoe Khao Yoi,Khao Yoi,kheayxy,เขาย้อย",18506,76140
1609141,TH,14,,14.16572,100.30789,,Phranakhon Si Ayutthaya,,,Lat Bua Luang,Lat Bua Luang,"Amphoe Lat Bua Luang,Ban Khlong Phraya Ban,Ban Khlong Phraya Banru,Ban Klong Phya Banroe,Ban Lat Bua Luang,Khlong Phraya Banlu,King Amphoe Lat Bua Luang,Lat Bua Luang,ladbawhlwng,ลาดบัวหลวง",0,13230
1614260,TH,31,,14.71269,102.14178,,Burirum,,,Ban Phlapphla,Ban Phlapphla,"Ban Phlapphla,ban phlabphla,บ้านพลับพลา",0,31250
1150844,TH,71,,14.11899,99.142,,Khanchanaburi,,,Sai Yok,Sai Yok,"Amphoe Sai Yok,Ban Wang Pho,King Amphoe Sai Yok,Nam Tok Sai Yok,Sai Yok,thiryokh,ไทรโยค",0,71150
1152679,TH,52,,18.19225,99.39433,,Lampang,,,Ko Kha,Ko Kha,"Amphoe Ko Kha,Ban Go Ka,Ban Ko Kha,Ban Koknar,Bān Go Ka,Kau Kha,Ko Kha,Kohga,keaakha,เกาะคา",0,52130
1606350,TH,47,,17.47531,103.45753,,Sakon Nakhon,,,Sawang Daen Din,Sawang Daen Din,"Amphoe Sawang Daen Din,Ban Han,Mueang Sawang Daen Din,Sawang Daen Din,Sawang Din Daen,สว่างแดนดิน",16825,47110
1120449,TH,50,,19.11712,98.94176,,Chiang Mai,,,Mae Taeng,Mae Taeng,"Mae Taeng,แม่แตง",0,50150
1157725,TH,75,,13.46906,99.94021,,Samut Songkhram,,,Bang Khonthi,Bang Khon Thi,"Amphoe Bang Khon Thi,Amphoe Si Muen,Ban Bang Khonthi,Bang Khon Thi,Banggondhi,Bānggondhi,bangkhnthi,บางคนที",0,75120
1607418,TH,40,,16.65259,102.37555,,Khon Kaen,,,Phu Wiang,Phu Wiang,"Amphoe Bhuwieng,Amphoe Phu Wiang,Ban Nai Muang,Muang Pou Vieng,Muang Pu Wieng,Nai Muang,Phu Wiang,Pou Vieng,phuweiyng,ภูเวียง",0,40150
1608177,TH,40,,16.49333,102.43339,,Khon Kaen,,,Nong Rua,Nong Ruea,"Amphoe Nong Ruea,Ban Nong Rua,King Amphoe Nong Ruea,Nong Rua,Nong Ruea,hnxngreux,หนองเรือ",0,40210
1152876,TH,64,,16.83333,99.8,,Sukhothai,,,Khiri Mat,Khiri Mat,"Amphoe Khiri Mat,Khiri Mat,khirimas,คีรีมาศ",11272,64160
1608191,TH,76,,15.99025,101.06183,,Phetchabun,,,Nong Phai,Nong Phai,"Amphoe Nong Phai,Ban Nong Phai,King Amphoe Nong Phai,Nong Phai,hnxngphi,หนองไผ่",27756,67140
1153079,TH,84,,9.16611,99.47014,,Surat Thani,,,Kanchanadit,Kanchanadit,"Amphoe Kanchanadit,Ban Kanchanadit,Ban Kradae,Ban Kradek,Kanchanadit,Kradek,Mueang Kanchanadit,Thathong,กาญจนดิษฐ์",0,84160
1608286,TH,60,,15.86458,100.58581,,Nakhon Sawan,,,Nong Bua,Nong Bua,"Amphoe Nong Bua,Ban Naung Bua,Ban Nong Bua,Bān Naung Bua,Naung Bua,Nong Bua,hnxngbaw,หนองบัว",14160,60110
8541411,TH,64,,16.93489,99.95978,,Sukhothai,,,Kong Krailat,Ban Kong,"Ban Kong,ban kng,บ้านกง",0,64170
1605509,TH,14,,14.56739,100.72598,,Phranakhon Si Ayutthaya,,,Tha Rua,Tha Ruea,"Amphoe Nakhon Noi,Amphoe Tha Rua,Ban Tah Roea,Ban Tha Rua,Dha Roea,Dhā Roēa,Tha Rha,Tha Rua,Tha Ruea,thareux,ท่าเรือ",19116,13130
1608539,TH,26,,14.20463,101.21295,,Nakhon Nayok,,,Muang Nakhon Nayok,Nakhon Nayok,"Amphoe Muang Nakhon Nayok,Amphoe Nakhon Nayok,Changwat Nakhon Nayok,Muang Nagorn Nayok,Muang Nakawn Nayok,Muang Nakhon Nayok,Mueang Lablae,Mueang Nakhon Nayok,Nagorn Nayok,Nakaunnayok,Nakaunnoyok,Nakhaun Nayok,Nakhon Nauok,Nakhon Nayok,Nakon Nayok,Nayok,nkhrnayk,นครนายก",21309,26000
1610510,TH,44,,16.02397,103.38444,,Maha Sarakham,,,Kae Dam,Kae Dam,"Amphoe Kae Dam,Kae Dam,King Amphoe Kae Dam,แกดำ",0,44190
1619630,TH,40,,16.45331,102.63892,,Khon Kaen,,,Ban Fang,Ban Fang,"Ban Fang,King Amphoe Ban Fang,banfang,บ้านฝาง",0,40270
1608142,TH,33,,14.91666,104.72522,,Sisaket,,,Non Khun,Non Kho,"Amphoe Non Khun,King Amphoe Non Khun,Non Kho,Non Khun,non khun,non khx,โนนคูณ,โนนค้อ",0,33250
1151730,TH,61,,15.39147,99.84147,,Uthai Thani,,,Nong Chang,Nong Chang,"Amphoe Nong Chang,Ban Naung Chang,Ban Nong Chang,Ban Uthai Kao,Bān Naung Chāng,Hnohngshang,Hnōhngshāng,Naung Chang,Nong Chang,Uthai Kao,hnxngchang,หนองฉาง",0,61110
1609258,TH,31,,14.41142,102.85936,,Burirum,,,Lahan Sai,Lahan Sai,"Amphoe Lahan Sai,Ban Lahan Sai,Ban Laharn Sai,King Amphoe Lahan Sai,Lahan Sai,lahanthray,ละหานทราย",0,31170
8538879,TH,57,,19.37189,99.50339,,Chiang Rai,,,Wiang Pa Pao,Ban Hua Wiang,"Ban Hua Wiang,ban haw weiyng,บ้านหัวเวียง",0,57170
1607508,TH,11,,13.65855,100.53362,,Samut Prakan,,,Phra Pradaeng,Phra Pradaeng,"Amphoe Bhra Pradeng,Amphoe Bhra Pradēng,Amphoe Phra Padaeng,Amphoe Phra Pradaeng,Bhra Pradeng,Khoan Khan,Muang Nagorn Khoean Khan,Muang Nakawn Khoan Khan,Muang Nakhon Khaun Khan,Muang Nakhon Khuan Khan,Nakhon Khuan Khan,Nakhon Khuen Khan,Phra Pradaeng,purapuraden jun,พระประแดง,อำเภอพระประแดง,プラプラデーン郡",171333,10130
1617171,TH,23,,12.17119,102.43806,,Trat,,,Laem Ngob,Ban Laem Thong Lang,"Ban Laem Thong Lang,บ้านแหลมทองหลาง",0,23120
1150089,TH,64,,17.32106,99.56092,,Sukhothai,,,Thung Saliam,Thung Saliam,"Amphoe Thung Saliam,Ban Thung Saliam,Ban Thung Salian,Ban Thung Saliyan,Bān Thung Saliyan,Dhungsaliem,Dhungsaliēm,King Amphoe Thung Saliam,Thung Saliam,Thung Salian,thungseliym,ทุ่งเสลี่ยม",0,64150
1595679,TH,46,,16.65,103.3,,Kalasin,,,Nong Kung Si,Nong Kung Si,,17001,46220
1604297,TH,76,,15.78306,101.03083,,Phetchabun,,,Bung Sam Phan,Ban Bung Sam Phan Nai,,0,67160
1607424,TH,42,,17.4538,101.36231,,Loei,,,Phu Rua,Phu Ruea,"Amphoe Phu Rua,King Amphoe Phu Rua,Phu Rua,Phu Ruea,phureux,ภูเรือ",0,42160
1619532,TH,10,,13.7653,100.647,,Bangkok,,,Bang Kapi,Bang Kapi,"Amphoe Bang Kapi,Bang Kapi,bang ka pi,บางกะปี",0,10240
8208401,TH,77,,11.20461,99.51756,,Prachuap Khirikhan,,,Bang Saphan,Ban Bang A,"Ban Bang A,ban ba ngxa,บ้านบางอะ",0,77140
1153427,TH,50,,19.91689,99.2145,,Chiang Mai,,,Fang,Fang,"Amphoe Fang,Amphoe Moeang Bhang,Amphoe Moeangfhang,Amphoe Muang Fang,Ban Nai Wiang,Fang,Fhang,Fhāng,Moeang Fhang,Muang Fang,Muang Pang,fang,Фанг,ฝาง",7635,50110
1619415,TH,73,,14.02188,100.17183,,Nakhon Pathom,,,Bang Len,Bang Len,"Amphoe Bang Len,Amphoe Bang Phai Nat,Amphoe Bang Pla,Ban Bang Len,Bang Len,banglen,บางเลน",17914,73130
8320542,TH,,,15.64608,105.23233,,Na Tan,,,Na Year,Ban Na Charoen,"Ban Na Charoen,banna ceriy,บ้านนาเจริญ",0,34160
1610225,TH,33,,15.10323,104.57343,,Sisaket,,,Kanthararom,Kanthararom,"Amphoe Kanthararom,Kanthararom,Uthai Sisaket,kanthrarmy,กันทรารมย์",0,33130
1941203,TH,94,,6.68194,101.27139,,Pattani,,,Mae Lan,Mae Lan,"King Amphoe Mae Lan,Mae Lan",0,94180
7677569,TH,47,,17.85345,103.57897,,Sakon Nakhon,,,Ban Muang,Ban Pho Sila,"Ban Pho Sila,banphothi sila,บ้านโพธิ์ศิลา",0,47140
8370347,TH,36,,15.76947,101.91639,,Chaiyaphum,,,Ban Khwao,Ban Burapha,"Ban Burapha,ban burpha,บ้านบูรพา",0,36170
1608457,TH,55,,18.18931,100.66047,,Nan,,,Na Mun,Na Muen,"Amphoe Na Muen,Ban Na Lak Meun,Ban Na Lak Mun,Bān Na Lak Meun,King Amphoe Na Muen,Na Muen,Na Mun,na hmun,นาหมื่น",0,55180
1616658,TH,19,,14.61544,100.72731,,Saraburi,,,Ban Mo,Ban Mo,"Amphoe Ban Mo,Ban Mo,banhmx,บ้านหมอ",15959,18130
1153807,TH,76,,12.8,99.96667,,Phetchaburi,,,Cha-Am,Cha-am,"Amphoe Cha-am,Amphoe Na Yang,Amphoe Nong Chok,Ban Chaam,Cha-am,Sha-am,chaxa,Ча-ам,ชะอำ",49375,76120
1608007,TH,94,,6.86192,101.49103,,Pattani,,,Panare,Panare,"Amphoe Panare,Ban Panare,Pa Na Le,Pak Narek,Panare,Pata Tare,Penarik,panarea,ปะนาเระ",0,94130
1607479,TH,40,,16.3293,102.65182,,Khon Kaen,,,Phra Yun,Phra Yuen,"Amphoe Phra Yuen,Ban Phra Yun,King Amphoe Phra Yuen,Phra Yuen,Phra Yun,phrayun,พระยืน",0,40320
7420598,TH,57,,19.90583,99.91592,,Chiang Rai,,,Wiang Kaen,Ban Wiang Nuea,"Ban Wiang Nuea,ban weiyng henux,บ้านเวียงเหนือ",0,57310
1607468,TH,65,,17.03352,100.2019,,Phitsanulok,,,Phrom Phiram,Phrom Phiram,"Amphoe Phrom Phiram,Ban Grap Phuang,Phrom Phiram,phrhmphiram,พรหมพิราม",0,65150
1608033,TH,80,,8.35109,100.20195,,Nakhon Sie Thammarat,,,Pak Phanang,Pak Phanang,"Amphoe Bia Sad,Amphoe Pak Phanang,Ban Pak Phanang,Ban Pakpenang,Pak Phanang,Pakpenang,Pākpenang,pakphnang,ปากพนัง",25014,80140
1620498,TH,48,,17.65437,104.21595,,Nakhon Phanom,,,Tha Songkhram,Ban Tha Bo,"Ban Bo Si Songkhram,Ban Tha Bo,Bo Si Songkhram,ban thabx,บ้านท่าบ่อ",0,48120
1150679,TH,86,,10.23333,99.08333,,Chumphon,,,Sawi,Sawi,"Ban Sawi,Ban Swi,Sawi",0,86130
1607439,TH,36,,16.3765,102.12853,,Chaiyaphum,,,Phu Khieo,Phu Khiao,"Amphoe Phu Khieo,Ban Phak Pang,Mueang Phu Khiao,Phak Pang,Pho Khieo,Phu Khiao,Phu Khieo,phukheiyw,ภูเขียว",17122,36110
9029845,TH,19,,14.71561,101.07394,,Saraburi,,,Wang Muang,Ban Wang Muang,"Ban Wang Muang,ban wang mwng,บ้านวังม่วง",0,18220
1606232,TH,48,,17.62745,104.25069,,Nakhon Phanom,,,Si Songkhram,Si Songkhram,"Amphoe Si Songkhram,Ban Pak Un,King Amphoe Akat Amnui,King Amphoe Si Songkhram,Si Songkhram,srisngkhram,ศรีสงคราม",0,48150
1619281,TH,17,,14.892,100.31728,,Singburi,,,Bang Rachan,Bang Racham,"Amphoe Bang Rachan,Amphoe Sing,Ban Sing,Ban Wang Wua,Bang Racham,Mueang Sing,bangracan,บางระจัน",15313,16130
1609395,TH,74,,13.6533,100.25972,,Samut Sakhon,,,Krathum Baen,Krathum Baen,"Amphor Kathum Baen,Ban Krathum Baen,Ban Talat Kathum Baen,Kathum Baen,Krathu Baen,Krathum Baen,Krathumban,Talat Kathum Baen,กระทุ่มแบน",72819,74110
1620919,TH,11,,13.58333,100.81667,,Samut Prakan,,,Bang Bo,Bang Bo District,"Bang Bo,bangbx,บางบ่อ",28376,10560
1156046,TH,84,,8.80036,99.36372,,Surat Thani,,,Ban Na San,Ban Na San,"Amphoe Ban Na,Ban Na San,Na Sau,Nasan,bannasar,บ้านนาสาร",21900,84120
1607980,TH,35,,15.83281,104.38673,,Yasothon,,,Pa Tiu,Pa Tio,"Amphoe Pa Tio,Amphoe Pa Tiu,Amphoe Tio,King Amphoe Pa Tio,Pa Tio,Pa Tiu,patiw,ป่าติ้ว",0,35150
8725532,TH,17,,14.75778,100.39358,,Singburi,,,Tha Chang,Ban Tha Hat,"Ban Tha Hat,ban tha had,บ้านท่าหาด",0,16140
1152843,TH,81,,7.9375,99.14457,,Krabi,,,Khlong Thom,Khlong Thom,"Amphoe Khlong Phon,Amphoe Khlong Thom,Ban Khlong Thom Tai,Khlaung Thaun,Khlaung Thun Tai,Khlong Thom,Tiwakan Kao,khlxngthxm,คลองท่อม",0,81120
1613534,TH,72,,14.74219,100.09531,,Suphanburi,,,Sam Chuk,Ban Sam Chuk,"Ban Sam Chuk,Ban Sam Jok,Bān Sām Jok,ban samchuk,บ้านสามชุก",13438,72130
1151340,TH,70,,13.69234,99.84969,,Ratchaburi,,,Photharam,Photharam,"Amphoe Photharam,Amphu Po Ta-ram,Ban Photharam,Bhodharam,Bhōdhārām,Kwaeng Photharam,Photharam,Pkhotkharam,photharam,Пхотхарам,โพธาราม",36248,70120
1154663,TH,82,,8.83333,98.36667,,Phang Nga,,,Takua Pa,Ban Talat Takua Pa,"Amphoe Takua Pa,Ban Talat Nua,Ban Talat Takua Pa,Ban Talat Yai,Takua Pa,Talat Yai",0,82110
1152186,TH,57,,19.65633,99.54367,,Chiang Rai,,,Mae Suai,Mae Suai,"Amphoe Mae Suai,Ban Mae Suai,Ban Mea Suai,Ban Mesrewy,Bān Mea Suai,Mae Suai,Mae Suai Muang Pok,Mesuai,Mēsūai,แม่สรวย",0,57180
1155139,TH,70,,13.81629,99.87739,,Ratchaburi,,,Ban Pong,Ban Pong,"Amphoe Ban Pong,Ban Pong,Pan-pong,banpong,Пан-понг,บ้านโป่ง",57559,70110
1606630,TH,,,13.6516,100.59215,,Na Tan,,,Samrong,Samrong,"Samrong,sarong,สำโรง",0,34360
1610093,TH,49,,16.57764,104.41956,,Mukdahan,,,Khamcha-I,Khamcha-i,"Amphoe Kham Cha-i,Ban Nam Thiang,Khamcha-i,King Amphoe Khamcha-i,khachaxi,คำชะอี",0,49110
1611231,TH,80,,7.96773,99.99985,,Nakhon Sie Thammarat,,,Cha-uat,Cha-uat,"Amphoe Cha-uat,Ban Cha Uat,Cha-uat,King Amphoe Cha-uat,chaxwd,ชะอวด",0,80180
1150275,TH,71,,13.9,99.76667,,Khanchanaburi,,,Tha Maka,Tha Maka,"Amphoe Tha Maka,Tha Maka",52907,71120
1154329,TH,51,,18.00301,99.0278,,Lamphun,,,Thung Hua Chang,Thung Hua Chang,"Amphoe Thung Hua Chang,Ban Thung Hua Chang,Ban Tung Hua Chang,Dhunghuajang,Dhunghūajāng,King Amphoe Thung Hua Chang,Thung Hua Chang,thunghawchang,ทุ่งหัวช้าง",0,51160
1158432,TH,75,,13.42436,99.95688,,Samut Songkhram,,,Amphawa,Amphawa,"Ambhawa,Amphawa,Amphoe Amphawa,Ban Amphawa,Khwaeng Bang Chang,xamphwa,อัมพวา",0,75110
9285608,TH,31,,14.84031,102.73167,,Burirum,,,Nong Hong,Ban Mai Nong Sam,"Ban Mai Nong Sam,ban hım hnxng sam,บ้านใหม่หนองสาม",0,31240
1153278,TH,50,,18.19317,98.61039,,Chiang Mai,,,Hot,Hot,"Amphoe Hoht,Amphoe Hot,Ban Muang Haut,Ban Muang Hawt,Ban Muang Hot,Hohd,Hot,Hōhd,Moeang Hohd,Muang Haut,Muang Hawt,Muang Hot,hxd,ฮอด",0,50240
1606283,TH,,,15.49315,105.27624,,Na Tan,,,Si Muang Mai,Si Mueang Mai,"Amphoe Si Muang Mai,Amphoe Suwan Warin,Khwaeng Mueang Khong Chiam,Si Muang Mai,Si Mueang Mai,ศรีเมืองใหม่",0,34250
9104705,TH,30,,14.69053,102.45256,,Nakhon Ratchasima,,,Nong Bunnak,Ban Nong Chan,"Ban Nong Chan,ban hnxng can,บ้านหนองจาน",0,30410
1150562,TH,52,,17.88053,99.337,,Lampang,,,Sop Prap,Sop Prap,"Amphoe Sop Prap,Amphu Sopwa,Ban Sob Prap,Ban Sop Prap,Bān Sob Prāp,King Amphoe Sop Prap,Sob Prap,Sobprab,Sobprah,Sop Prap,sbprab,สบปราบ",0,52170
1150246,TH,71,,13.96118,99.64122,,Khanchanaburi,,,Tha Muang,Tha Muang,"Amphoe Tai,Amphoe Tha Muang,Amphoe Wang Khanai,Ban Tha Muang,Tha Muang,Wang Kanai,Wang Khanai,thamwng,ท่าม่วง",26746,71110
1610650,TH,33,,15.05333,104.02754,,Sisaket,,,Huai Thap Than,Huai Thap Than,"Amphoe Huai Thap Than,Huai Thap Than,King Amphoe Huai Thap Than,hwythabthan,ห้วยทับทัน",0,33210
1153850,TH,71,,14.32517,99.51467,,Khanchanaburi,,,Bo Phloi,Bo Phloi,"Amphoe Bo Phloi,Ban Bo Phloi,Bo Phloi,King Bau Phloi,King Bo Phloi,bxphlxy,บ่อพลอย",16786,71160
1605742,TH,27,,14.00308,102.80541,,Sa Kaeo,,,Ta Phraya,Ta Phraya,"Amphoe Ta Phraya,Ban Ta Phaya,Ban Ta Phraya,King Amphoe Ta Phraya,Ta Phraya,Ta Phya,taphraya,ตาพระยา",0,27180
1606040,TH,30,,14.8992,101.82075,,Nakhon Ratchasima,,,Sung Noen,Sung Noen,"Amphoe Sung Noen,Ban Sung Noen,Sung Noen,sungnein,สูงเนิน",14365,30170
1606257,TH,72,,14.61992,100.14483,,Suphanburi,,,Si Prachan,Si Prachan,"Amphoe Si Prachan,Ban Si Prachan,Ban Sri Prachan,Si Prachan,Sri Pra Chan,sripracant,ศรีประจันต์",0,72140
1617852,TH,25,,13.89122,101.40031,,Prachinburi,,,Khok Pip,Ban Khok Pip,"Ban Khok Pip,Khok Pip,ban khokpib,บ้านโคกปีบ",0,25190
1153686,TH,80,,8.42614,99.50472,,Nakhon Sie Thammarat,,,Chawang,Chawang,"Amphoe Chawang,Ban Chawang,Ban Tambon Chawang,Chawang,chwang,ฉวาง",10923,80150
1609278,TH,22,,12.48164,102.07375,,Chanthaburi,,,Laem Sing,Laem Sing,"Amphoe Laem Sing,Amphoe Phlio,Laem Sing,Naiamphur,แหลมสิงห์",16066,22130
1618002,TH,53,,18.02614,101.06772,,Uttaradit,,,Ban Khok,Ban Khok,"Amphoe Ban Khok,Ban Khok,King Amphoe Ban Khok,ban khok,บ้านโคก",0,53180
1155548,TH,61,,15.372,99.84931,,Uthai Thani,,,Ban Rai,Ban Nong Yang,"Ban Naung Yang,Ban Nong Yang,Bān Naung Yāng,ban hnxng yang,บ้านหนองยาง",0,61140
8594125,TH,48,,17.96475,104.22433,,Nakhon Phanom,,,Ban Phaeng,Ban Don Phaeng,"Ban Don Phaeng,ban dxn phæng,บ้านดอนแพง",0,48140
1150651,TH,92,,7.57158,99.34494,,Trang,,,Sikao,Sikao,"Amphoe Sikao,Ban Sikao,Ban Siko,Sikao,sikea,สิเกา",0,92150
1605223,TH,14,,14.36278,100.67203,,Phranakhon Si Ayutthaya,,,Uthai,Uthai,"Amphoe U Thai,Amphoe Uthai Yai,Ban Utai,Ban Uthai,Udhai,Uthai,xuthay,อุทัย",0,13210
1610505,TH,36,,16.10864,102.25808,,Chaiyaphum,,,Kaeng Khro,Kaeng Khro,"Amphoe Kaeng Khlo,Amphoe Kaeng Khro,Kaeng Khlo,Kaeng Khro,แก้งคร้อ",29056,36150
1616636,TH,14,,14.40928,100.473,,Phranakhon Si Ayutthaya,,,Bang Ban,Ban Mon,"Ban Mon,ban mxy,บ้านมอญ",0,13250
1619976,TH,73,,13.86667,100.18333,,Nakhon Pathom,,,Don Tum,Ban Don Chedi,,0,73150
1152196,TH,50,,18.90953,98.94424,,Chiang Mai,,,Mae Rim,Mae Rim,"Amphoe Mae Rim,Amphoe Me Rim,Ban Mae Rim,Mae Rim Ta,Meh Rim",0,50180
1600452,TH,45,,16.71667,102.73333,,Roi Et,,,Chang Han,Ban Nong Han Chang,,0,45000
1607552,TH,54,,18.14589,100.14103,,Phrae,,,Muang Phrae,Phrae,"Amphoe Muang Phrae,Amphoe Mueang Phrae,Bhre,Changwat Muang Bhre,Changwat Muang Bhré,Changwat Muang Phrae,Changwat Phrae,Muang Bhre,Muang Phrae,Muang Pre,Mueang Phrae,PRH,Phrae,Phrea,Pkhrae,Prae,Pre,Пхрае,แพร่",38538,54000
1607984,TH,45,,15.6345,103.34325,,Roi Et,,,Pathum Rat,Pathum Rat,"Amphoe Pathum Rat,King Amphoe Pathum Rat,Pathum Rat,pthumratt,ปทุมรัตต์",0,45190
1619400,TH,66,,16.02781,100.37917,,Phichit,,,Bang Mun Nak,Bang Mun Nak,"Amphoe Bang Mun Nak,Amphoe Mueang Phum,Ban Bang Mun Nak,Ban Mun Nak,Bang Mun Nak,bangmulnak,บางมูลนาก",15616,66120
9107220,TH,30,,15.43939,102.33178,,Nakhon Ratchasima,,,Khong,Ban Khong Samakkhi,"Ban Khong Samakkhi,ban khng samakhkhi,บ้านคงสามัคคี",0,30260
1156643,TH,10,,14.3425,99.91531,,Bangkok,,,Lat Phrao,Ban Lat Phrao,"Ban Lat Phrao,banlad phraw,บ้านลาดพร้าว",0,10230
1610187,TH,36,,16.28053,101.95422,,Chaiyaphum,,,Kaset Sombun,Kaset Sombun,"Amphoe Kaset Sombun,Ban Yang,Kaset Sombun,King Amphoe Kaset Sombun,เกษตรสมบูรณ์",16996,36120
1150076,TH,80,,8.30119,99.36611,,Nakhon Sie Thammarat,,,Thung Yai,Thung Yai,"Amphoe Thung Yai,Ban Tha,Ban Tha Yang,King Amphoe Ku Rae,King Amphoe Tha Yang,King Amphoe Thung Song,King Amphoe Yang Thung Song,King Tha Yang,Tha Yang,Thung Sang,Thung Song,Thung Yai,ทุ่งใหญ่",0,80240
1151528,TH,51,,18.52617,98.93936,,Lamphun,,,Pa Sang,Pa Sang,"Amphoe Pa Sang,Ban Pa Sang,Pa Sang,pasang,ป่าซาง",15607,51120
1608053,TH,43,,18.30556,103.30441,,Nong Khai,,,Pak Khat,Pak Khat,"Amphoe Pak Khat,Ban Pak Khat,King Amphoe Pak Khat,Pak Khat,pak khad,ปากคาด",0,43190
8332658,TH,56,,19.30511,100.16408,,Phayao,,,Chun,Ban Chun Phatthana,"Ban Chun Phatthana,บ้านจุนพัฒนา",0,56150
1596869,TH,19,,14.58333,100.66667,,Saraburi,,,Don Phut,Don Phut,,0,18210
8164385,TH,63,,17.04114,99.05811,,Tak,,,Ban Tak,Ban Tak Tok,"Ban Tak Tok,bantak tk,บ้านตากตก",0,63120
1150490,TH,63,,16.86968,99.12898,,Tak,,,Muang Tak,Tak,"Amphoe Mueang Tak,Baheng,Ban Rahaeng,Ban Raheang,Changwat Tak,Muang Raheng,Muang Tak,Rahaeng,Rahaong,Raheng,TKT,Tak,Takas,Tark,tak,thesbal meuxng tak,ttag,Так,ตาก,เทศบาลเมืองตาก,딱",24149,63000
1607603,TH,45,,15.48797,103.99642,,Roi Et,,,Phon Sai,Phon Sai,"Amphoe Phon Sai,Ban Phon Sai,King Amphoe Phon Sai,Phon Sai,phonthray,โพนทราย",0,45240
8748232,TH,25,,14.00575,101.234,,Prachinburi,,,Ban Sang,Ban Mun Lek,"Ban Mun Lek,ban mul helk,บ้านมูลเหล็ก",0,25150
1153469,TH,50,,18.86942,99.14268,,Chiang Mai,,,Doi Saket,Doi Saket,"Amphoe Doi Saked,Amphoe Doi Saket,Amphoe Doy Saket,Doi Saket,Doi Sket,Jaeung Doi,Maung Ken,Muang Ken",0,50220
1155525,TH,81,,8.07143,98.99933,,Krabi,,,Nua Khlong,Nuea Khlong,"Amphoe Nuea Khlong,Ban Nua Khlong,King Amphoe Nuea Khlong,Nuea Khlong,henux khlxng,เหนือคลอง",12217,81130
1595455,TH,48,,17.45,104.45,,Nakhon Phanom,,,Phon Sawan,Phon Sawan,"Ban Phon Sawan,Phon Sawan",0,48190
1608258,TH,10,,13.85585,100.86216,,Bangkok,,,Nong Chok,Nong Chok,"Amphoe Nong Chok,Ban Nong Chok,Hnohng Chohk,Hnongchok,Hnōhng Chōhk,Naung Chauk,Nong Chok,hnxngcxk,หนองจอก",0,10530
1608273,TH,36,,16.07978,101.80225,,Chaiyaphum,,,Nong Bua Daeng,Nong Bua Daeng,"Amphoe Nong Bua Daeng,King Amphoe Nong Bua Daeng,Nong Bua Daeng,หนองบัวแดง",0,36210
1621035,TH,15,,14.58839,100.45283,,Ang Thong,,,Muang ANG THONG,Ang Thong,"Amphoe Bang Kaeo,Amphoe Muang Ang Thong,Ang Thaung,Ang Thong,Ang Thong - xangthxng,Ang Thong - อ่างทอง,Angdhohng,Ban Bang Kaeo,Bang Kaeo,Bang Keo,Changwat Ang Thong,Muang Ang Dhohng,Muang Ang Tawng,Muang Ang Thong,Muang Ang Ton,xangthxng,อ่างทอง",13738,14000
1606228,TH,76,,15.45214,101.06667,,Phetchabun,,,Si Thep,Si Thep,"Amphoe Si Thep,King Amphoe Si Thep,Si Thep,sritheph,ศรีเทพ",0,67170
1611324,TH,90,,6.91542,100.74039,,Songkhla,,,Chana,Chana,"Amphoe Ban Na,Amphoe Chana,Ban Banna,Ban Chana,Ban Na,Chana,Chanok,Jana,cana,จะนะ",0,90130
1611656,TH,57,,20.3,100.33333,,Chiang Rai,,,Doi Luang,Ban Yao Doi Luang (1),"Ban Yao Doi Luang (1),Doi Luang",0,57110
1607435,TH,42,,16.88425,101.88467,,Loei,,,Phu Kradung,Phu Kradueng,"Amphoe Phu Kradueng,Ban Wong Wian,King Amphoe Phu Kradueng,Phu Kradueng,Phu Kradung,phukradung,ภูกระดึง",16079,42180
1607606,TH,43,,18.02106,103.07664,,Nong Khai,,,Phon Phisai,Phon Phisai,"Amphoe Bhonbhisai,Amphoe Phon Phisai,Amphoe Pon Pi Sai,Ban Bom Nang,Ban Chum Phon,Ban Chumpol Muang,Chumphon,Muang Pon Pi Sai,Muang Ponpissay,Phon Phisai,Pon Pi Sal,Tiom Nang,phonphisay,โพนพิสัย",0,43120
1150681,TH,64,,17.31597,99.83186,,Sukhothai,,,Sawankhalok,Sawankhalok,"Amphoe Sawankhalok,Ban Wang Mai Kaun,Ban Wang Mai Khon,Changwat Muang Sawarngalok,Changwat Sawankhalok,Muang Savankulok,Muang Sawan Kalok,Muang Sawankalauk,Muang Sawarngalok,Mueang Sawankhalok,Mueang Wang Mai Khon,Sawankalauk,Sawankaloke,Sawankhalok,Sawankhalor,Sawarngalok,Swankalauk,Swankhalok,Wang Mai Kuan,swrrkhlok,สวรรคโลก",19805,64110
1606842,TH,35,,15.94495,104.20812,,Yasothon,,,Sai Mun,Sai Mun,"Amphoe Sai Mun,Ban Sai Mun,King Amphoe Sai Mun,Sai Mun,thraymul,ทรายมูล",0,35170
1150965,TH,85,,9.96583,98.63476,,Ranong,,,Muang Ranong,Ranong,"Amphoe Muang Ranong,Changwat Ranong,Muang Ra Nohng,Muang Ranawng,Muang Ranong,Ranaong,Ranaung,Ranawng,Ranohng,Ranong,Renawng,Renong,UNN,ranxng,Ранонг,ระนอง",24561,85000
1153671,TH,50,,18.79038,98.98468,,Chiang Mai,,,Muang Chiang Mai,Chiang Mai,"Amphoe Muang Chiang Mai,CNX,Changwat Chiang Mai,Chiang Mai,Chiang-Maj,Chiangmai,Chiengmai,Cziang Maj,Kiangmai,Muang Chieng Mai,Muang Jieng Hmai,Mueang Chiang Mai,Xieng Mai,Zimme,Zimmé,chiangmai,chienmai,qing mai,Чианг-Май,צ'אנג מאי,צ'יאנג מאי,เชียงใหม่,แม่ริม เชียงใหม่,チエンマイ,清迈,清邁,치앙마이",200952,50000
1608057,TH,30,,14.70802,101.41614,,Nakhon Ratchasima,,,Pak Chong,Pak Chong,"Amphoe Pak Chong,Ban Pak Chong,Ban Par Chong,King Amphoe Pak Chong,Pak Chong,Tambon Pak Chong,pakchxng,ปากช่อง",48999,30130
1948015,TH,30,,14.89944,101.70833,,Nakhon Ratchasima,,,Sikhiu,Amphoe Sikhiu,,28681,30140
1605024,TH,76,,15.65778,101.10603,,Phetchabun,,,Wichian Buri,Wichian Buri,"Amphoe Tha Rong,Amphoe Wichian,Amphoe Wichian Buri,Amphoe Wijiern,Ban Wichian,Tha Rong,Wi-jiern,Wi-jiērn,Wichian,Wichian Buri,wicheiyrburi,วิเชียรบุรี",39272,67130
1153634,TH,50,,18.41742,98.67428,,Chiang Mai,,,Chom Thong,Chom Thong,"Amphoe Chohm Dhohng,Amphoe Chom Thong,Amphoe Chomtong,Ban Hluang,Ban Luang,Ban Luang Chom Thong,Ban Som-Luang,Chaum Thaung,Chom Thong,Hluang,Jaum Thaung,cxmthxng,จอมทอง",12488,50160
1608026,TH,26,,14.16308,101.26886,,Nakhon Nayok,,,Pak Phli,Pak Phli,"Amphoe Bung Rai,Amphoe Khao Yai,Amphoe Nong Pho,Amphoe Pak Phli,Pak Phli,pakphli,ปากพลี",0,26130
1608174,TH,19,,14.49208,100.78431,,Saraburi,,,Nong Saeng,Nong Saeng,"Amphoe Nong Saeng,Ban Nong Saeng,King Amphoe Nong Saeng,Nong Saeng,หนองแซง",0,18170
1609990,TH,46,,16.70008,104.09019,,Kalasin,,,Khao Wong,Khao Wong,"Amphoe Khao Wong,Khao Wong,King Amphoe Khao Wong,kheawng,เขาวง",15184,46160
1152188,TH,63,,16.71667,98.56667,,Tak,,,Mae Sot,Mae Sot,"Amphoe Ban Mae Sot,Amphoe Mae Saut,Amphoe Mae Sot,Amphoe Mesoht,Ban Mae Sot,Ban Me Ramat,Ban Me Sohd,Ban Mesod,Branch Amphoe Me Sohd,Branch Amphoe Mē Sōhd,MAQ,Mae Saut,Mae Sord,Mae Sot,Mehsord,Mesod,Mesoht,Mesort,Mēsoht,แม่สอด",44563,63110
1604979,TH,95,,6.4797,101.132,,Yala,,,Yaha,Yaha,"Amphoe Yaha,Ban Yaha,Yaha,yaha,ยะหา",0,95120
1149975,TH,63,,16.01622,98.8627,,Tak,,,Umphang,Umphang,"Amphoe Mae Klong,Amphoe Umphang,King Amphoe Umphang,King Um Phang,Umphang,xumphang,อุ้มผาง",0,63170
1155214,TH,60,,15.93558,99.98129,,Nakhon Sawan,,,Banphot Phisai,Banphot Phisai,"Ambheu Barnbhot,Amphoe Banphot Phisai,Amphoe Banpot Pi Sai,Amphoe Barnbhot Bhi Sai,Ban Banpot Pisai,Ban Hu Gwang,Ban Hu Kwang,Banphot Phisai,Banpot,Barnbhotbhisai,Hu Khwang,ban hukwang,brrphtphisay,บรรพตพิสัย,บ้านหูกวาง",0,60180
1605149,TH,21,,12.93646,101.52303,,Rayong,,,Wang Chan,Wang Chan,"Amphoe Wang Chan,King Amphoe Wang Chan,Wang Chan,wang canthr,วังจันทร์",0,21210
1607345,TH,21,,12.97122,101.21463,,Rayong,,,Pluak Daeng,Pluak Daeng,"Amphoe Pluak Daeng,Ban Pluak Daeng,King Amphoe Pluak Daeng,Pluak Daeng,ปลวกแดง",0,21140
1149915,TH,52,,19.14678,99.61933,,Lampang,,,Wang Nua,Wang Nuea,"Amphoe Wang Nua,Wang Nua,Wang Nuea,wanghenux,วังเหนือ",0,52140
1608139,TH,39,,16.8687,102.56642,,Non Bua Lam Phu,,,Nong Sang,Non Sang,"Amphoe Non Sang,King Amphoe Non Sang,Non Sang,nonsang,โนนสัง",11819,39140
1608139,TH,39,,16.8687,102.56642,,Non Bua Lam Phu,,,Non Sang,Non Sang,"Amphoe Non Sang,King Amphoe Non Sang,Non Sang,nonsang,โนนสัง",11819,39140
1621020,TH,27,,13.69276,102.50128,,Sa Kaeo,,,Aranyaprathet,Aranyaprathet,"Amphoe Aranpradbet,Amphoe Aranya Prathet,Amphoe Aranyaprathet,Amphoe Ban Aranyaprathet,Aran Pradhesa,Aran Pradhet,Aran Prathet,Aran'japratkhet,Aranh,Aranya Pradesa,Aranya Pradhesa,Aranyaprathet,Ban Aran,Ban Aranyaprathet,Muang Aran Pradhet,Muang Aran Pratet,Muang Aranyapraphet,aran'yapurateto jun,xaphex xray pra ths,xaphex xrayprathes,xrayprathes,Араньяпратхет,อรัญประเทศ,อำเภออรัญประทศ,อำเภออรัญประเทศ,アランヤプラテート郡",20236,27120
1619423,TH,20,,13.04704,100.92891,,Chonburi,,,Bang Lamung,Bang Lamung,"Amphoe Ban Lamung,Amphoe Bang Lamung,Amphoe Naklua,Ban Na Kloea,Ban Na-Glua,Ban Naklua,Bang La-muang,Bang Lamung,Na Klua,banglamung,บางละมุง",39620,20150
8387391,TH,62,,16.20908,99.72417,,Kamphaeng Phet,,,Pangslila Thong,Ban Thong Khung,"Ban Thong Khung,ban thxngkhung,บ้านท้องคุ้ง",0,62120
8204168,TH,93,,7.73375,100.02381,,Phatthalung,,,Pa Payam,Ban Pa To,"Ban Pa To,ban pa tx,บ้านป่าตอ",0,93110
1597647,TH,45,,16.11279,103.83407,,Roi Et,,,Thawatchaburi,Ban Thawatchaburi,"Ban Thawatchaburi,ban thwachburi,บ้านธวัชบุรี",0,45170
1607793,TH,20,,13.46804,101.09532,,Chonburi,,,Phan Thong,Phan Thong,"Amphoe Phan Thong,Amphoe Tha Ta Kut,Phan Thong,phanthxng,พานทอง",18708,20160
1153269,TH,77,,12.57065,99.95876,,Prachuap Khirikhan,,,Hua Hin,Hua Hin,"Amphoe Hua Hin,Ban Hua Hin,HHQ,Hau Hin,Hua Hin,King Amphoe Ban Hua Hin,King Amphoe Hua Hin,fuwahin,hawhin-pranburi,xaphex hawhin,หัวหิน-ปราณบุรี,อำเภอหัวหิน,フワヒン",50456,77110
1156333,TH,51,,18.30736,98.82211,,Lamphun,,,Ban Hong,Ban Mo,"Ban Mau,Ban Mo,Bān Mau,banhmx,บ้านหม้อ",0,51130
1595625,TH,30,,14.74528,102.02833,,Nakhon Ratchasima,,,Pak Thong Chai,Pak Thong Chai,,0,30150
1608565,TH,42,,17.48116,101.98884,,Loei,,,Na Duang,Ban Na Duang,"Ban Mu Sam,Ban Na Duang,Na Duang,ban hmu sam,banna dwng,บ้านนาด้วง,บ้านหมู่ สาม",0,42210
1612084,TH,93,,7.28961,100.05175,,Phatthalung,,,Tamot,Ban Tamot,"Ban Tahmod,Ban Tamaut,Ban Tamot,Ban Tanok,Ban Tramot,Tamot,ban ta homd,บ้านตะโหมด",0,93160
1152181,TH,52,,18.13411,99.51389,,Lampang,,,Mae Tha,Mae Tha,"Amphoe Mae Tha,Ban Mae Tha,Ban Mea Tha,Ban Meta,Bān Mea Tha,Mae Tha,Medha,Mēdha,แม่ทะ",0,52150
1152194,TH,57,,20.43353,99.87617,,Chiang Rai,,,Mae Sai,Mae Sai,"Amphoe Mae Sai,King Amphoe Mae Sai,Mae Sai,แม่สาย",27520,57130
1607763,TH,44,,15.51631,103.19367,,Maha Sarakham,,,Phayakkhaphum Phisai,Phayakkhaphum Phisai,"Amphoe Phayakkhaphum Phisai,Amphu Piak Puin Pisai,Ban Palan,Muong Kantigavise,Palan,Phayak Phu Phisai,Phayakkhaphum Phisai,phyakhkhphumiphisay,พยัคฆภูมิพิสัย",10212,44110
1619347,TH,11,,13.60678,100.71201,,Samut Prakan,,,Bang Saotong,Bang Phli,Amphoe Bang Phli,0,10540
1619347,TH,11,,13.60678,100.71201,,Samut Prakan,,,Bang Phli,Bang Phli,Amphoe Bang Phli,0,10540
1594818,TH,55,,19.41667,100.88333,,Nan,,,Thung Chang,Thung Chang,"Ban Thung Chang,Thung Chang",0,55130
1616302,TH,,,12.92592,102.04011,,Na Tan,,,Nam Khun,Ban Nam Khun,"Ban Nam Khun,Nam Khun,ban na khun,บ้านน้ำขุ่น",0,34260
1616302,TH,,,12.92592,102.04011,,Na Tan,,,Nam Yuen,Ban Nam Khun,"Ban Nam Khun,Nam Khun,ban na khun,บ้านน้ำขุ่น",0,34260
1606250,TH,20,,13.17372,100.93111,,Chonburi,,,Si Racha,Si Racha,"Amphoe Si Racha,Amphu Sri Maha Raja,Ban Si Racha,Ban Sriracha,Si Racha,Sri Maha Raja,Sri Mahā Rājā,Sriracha,Srirachi,sriracha,ศรีราชา",178916,20110
