3441276,UY,01,,-30.12703,-57.0882,,Artigas,,,Paso De Leon,Paso de León,"Paso de Leon,Paso de León,Paso del Leon,Paso del León",0,55000
3442767,UY,14,,-34.3628,-54.06718,,Rocha,,,19 De Abril,Diecinueve de Abril,"19 de Abril,Diecinueve de Abril,Pueblo 19 de Abril",0,27000
3441954,UY,02,,-34.605,-56.35639,,Canelones,,,Los Cerrillos,Los Cerrillos,"Cerrillos,Los Cerrillos",2100,90100
3441954,UY,14,,-34.605,-56.35639,,Rocha,,,Los Cerrillos,Los Cerrillos,"Cerrillos,Los Cerrillos",2100,27000
3442164,UY,05,,-32.6,-55.58333,,Durazno,,,La Alegria,La Alegría,,0,97000
3443828,UY,11,,-32.21628,-56.45703,,Paysandu,,,Arbolito (Totoral),Arbolito,"Arbolito,Totoral",0,60100
3441091,UY,11,,-32.3269,-57.0486,,Paysandu,,,Piñera,Piñera,"Pinera,Piñera",0,60100
3442564,UY,07,,-34.19388,-55.7345,,Florida,,,Fray Marcos,Fray Marcos,Fray Marcos,0,96200
3441284,UY,18,,-31.56344,-56.04824,,Tacuarembo,,,Paso De Las Carretas,Paso de las Carretas,Paso de las Carretas,0,45000
3443021,UY,16,,-34.2,-56.98333,,San Jose,,,Colonia America,Colonia América,,0,80000
3440381,UY,15,,-31.51667,-57.58333,,Salto,,,Sauce Chico,Sauce,"Sauce,Sauce Chico de Laureles",0,50000
3442121,UY,19,,-31.73333,-54.41667,,Treinta y Tres,,,La Lata,La Lata,,0,33000
3442654,UY,02,,-34.52428,-55.62506,,Canelones,,,Estacion Migues,Estación Migues,"Estacion Migues,Estación Migues",0,91700
3443627,UY,09,,-34.80218,-55.35692,,Maldonado,,,Bella Vista,Bella Vista,Bella Vista,0,20200
10098384,UY,09,,-34.73965,-54.98638,,Maldonado,,,Abra De Perdomo,Abra de Perdomo,,0,20400
10634558,UY,14,,-34.59571,-54.41582,,Rocha,,,El Canelon,El Canelón,"El Canelon,El Canelón",0,27000
3441056,UY,18,,-31.81667,-55.5,,Tacuarembo,,,Heriberto,Poblado de Heriberto,"Heriberto,Poblado de Heriberto",0,45000
10866692,UY,18,,-31.61195,-56.17279,,Tacuarembo,,,Rincon De Freitas,Rincón de Freitas,"Rincon de Freitas,Rincón de Freitas",0,45000
11171788,UY,04,,-34.12665,-57.67568,,Colonia,,,Paso Hospital,Paso Hospital,Paso Hospital,0,70600
3442044,UY,11,,-32.48618,-57.74511,,Paysandu,,,La Tentacion,La Tentación,"La Tentacion,La Tentación",0,60000
3439756,UY,04,,-34.12229,-57.37176,,Colonia,,,Tres Esquinas,Tres Esquinas,Tres Esquinas,0,70200
3439829,UY,11,,-31.63282,-57.69628,,Paysandu,,,Tomas Paz,Tomás Paz,"Tomas Paz,Tomás Paz",0,50000
3441686,UY,07,,-34.23755,-56.21667,,Florida,,,Mendoza Chico,Mendoza Chico,Mendoza Chico,0,95600
3443391,UY,05,,-32.88333,-55.41667,,Durazno,,,Capilla De Farruco,Capilla de Farruco,"Capilla Farruco,Capilla de Farruco",0,97000
3441024,UY,18,,-32.0,-55.48333,,Tacuarembo,,,Rincon De La Laguna,Poblado Rincón de la Laguna,"Poblado Rincon de la Laguna,Poblado Rincón de la Laguna,Rincon de la Laguna,Rincón de la Laguna",0,45000
10861692,UY,02,,-34.62098,-56.45163,,Canelones,,,Paso Del Bote,Paso del Bote,Paso del Bote,0,90100
3440879,UY,16,,-34.52335,-56.7971,,San Jose,,,Rafael Perazza,Rafael Perazza,Rafael Perazza,1274,80200
3440956,UY,18,,-31.75,-55.46667,,Tacuarembo,,,Pueblo De Arriba,Pueblo de Arriba,,0,45000
3443356,UY,07,,-34.29056,-56.38889,,Florida,,,Cardal,Cardal,Cardal,1291,95200
3443680,UY,04,,-34.26025,-57.45598,,Colonia,,,Barker,Barker,Barker,0,70200
11171782,UY,04,,-34.43565,-57.29673,,Colonia,,,Blanca Arena,Blanca Arena,Blanca Arena,0,70300
3440936,UY,16,,-34.40789,-56.73915,,San Jose,,,Puntas De Cañada Grande,Puntas de Cañada Grande,"Puntas de Canada Grande,Puntas de Cañada Grande",0,80000
3440936,UY,16,,-34.40789,-56.73915,,San Jose,,,Cañada Grande,Puntas de Cañada Grande,"Puntas de Canada Grande,Puntas de Cañada Grande",0,80000
3440936,UY,02,,-34.40789,-56.73915,,Canelones,,,Puntas De Cañada Grande,Puntas de Cañada Grande,"Puntas de Canada Grande,Puntas de Cañada Grande",0,15600
3443418,UY,07,,-34.06667,-56.3,,Florida,,,Candil,Candil,,0,94000
3443449,UY,15,,-31.55959,-57.61399,,Salto,,,Campo De Todos,Campo de Todos,Campo de Todos,0,50000
10943760,UY,04,,-34.03837,-58.06414,,Colonia,,,San Roque,San Roque,San Roque,0,70800
11171868,UY,04,,-34.18189,-57.92063,,Colonia,,,Minas De Narancio,Minas de Narancio,Minas de Narancio,0,70000
3441944,UY,18,,-31.98333,-55.68333,,Tacuarembo,,,Paso De Los Novillos,Los Novillos,"Los Novillos,Novillos,Poblado Paso de los Novillos,Poblado de los Novillos",0,45000
10098454,UY,09,,-34.90328,-54.87019,,Maldonado,,,El Tesoro,El Tesoro,,0,20000
3441283,UY,16,,-31.66667,-56.63333,,San Jose,,,Paso De Las Piedras,Paso de las Piedras,,0,80200
7914699,UY,02,,-34.76816,-55.77566,,Canelones,,,Villa Argentina,Villa Argentina,,0,15200
10862616,UY,06,,-33.43181,-56.97089,,Flores,,,El Totoral,El Totoral,El Totoral,0,85000
3439596,UY,10,,-34.9,-56.15,,Montevideo,,,Pque Batlle Villa Dolores,Villa Dolores,,0,11600
3443178,UY,03,,-32.6243,-54.59275,,Cerro Largo,,,Cerro De Las Cuentas,Cerro de las Cuentas,,0,36200
10861868,UY,07,,-34.16603,-56.40115,,Florida,,,Paso De Los Novillos,Paso de los Novillos,Paso de los Novillos,0,95100
3441456,UY,15,,-31.11902,-56.87805,,Salto,,,Olivera,Olivera,Olivera,0,50000
8057962,UY,01,,-30.38704,-57.61513,,Artigas,,,Cainsa,Cainsa,"Cainsa,Cainsa Itacumbu,Cainsa Itacumbú",0,55100
10098317,UY,06,,-33.72621,-56.79895,,Flores,,,Cerro Colorado,Cerro Colorado,,0,85000
10174965,UY,18,,-31.80763,-55.97929,,Tacuarembo,,,Paso Bonilla,Paso Bonilla,,0,45000
3440791,UY,03,,-32.59802,-53.38583,,Cerro Largo,,,Rio Branco,Río Branco,"Artigas,La Cuchilla,Rio Branco,Rio Branko,Rio-Branko,Río Branco,li ao bu lan ke,liobeulangko,ryw brankw  arwgwyh,Рио-Бранко,Ռիո Բրանկո,ریو برانکو، اروگوئه,ریو برانکو، یوراگوئے,里奧布蘭科,리오브랑코",13567,37100
3441087,UY,07,,-33.83465,-56.30698,,Florida,,,Pintado,Pintado,Pintado,0,94100
3441274,UY,12,,-32.51977,-57.15907,,Rio Negro,,,Los Mellizos,Los Mellizos,"Los Mellizos,Paso de los Mellizos",0,60100
3441955,UY,11,,-32.04574,-57.4164,,Paysandu,,,Zeballos,Zeballos,"Los Ceballos,Zeballos",0,60000
10944773,UY,15,,-30.95617,-57.84498,,Salto,,,El Espinillar,El Espinillar,El Espinillar,0,50100
3439661,UY,07,,-34.41167,-56.40222,,Florida,,,25 De Agosto,25 de Agosto,"25 de Agosto,Veinticinco de Agosto",1799,95400
3443622,UY,10,,-34.85,-56.21667,,Montevideo,,,Belvedere,Belvedere,,0,11900
10943749,UY,04,,-33.90905,-58.38106,,Colonia,,,Belgrano Sur,Belgrano Sur,Belgrano Sur,0,70700
3441036,UY,18,,-31.83333,-55.98333,,Tacuarembo,,,Los Coitinhos,Poblado Los Coitinhos,"Los Coitinhos,Poblado Los Coitinhos",0,45000
3441814,UY,19,,-33.39003,-54.6783,,Treinta y Tres,,,Maria Albina,María Albina,"Maria Albina,María Albina,Villa Maria Albina,Villa María Albina",0,30300
10641918,UY,09,,-34.73632,-55.02359,,Maldonado,,,Guardia Vieja,Guardia Vieja,Guardia Vieja,0,20400
10943925,UY,06,,-33.5785,-57.11022,,Flores,,,Arenal Chico,Arenal Chico,Arenal Chico,0,85000
10943925,UY,17,,-33.5785,-57.11022,,Soriano,,,Arenal Chico,Arenal Chico,Arenal Chico,0,75100
9883533,UY,09,,-34.90061,-55.2596,,Maldonado,,,Punta Colorada,Punta Colorada,,0,20200
10943699,UY,17,,-33.56512,-58.42651,,Soriano,,,La Concordia,La Concordia,La Concordia,0,75100
3439671,UY,14,,-34.33611,-53.79582,,Rocha,,,Barra De Valizas,Barra de Valizas,"Balizas,Barra de Valizas,Valizas",0,27200
3442096,UY,03,,-32.35,-54.13333,,Cerro Largo,,,La Pedrera,La Pedrera,,0,37000
11171799,UY,02,,-34.24175,-57.22092,,Canelones,,,Barrancas Coloradas,Barrancas Coloradas,Barrancas Coloradas,0,90100
11171799,UY,04,,-34.24175,-57.22092,,Colonia,,,Barrancas Coloradas,Barrancas Coloradas,Barrancas Coloradas,0,70300
11171799,UY,05,,-34.24175,-57.22092,,Durazno,,,Barrancas Coloradas,Barrancas Coloradas,Barrancas Coloradas,0,97000
3440045,UY,11,,-31.97528,-57.55486,,Paysandu,,,Soto,Soto,Soto,0,60000
3443342,UY,05,,-33.05658,-56.47652,,Durazno,,,Carlos Reyles,Carlos Reyles,,1036,97000
10174967,UY,18,,-32.23255,-54.96705,,Tacuarembo,,,Cruz De Los Caminos,Cruz de los Caminos,,0,45000
10641276,UY,02,,-33.18211,-54.22562,,Canelones,,,Los Ceibos,Los Ceibos,Los Ceibos,0,90200
10641276,UY,19,,-33.18211,-54.22562,,Treinta y Tres,,,Los Ceibos,Los Ceibos,Los Ceibos,0,33000
10641287,UY,19,,-33.15839,-54.43931,,Treinta y Tres,,,Verde Alto,Verde Alto,Verde Alto,0,33000
3440417,UY,03,,-32.01667,-54.2,,Cerro Largo,,,Sarandi De Acegua,Sarandí de Aceguá,,0,37000
3441102,UY,11,,-32.08292,-56.30978,,Paysandu,,,Piedra Sola,Piedra Sola,Piedra Sola,0,45000
3442993,UY,15,,-31.09386,-57.02332,,Salto,,,Colonia Lavalleja,Colonia Lavalleja,"Colonia Lavalleja,Lavalleja",0,50000
3441080,UY,06,,-33.88403,-56.83838,,Flores,,,Pueblo Pintos,Pueblo Pintos,"Pintos,Pueblo Pintos",0,85000
3441370,UY,15,,-31.08087,-57.60934,,Salto,,,Palomas,Palomas,Palomas,0,50000
3443914,UY,03,,-32.36667,-54.76667,,Cerro Largo,,,Aguirre,Aguirre,,0,36200
10943621,UY,16,,-34.17262,-56.55232,,San Jose,,,Carreta Quemada,Carreta Quemada,Carreta Quemada,0,80000
3443859,UY,06,,-33.16831,-57.12847,,Flores,,,Andresito,Andresito,Andresito,0,85000
3443941,UY,19,,-33.24489,-53.84377,,Treinta y Tres,,,Acosta,Acosta,Acosta,0,33000
10341404,UY,04,,-34.24076,-57.55008,,Colonia,,,San Luis,San Luis,,0,70600
3441289,UY,18,,-31.51973,-56.07664,,Tacuarembo,,,Paso De Ceferino,Paso de Ceferino,"Pablado Paso de Ceferino,Paso Ceferino,Paso de Ceferino",0,45000
10862666,UY,12,,-32.60977,-56.75319,,Rio Negro,,,La Coronilla,La Coronilla,La Coronilla,0,45100
10943803,UY,17,,-33.43096,-58.13386,,Soriano,,,Bizcocho,Bizcocho,Bizcocho,0,75100
10943911,UY,04,,-33.91442,-57.22846,,Colonia,,,Juan Jackson,Juan Jackson,Juan Jackson,0,75200
3440135,UY,15,,-31.10761,-57.52928,,Salto,,,Saucedo,Saucedo,Saucedo,0,50000
3441114,UY,07,,-32.37183,-57.60901,,Florida,,,Piedras Coloradas,Piedras Coloradas,Piedras Coloradas,1120,94100
3441114,UY,11,,-32.37183,-57.60901,,Paysandu,,,Piedras Coloradas,Piedras Coloradas,Piedras Coloradas,1120,60300
3442450,UY,09,,-34.74657,-55.39673,,Maldonado,,,Gregorio Aznarez,Gregorio Aznáres,"Gregorio Aznares,Gregorio Aznarez,Gregorio Aznáres,Gregorio Aznárez",0,20300
3443803,UY,02,,-34.45,-55.78333,,Canelones,,,Arenal,Arenal,"Arenal,Puntas del Arenal Chico",0,91200
3443803,UY,02,,-34.45,-55.78333,,Canelones,,,Puntas Del Arenal,Arenal,"Arenal,Puntas del Arenal Chico",0,91700
10862625,UY,05,,-33.18601,-56.80828,,Durazno,,,Feliciano,Feliciano,Feliciano,0,97000
10862625,UY,02,,-33.18601,-56.80828,,Canelones,,,Feliciano,Feliciano,Feliciano,0,91800
3441870,UY,09,,-34.90452,-54.82625,,Maldonado,,,Manantiales,Manantiales,"Manantiales,Playa Manantiales",0,20000
3443637,UY,12,,-32.76394,-57.88374,,Rio Negro,,,Bellaco,Bellaco,Bellaco,0,65100
7602115,UY,14,,-34.63737,-54.16045,,Rocha,,,La Aguada,La Aguada,,0,27400
10861485,UY,02,,-34.69886,-55.51891,,Canelones,,,Capilla De Cella,Capilla de Cella,Capilla de Cella,0,15400
10862737,UY,12,,-32.56,-57.37633,,Rio Negro,,,Villa Maria,Villa María,"Villa Maria,Villa María",0,65100
3441035,UY,18,,-32.15,-54.95,,Tacuarembo,,,Los Garcia,Poblado Los García,"Los Garcia,Poblado Los Garcia,Poblado Los García",0,45000
3440794,UY,02,,-34.4,-56.33333,,Canelones,,,Rincon De Velazquez,Rincón de Velázquez,,0,90200
3441481,UY,04,,-33.87031,-58.41176,,Colonia,,,Nueva Palmira,Nueva Palmira,"Nuehva-Pal'mira,Nueva Palmira,nwywa palmyra,xin pa er mi la,Нуэва-Пальмира,نوئوا پالمیرا,نویوا پالمیرا,新帕爾米拉",9335,70700
3442072,UY,05,,-32.93333,-55.51667,,Durazno,,,Las Cañas,Las Cañas,"Canas,Cañas,Las Canas,Las Cañas,Puntas de las Canas,Puntas de las Cañas",0,97000
3442072,UY,09,,-32.93333,-55.51667,,Maldonado,,,Las Cañas,Las Cañas,"Canas,Cañas,Las Canas,Las Cañas,Puntas de las Canas,Puntas de las Cañas",0,20400
10098244,UY,13,,-34.82099,-56.31231,,Rivera,,,Paso De La Arena,Paso de la Arena,,0,40100
10098244,UY,17,,-34.82099,-56.31231,,Soriano,,,Paso De La Arena,Paso de la Arena,,0,75100
10098244,UY,10,,-34.82099,-56.31231,,Montevideo,,,Paso De La Arena,Paso de la Arena,,0,12700
10634579,UY,02,,-34.67083,-54.42295,,Canelones,,,Cuchilla De Rocha,Cuchilla de Gazón,"Cuchilla de Gazon,Cuchilla de Gazón",0,91500
3441795,UY,04,,-34.16121,-58.20711,,Colonia,,,Martin Chico,Martín Chico,,0,70100
3442144,UY,08,,-33.75,-55.28333,,Lavalleja,,,Ladrillos,Ladrillos,,0,30000
3442697,UY,03,,-33.93333,-55.68333,,Cerro Largo,,,Infiernillo,El Infiernillo,,0,37000
3441016,UY,13,,-31.5,-55.16667,,Rivera,,,Segarra,Poblado Segarra,"Poblado Segarra,Segarra",0,41100
3443344,UY,18,,-32.4566,-56.30704,,Tacuarembo,,,Cardozo Chico,Cardozo Chico,Cardozo Chico,0,45100
10098033,UY,10,,-34.86414,-56.1761,,Montevideo,,,Brazo Oriental,Brazo Oriental,,0,11700
10636630,UY,08,,-33.7259,-54.62369,,Lavalleja,,,Las Achiras,Las Achiras,Las Achiras,0,30000
10642894,UY,08,,-34.3144,-55.47712,,Lavalleja,,,Villa Del Rosario,Villa del Rosario,Villa del Rosario,0,30000
3441025,UY,18,,-31.81667,-55.91667,,Tacuarembo,,,Rincon De La Bolsa,Poblado Rincón de la Bolsa,"Poblado Rincon de la Bolsa,Poblado Rincón de la Bolsa,Rincon de la Bolsa,Rincón de la Bolsa",0,45000
3442049,UY,02,,-34.76464,-55.73789,,Canelones,,,Las Toscas,Las Toscas,"Balneario Las Toscas,Las Toscas",0,15200
3443529,UY,04,,-34.07647,-58.13294,,Colonia,,,Buena Hora,Buena Hora,"Buena Hora,Buenahora",0,70100
3443927,UY,14,,-34.27448,-53.78206,,Rocha,,,Aguas Dulces,Aguas Dulces,"Agua Dulce,Aguas Dulces,Balneario Agua Dulce",0,27200
10861465,UY,02,,-34.77098,-55.64065,,Canelones,,,Bello Horizonte,Bello Horizonte,Bello Horizonte,0,15300
10944737,UY,15,,-31.13925,-57.5206,,Salto,,,Cerrilladas De Saucedo,Cerrilladas de Saucedo,Cerrilladas de Saucedo,0,50000
3442032,UY,15,,-31.49901,-57.52548,,Salto,,,Laureles,Laureles,"Bella Aurora,Laureles",0,50000
3442105,UY,14,,-34.66268,-54.16452,,Rocha,,,Puerto La Paloma,La Paloma,"La Paloma,Puerto de la Paloma",3230,27400
3442139,UY,04,,-34.32877,-57.7228,,Colonia,,,La Estanzuela,La Estanzuela,"Estanzuela,La Estanzuela",0,70000
3441476,UY,12,,-32.97974,-58.05858,,Rio Negro,,,Nuevo Berlin,Nuevo Berlín,"Nuevo Berlin,Nuevo Berlín",2461,65000
7914030,UY,10,,-34.89121,-56.09943,,Montevideo,,,Malvin,Malvin,,0,11400
3442983,UY,05,,-33.18333,-55.7,,Durazno,,,Rossell Y Rius,Colonia Rossell y Rius,"Colonia Rossell y Rius,Rossell y Rius",0,98000
10943738,UY,17,,-33.83364,-57.79957,,Soriano,,,Lares,Lares,Lares,0,70100
3440532,UY,15,,-30.9875,-56.21537,,Salto,,,Sarandi De Arapey,Sarandí del Arapey,"Sarandi,Sarandi del Arapey,Sarandí,Sarandí del Arapey",0,50000
3440569,UY,02,,-34.78931,-55.53652,,Canelones,,,Santa Lucia Del Este,Santa Lucía del Este,"Balneario Santa Lucia,Balneario Santa Lucía,Santa Lucia,Santa Lucia del Este,Santa Lucía,Santa Lucía del Este",0,15400
3441269,UY,13,,-31.25,-55.33333,,Rivera,,,Paso Del Tapado,Paso del Tapado,,0,40000
3441269,UY,15,,-31.25,-55.33333,,Salto,,,Paso Del Tapado,Paso del Tapado,,0,50000
3441950,UY,18,,-32.25,-55.75,,Tacuarembo,,,Los Furtados,Los Furtados,,0,45000
3442685,UY,11,,-32.0,-57.3,,Paysandu,,,El Tarugo,El Tarugo,"El Tarugo,Tarugo",0,60000
3480822,UY,02,,-34.87722,-56.02972,,Canelones,,,Barra De Carrasco,Barra de Carrasco,Barra de Carrasco,4824,15000
3443133,UY,07,,-34.24132,-55.91673,,Florida,,,Costas De Chamizo,Chamizo,Chamizo,0,96100
3443133,UY,07,,-34.24132,-55.91673,,Florida,,,Chamizo,Chamizo,Chamizo,0,96100
3443133,UY,07,,-34.24132,-55.91673,,Florida,,,Chamizo Chico,Chamizo,Chamizo,0,96100
10642737,UY,08,,-34.34417,-55.28203,,Lavalleja,,,Higueritas,Higueritas,Higueritas,0,30000
10862647,UY,12,,-32.73246,-56.94853,,Rio Negro,,,El Progreso,El Progreso,El Progreso,0,45100
3441082,UY,01,,-30.51582,-56.42298,,Artigas,,,Pintado Grande,Pintado Grande,Pintado Grande,0,55000
3441259,UY,12,,-32.63347,-56.73475,,Rio Negro,,,Paso De Soca,Paso de Soca,"Paso Soca,Paso de Soca",0,45100
3443731,UY,08,,-33.6102,-54.32994,,Lavalleja,,,19 De Junio,Diecinueve de Junio,"19 de Junio,Averias,Averías,Diecinueve de Junio",0,30300
10097999,UY,10,,-34.89142,-56.18889,,Montevideo,,,Aguada,Aguada,,0,11800
10943661,UY,04,,-33.97852,-57.17936,,Colonia,,,Puntas Del Rosario,Puntas del Rosario,Puntas del Rosario,0,70200
3439831,UY,01,,-30.4287,-57.43609,,Artigas,,,Tomas Gomensoro,Tomás Gomensoro,"Tomas Gomensoro,Tomás Gomensoro",2872,55100
3441017,UY,18,,-31.85155,-55.92538,,Tacuarembo,,,Sauce De Tranqueras,Sauce de Tranqueras,"Poblado Sause de Tranqueras,Sauce Tranqueras,Sauce de Tranqueras",0,45000
3441484,UY,09,,-34.71805,-55.2623,,Maldonado,,,Nueva Carrara,Nueva Carrara,,0,20300
10943757,UY,04,,-34.05863,-58.19202,,Colonia,,,Juan Gonzalez,Juan González,"Juan Gonzalez,Juan González",0,70100
3440397,UY,05,,-32.54365,-56.86579,,Durazno,,,Sarandi De Rio Negro,Sarandí de Navarro,"Sarandi,Sarandi de Navarro,Sarandí,Sarandí de Navarro",0,97000
3440397,UY,12,,-32.54365,-56.86579,,Rio Negro,,,Sarandi De Navarro,Sarandí de Navarro,"Sarandi,Sarandi de Navarro,Sarandí,Sarandí de Navarro",0,45100
3441940,UY,13,,-31.25,-55.95,,Rivera,,,Los Potreros,Los Potreros,,0,40100
3442231,UY,17,,-33.69618,-57.53153,,Soriano,,,Jose Enrique Rodo,José Enrique Rodó,"Drabble,Drable,E. Robo,J.E. Rodo,Jose Enrique Rodo,José Enrique Rodó,Rodo",2143,75400
3443827,UY,03,,-32.65,-54.25,,Cerro Largo,,,Arbolito,Arbolito,Arbolito,0,37000
3442057,UY,02,,-34.7302,-56.21915,,Canelones,,,Las Piedras,Las Piedras,"Las Pedras,Las Piedras,Las Piedrasas,Las Pjedras,Las-P'edras,Piedras,San Isidrio,Villa de las Piedras,la si bi de la si,lasa piyedrasa,laseupiedeulaseu,Лас Пиедрас,Лас-Пьедрас,Լաս Պեդրաս,لاس پیڈراس، یوراگوئے,لاس‌پیدراس، اروگوئه,লাস পিয়েদ্রাস,ლას-პიედრასი,ラス・ピエドラス,拉斯彼德拉斯,라스피에드라스",69682,15900
3442068,UY,11,,-32.39643,-57.57086,,Paysandu,,,Las Flores,Las Flores,Las Flores,0,60300
3442551,UY,15,,-31.33929,-57.82745,,Salto,,,Garibaldi,Garibaldi,Garibaldi,0,50000
3442933,UY,17,,-33.45,-57.73333,,Soriano,,,Coquimbo,Coquimbo,,0,75500
3439689,UY,15,,-31.27347,-57.15684,,Salto,,,Valentin Grande,Valentín Grande,"Poblacion Valentin,Valentin,Valentin Grande,Valentín,Valentín Grande",0,50000
10098500,UY,09,,-34.84973,-54.6993,,Maldonado,,,Santa Monica,Santa Mónica,,0,20000
10098500,UY,16,,-34.84973,-54.6993,,San Jose,,,Santa Monica,Santa Mónica,,0,80500
10634580,UY,14,,-34.64339,-54.50247,,Rocha,,,Picada Tolosa,Picada Tolosa,Picada Tolosa,0,27000
8555965,UY,09,,-34.88832,-55.0391,,Maldonado,,,Punta Ballena,Punta Ballena,,0,20000
3442989,UY,11,,-32.26991,-58.07727,,Paysandu,,,Nuevo Paysandu,Nuevo Paysandú,"Colonia Nuevo Paysandu,Colonia Nuevo Paysandú,Nuevo Paysandu,Nuevo Paysandú",0,60000
9072742,UY,02,,-34.6861,-55.9656,,Canelones,,,Jardines De Pando,Jardines de Pando,,0,15600
3441018,UY,18,,-31.91667,-56.01667,,Tacuarembo,,,Sauce De Batovi,Poblado Sauce de Batoví,"Poblado Sauce de Batovi,Poblado Sauce de Batoví,Sauce Batovi,Sauce Batoví",0,45000
3443413,UY,02,,-34.52278,-56.27778,,Canelones,,,Canelones,Canelones,"Canelones,Guadalupe,Villa de Canelones",19698,90000
10861506,UY,02,,-34.68893,-56.33291,,Canelones,,,Rincon Del Colorado,Rincón del Colorado,"Rincon del Colorado,Rincón del Colorado",0,90100
10943750,UY,04,,-33.88143,-58.34832,,Colonia,,,Belgrano Norte,Belgrano Norte,Belgrano Norte,0,70700
3440656,UY,18,,-32.61667,-55.83333,,Tacuarembo,,,San Gregorio De Polanco,San Gregorio de Polanco,"San Gregorio,San Gregorio de Polanco",0,45200
3440656,UY,13,,-32.61667,-55.83333,,Rivera,,,San Gregorio,San Gregorio de Polanco,"San Gregorio,San Gregorio de Polanco",0,41100
3441937,UY,09,,-34.09307,-54.49056,,Maldonado,,,Los Talas,Los Talas,Los Talas,0,27300
3442708,UY,13,,-33.51667,-53.78333,,Rivera,,,El Ceibo,El Ceibo,,0,41200
3443212,UY,15,,-31.65,-56.83333,,Salto,,,Cerrillada,Cerrillada,,0,50000
8057940,UY,01,,-30.29785,-57.61119,,Artigas,,,Coronado,Coronado,Coronado,0,55100
3441206,UY,03,,-31.78333,-54.33333,,Cerro Largo,,,Peñarol,Peñarol,,0,37000
3442244,UY,01,,-30.43314,-56.78489,,Artigas,,,Javier De Viana,Javier de Viana,Javier de Viana,0,55000
3443539,UY,01,,-30.7554,-57.05441,,Artigas,,,Diego Lamas,Brigadier General Diego Lamas,"Brigadier General Diego Lamas,Diego Lamas",0,55000
3443611,UY,02,,-34.79191,-55.51387,,Canelones,,,Biarritz,Biarritz,"Balneario Biarritz,Biarritz",0,15400
10642770,UY,08,,-34.39185,-54.98519,,Lavalleja,,,Marco De Los Reyes,Marco de Los Reyes,Marco de Los Reyes,0,30000
10943905,UY,17,,-33.72084,-57.26488,,Soriano,,,Cuchilla Del Perdido,Cuchilla del Perdido,Cuchilla del Perdido,0,75200
3439754,UY,03,,-32.51667,-54.68333,,Cerro Largo,,,Tres Islas,Tres Islas,,0,36200
3439767,UY,13,,-31.36667,-55.66667,,Rivera,,,Tres Cerros,Tres Cerros,,0,45000
3441316,UY,15,,-31.36698,-57.79234,,Salto,,,Parada Herreria,Parada Herrería,"Parada Herreria,Parada Herrería",0,50000
7731686,UY,01,,-30.42694,-56.46556,,Artigas,,,Cerro Ejido,Cerro Ejido,,0,55000
3440801,UY,14,,-34.30303,-53.84793,,Rocha,,,Rincon De Los Olivera,Rincón de los Olivera,"Rincon de los Olivera,Rincon de los Oliveras,Rincón de los Olivera,Rincón de los Oliveras",0,27200
3440801,UY,03,,-34.30303,-53.84793,,Cerro Largo,,,Rincon De Los Olivera,Rincón de los Olivera,"Rincon de los Olivera,Rincon de los Oliveras,Rincón de los Olivera,Rincón de los Oliveras",0,37100
3440947,UY,04,,-34.43661,-57.64026,,Colonia,,,Puerto Platero,Puerto Platero,"Platero,Puerto Platero",0,70000
3442336,UY,08,,-33.60889,-55.33148,,Lavalleja,,,Illescas,Illescas,,0,34200
3441420,UY,01,,-30.63738,-56.76862,,Artigas,,,Paguero,Paguero,Paguero,0,55000
10943734,UY,12,,-33.16441,-58.35826,,Rio Negro,,,Las Cañas,Las Cañas,"Las Canas,Las Cañas",0,65000
3440924,UY,03,,-32.68333,-54.63333,,Cerro Largo,,,Quebracho,Quebracho,,0,36200
3439781,UY,19,,-33.23333,-54.38333,,Treinta y Tres,,,Treinta Y Tres,Treinta y Tres,"TYT,Treinta i Tresas,Treinta y Tres,Trejnta i Tres,Trejnta-i-Tres,Treynta i Tres,Villa de Treinta y Tres,san shi san ren cheng,teuleintaiteuleseu,trynta ay trs,trynta y trys,Трейнта и Трес,Трейнта-и-Трес,Трейнта-і-Трес,Տրեյնտա ի Տրես,ترینتا ای ترس,ترینتا ی تریس,ტრეინტა-ი-ტრესი,トレインタ・イ・トレス,三十三人城,트레인타이트레스",25653,33000
3440955,UY,18,,-32.05,-55.38333,,Tacuarembo,,,Pueblo Del Barro,Pueblo de Barro,"Pueblo de Barro,Pueblo del Barro",0,45000
3441442,UY,04,,-33.93783,-57.80959,,Colonia,,,Ombues De Lavalle,Ombúes de Lavalle,"Colonia Ombues de Lavalle,Colonia Ombúes de Lavalle,Ombues de Lavalle,Ombúes de Lavalle",3482,70800
3443528,UY,13,,-31.23333,-55.63333,,Rivera,,,Buena Union,Buena Unión,,0,40100
10861475,UY,02,,-34.68951,-55.80228,,Canelones,,,La Palmita,La Palmita,La Palmita,0,15600
3440785,UY,17,,-33.62168,-57.57275,,Soriano,,,Risso,Risso,Risso,0,75200
3441903,UY,16,,-34.14697,-56.95265,,San Jose,,,Mal Abrigo,Mal Abrigo,"Mal Abriga,Mal Abrigo",0,80000
3443629,UY,16,,-34.31667,-57.0,,San Jose,,,Bella Vista,Bella Vista,,0,80000
3443588,UY,05,,-32.76667,-55.63333,,Durazno,,,Blanquillo,Blanquillo,,1170,97000
3443645,UY,11,,-32.31529,-57.05322,,Paysandu,,,Beisso,Beisso,Beisso,0,60100
10642370,UY,08,,-34.47819,-55.53088,,Lavalleja,,,Solis Grande,Solís Grande,"Solis Grande,Solís Grande",0,91700
10861488,UY,02,,-34.70279,-55.88762,,Canelones,,,Villa San Cono,Villa San Cono,Villa San Cono,0,15900
3442673,UY,16,,-34.21667,-57.0,,San Jose,,,Escudero,Escudero,,0,80000
3441061,UY,15,,-31.3,-57.06667,,Salto,,,Celeste,Poblado Celeste,"Celeste,Poblado Celeste",0,50000
3441064,UY,09,,-34.83243,-55.30597,,Maldonado,,,Playa Verde,Playa Verde,Playa Verde,0,20200
3441807,UY,06,,-33.23333,-57.13333,,Flores,,,Marincho,Marincho,,0,85000
3442071,UY,14,,-33.67235,-54.2065,,Rocha,,,Lascano,Lascano,"Lascano,Lazcano",6976,27300
3440747,UY,04,,-34.31667,-57.35,,Colonia,,,Rosario,Rosario,"Rosario,Villa del Rosario,luo sa li ao,rwzaryw  arwgwyh,Росарио,Ռոսարիո,روزاریو، اروگوئه,روساریو، یوراگوئے,羅薩里奧",9308,70200
3443007,UY,01,,-30.36451,-57.64274,,Artigas,,,Colonia España,Colonia España,,0,55100
3439583,UY,03,,-32.2,-54.06667,,Cerro Largo,,,Villa Viñoles,Villa Viñoles,"Villa Vinoles,Villa Viñoles,Vinolles,Viñolles",0,37000
3440653,UY,12,,-32.66523,-58.1332,,Rio Negro,,,San Javier,San Javier,"Colonia San Javier,San Javier,San Khav'er,Сан Хавьер",1701,61100
3442073,UY,02,,-34.63333,-56.33333,,Canelones,,,Las Brujas,Las Brujas,,0,90100
10098438,UY,09,,-34.86502,-54.75582,,Maldonado,,,Eden Rock,Edén Rock,,0,20000
10861470,UY,02,,-34.78693,-55.85879,,Canelones,,,Pinamar,Pinamar,Pinamar,0,15100
3442099,UY,04,,-34.34775,-57.30956,,Colonia,,,La Paz,La Paz,"Colonia Piamontesa,La Paz,Pueblo de la Paz,Villa de la Paz",0,70200
10098077,UY,10,,-34.87467,-56.06692,,Montevideo,,,Carrasco Norte,Carrasco Norte,,0,11500
10641917,UY,09,,-34.71879,-54.96102,,Maldonado,,,Partido Oeste,Partido Oeste,Partido Oeste,0,20400
10943918,UY,06,,-33.76544,-57.15439,,Flores,,,Santa Adelaida,Santa Adelaida,Santa Adelaida,0,85000
3440411,UY,08,,-33.53333,-54.6,,Lavalleja,,,Sarandi De Gutierrez,Sarandí de Gutiérrez,,0,30300
3440942,UY,10,,-34.92278,-56.15972,,Montevideo,,,Punta Carretas,Punta Carretas,Punta Carretas,0,11300
3441060,UY,18,,-31.88333,-56.0,,Tacuarembo,,,Cerro Batovi,Poblado Cerro Batoví,"Cerro Batovi,Cerro Batoví,Poblado Cerro Batovi,Poblado Cerro Batoví",0,45000
10098531,UY,09,,-34.76598,-55.36504,,Maldonado,,,Cerros Azules,Cerros Azules,,0,20300
10943573,UY,16,,-34.51536,-56.76144,,San Jose,,,Villa Maria,Villa María,"Villa Maria,Villa María",0,80000
10943752,UY,04,,-33.87778,-58.27596,,Colonia,,,Polancos,Polancos,Polancos,0,70700
3441032,UY,18,,-32.5,-56.03333,,Tacuarembo,,,Laureles,Poblado Los Laureles,"Laureles,Paso de Laureles,Poblado Los Laureles",0,45000
3441032,UY,18,,-32.5,-56.03333,,Tacuarembo,,,Los Laureles,Poblado Los Laureles,"Laureles,Paso de Laureles,Poblado Los Laureles",0,45200
3442701,UY,04,,-34.42601,-57.82958,,Colonia,,,El General,El General,El General,0,70000
10098508,UY,09,,-34.67275,-55.03818,,Maldonado,,,Sarandi Del Mataojo,Sarandí del Mataojo,,0,20000
10098508,UY,09,,-34.67275,-55.03818,,Maldonado,,,Mataojo,Sarandí del Mataojo,,0,20000
3441267,UY,19,,-33.05,-54.06667,,Treinta y Tres,,,Paso De Piriz,Paso de Piriz,,0,31100
10866703,UY,15,,-31.45264,-57.90794,,Salto,,,Termas Del Dayman,Termas del Daymán,"Termas del Dayman,Termas del Daymán",0,50000
3440930,UY,17,,-33.38333,-57.55,,Soriano,,,Puntas Del Tala,Puntas del Tala,,0,75200
3441659,UY,13,,-31.57375,-55.47075,,Rivera,,,Minas De Corrales,Minas de Corrales,"Corrales,Minas de Corrales",3509,41100
7646991,UY,17,,-33.06249,-57.46073,,Soriano,,,Palmar,Palmar,,0,75000
10642756,UY,08,,-34.39465,-55.29901,,Lavalleja,,,Barrio La Coronilla - Ancap,Barrio La Coronilla-Ancap,Barrio La Coronilla-Ancap,0,30000
3441046,UY,18,,-32.07856,-55.65812,,Tacuarembo,,,La Hilera,Poblado La Hilera,"La Hilera,Poblado La Hilera",0,45000
3442094,UY,14,,-34.59211,-54.12352,,Rocha,,,La Pedrera,La Pedrera,"Balneario La Pedrera,La Pedrera,Playa La Pedrera,Punta Rubia",0,27400
10943549,UY,04,,-34.43732,-57.19264,,Colonia,,,Santa Regina,Santa Regina,Santa Regina,0,70300
10943729,UY,17,,-33.42238,-58.303,,Soriano,,,La Loma,La Loma,La Loma,0,75100
3441600,UY,05,,-33.5,-55.21667,,Durazno,,,Molles Chico,Molles Chico,,0,45100
3443290,UY,17,,-33.88333,-57.66667,,Soriano,,,Castillos,Castillos,"Castillo,Castillos",0,70100
3441012,UY,13,,-31.71667,-55.33333,,Rivera,,,Minas De Zapucay,Poblado Zapucay,"Minas de Zapucay,Poblado Zapucay,Zapucay",0,41100
3441059,UY,18,,-32.45,-56.03333,,Tacuarembo,,,Cerro Chato,Poblado Cerro Chato,"Cerro Chato,Poblado Cerro Chato",0,45200
3442418,UY,11,,-32.26919,-57.31594,,Paysandu,,,Guayabos,Guayabos,Guayabos,0,60000
10943927,UY,06,,-33.46183,-57.02524,,Flores,,,Colonia Alemana,Colonia Alemana,Colonia Alemana,0,85000
3439902,UY,04,,-34.26555,-57.61866,,Colonia,,,Tarariras,Tarariras,"J. Suarez,J. Suárez,Joaquin Suarez,Joaquín Suárez,Suarez,Suárez,Tarariras",6069,70600
3441000,UY,08,,-33.89828,-55.16725,,Lavalleja,,,Polanco Sur,Polanco Sur,Polanco Sur,0,30000
3442899,UY,07,,-33.88333,-56.45,,Florida,,,Corral De Piedra,Corral de Piedra,,0,94100
10098122,UY,10,,-34.86477,-56.23404,,Montevideo,,,La Teja,La Teja,,0,11900
10861469,UY,02,,-34.78837,-55.87999,,Canelones,,,Neptunia,Neptunia,Neptunia,0,15100
10862540,UY,12,,-32.94515,-57.55299,,Rio Negro,,,Paso De Los Cobres,Paso de los Cobres,Paso de los Cobres,0,65100
3441665,UY,08,,-34.37589,-55.23771,,Lavalleja,,,Minas,Minas,"Ciudad de Minas,Lavalleja,Minas,Minasas,mi na si,minaseu,minasi,minasu,mynas  arwgwyh,Минас,Мінас,Մինաս,میناس، اروگوئه,میناس، یوراگوئے,მინასი,ミナス,米納斯,미나스",38025,30000
3443301,UY,11,,-32.39684,-58.16151,,Paysandu,,,Casa Blanca,Casa Blanca,"Casa Blanca,Casas Blancas",0,60000
10642314,UY,09,,-34.42094,-54.58663,,Maldonado,,,Puntas De Jose Ignacio,Puntas de José Ignacio,"Puntas de Jose Ignacio,Puntas de José Ignacio",0,20400
3440589,UY,03,,-32.63333,-53.3,,Cerro Largo,,,San Servando,San Servando,,0,37100
3441029,UY,18,,-31.87654,-55.97678,,Tacuarembo,,,Martinote,Martinote,"Martinote,Poblado Martinote",0,45000
10861942,UY,02,,-33.92522,-56.0422,,Canelones,,,Talita,Talita,Talita,0,91600
10861942,UY,07,,-33.92522,-56.0422,,Florida,,,Talita,Talita,Talita,0,94000
10944862,UY,15,,-30.80745,-57.77372,,Salto,,,Chacras De Belen,Chacras de Belén,"Chacras de Belen,Chacras de Belén",0,50200
3439514,UY,13,,-31.81667,-54.66667,,Rivera,,,Zanja Honda,Zanja Honda,,0,41200
3440400,UY,05,,-33.35,-55.63333,,Durazno,,,Sarandi Del Yi,Sarandí del Yi,"Sarandi del Yi,Sarandí del Yi",7367,98000
10098567,UY,14,,-34.15727,-53.69757,,Rocha,,,La Esmeralda,La Esmeralda,,0,27200
3440549,UY,03,,-34.43333,-57.71667,,Cerro Largo,,,Santa Teresa,Santa Teresa,,0,37000
3440549,UY,07,,-34.43333,-57.71667,,Florida,,,Santa Teresa,Santa Teresa,,0,94000
3440549,UY,13,,-34.43333,-57.71667,,Rivera,,,Santa Teresa,Santa Teresa,,0,40000
3441684,UY,17,,-33.2524,-58.03047,,Soriano,,,Mercedes,Mercedes,"Ciudad de Mercedes,Mercedes,Mersedes,Mersedesas,mei sai de si,meleusedeseu,mersedesa,mersedesi,merusedesu,mrsds  arwgwyh,Μερσέδες,Мерседес,Մերսեդես,مرسدس، اروگوئه,میرسیدیس، یوراگوئے,মের্সেদেস,მერსედესი,メルセデス,梅塞德斯,메르세데스",42359,75000
3439787,UY,13,,-31.2,-55.75,,Rivera,,,Tranqueras,Tranqueras,"Paso Tranqueras,Tranqueras",7474,40100
3439817,UY,15,,-31.35,-56.63333,,Salto,,,Toro Negro,Toro Negro,"Ceferino,Toro Negro",0,50000
3442229,UY,09,,-34.84428,-54.63733,,Maldonado,,,Jose Ignacio,José Ignacio,,0,20400
3442852,UY,16,,-34.25,-56.68333,,San Jose,,,Cruz De Los Caminos,Cruz de los Caminos,,0,80000
3480820,UY,02,,-34.81516,-56.02435,,Canelones,,,Colonia Nicolich,Colonia Nicolich,Colonia Nicolich,8902,15000
10643057,UY,08,,-34.19058,-55.34511,,Lavalleja,,,Costas Del Soldado,Costas del Soldado,Costas del Soldado,0,30000
3440554,UY,12,,-34.49819,-56.03795,,Rio Negro,,,Santa Rosa,Santa Rosa,Santa Rosa,3711,45100
3440554,UY,02,,-34.49819,-56.03795,,Canelones,,,Santa Rosa,Santa Rosa,Santa Rosa,3711,91400
3441022,UY,18,,-32.03333,-55.66667,,Tacuarembo,,,Rivera Chico,Poblado Rivera Chico,"Poblado Rivera Chico,Rivera Chico",0,45000
3443352,UY,17,,-33.87049,-57.36954,,Soriano,,,Cardona,Cardona,Cardona,4712,75200
10943548,UY,04,,-34.44277,-57.16926,,Colonia,,,Brisas Del Plata,Brisas del Plata,Brisas del Plata,0,70300
3441789,UY,13,,-31.08122,-56.00453,,Rivera,,,Masoller,Masoller,Masoller,0,40200
3442047,UY,02,,-33.6,-57.13333,,Canelones,,,Las Violetas,Las Violetas,,0,90000
3442597,UY,04,,-33.87785,-57.37166,,Colonia,,,Florencio Sanchez,Florencio Sánchez,"Florencio Sanchez,Florencio Sánchez",3587,75200
10636508,UY,14,,-33.77411,-53.40925,,Rocha,,,Puimayen,Puimayen,Puimayen,0,27100
3441281,UY,14,,-34.2,-53.93333,,Rocha,,,Paso Del Bañado,Paso del Bañado,,0,27200
3441853,UY,10,,-34.81667,-56.1,,Montevideo,,,Manga,Manga,Manga,0,12300
10098597,UY,14,,-34.54789,-54.07857,,Rocha,,,San Antonio,San Antonio,,0,27400
3440777,UY,14,,-34.48333,-54.33333,,Rocha,,,Rocha,Rocha,"Ciudad de Rocha,Roca,Rocha,Roča,locha,luo qia,rocha,rwcha,Роча,Ռոչա,روچا,روچا، یوراگوئے,როჩა,ロチャ,羅恰,로차",25515,27000
10944764,UY,15,,-31.08354,-56.6868,,Salto,,,Bordenave,Bordenave,Bordenave,0,50000
3441894,UY,09,,-34.9,-54.95,,Maldonado,,,Maldonado,Maldonado,"Mal'donado,Maldonadas,Maldonado,San Fernando de Maldonado,ma er duo na duo,maldonado,maldwnadw  arwgwyh,marudonado,Малдонадо,Мальдонадо,Մալդոնադո,مالدونادو، اروگوئه,مالدونادو، یوراگوئے,მალდონადო,マルドナド,馬爾多納多,말도나도",55478,20000
3441122,UY,13,,-34.82861,-56.13944,,Rivera,,,Piedras Blancas,Piedras Blancas,"Balneario Piedras Blancas,Piedras Blancas",0,40100
3441122,UY,04,,-34.82861,-56.13944,,Colonia,,,Piedras Blancas,Piedras Blancas,"Balneario Piedras Blancas,Piedras Blancas",0,70800
3441122,UY,10,,-34.82861,-56.13944,,Montevideo,,,Piedras Blancas,Piedras Blancas,"Balneario Piedras Blancas,Piedras Blancas",0,12300
3443006,UY,04,,-34.4,-57.16667,,Colonia,,,Colonia Española,Colonia Española,"Colonia Espanola,Colonia Española,Espanola Colonia Agricola,Española Colonia Agrícola",0,70300
3443189,UY,15,,-33.1,-55.13333,,Salto,,,Cerro Chato,Cerro Chato,Cerro Chato,0,50000
3443189,UY,19,,-33.1,-55.13333,,Treinta y Tres,,,Cerro Chato,Cerro Chato,Cerro Chato,0,35200
3443189,UY,13,,-33.1,-55.13333,,Rivera,,,Cerro Chato,Cerro Chato,Cerro Chato,0,41200
3439925,UY,11,,-31.87743,-56.24438,,Paysandu,,,Tambores,Tambores,,0,45000
3442345,UY,13,,-31.68333,-54.65,,Rivera,,,Hospital,Hospital,"Hospital,Poblado del Hospital",0,41200
3443112,UY,11,,-31.66048,-57.88809,,Paysandu,,,Chapicuy,Chapicuy,Chapicuy,0,50000
10098311,UY,16,,-33.67025,-56.9472,,San Jose,,,La Casilla,La Casilla,,0,80000
10098311,UY,06,,-33.67025,-56.9472,,Flores,,,La Casilla,La Casilla,,0,85000
10642831,UY,09,,-34.26165,-54.72641,,Maldonado,,,Sauce De Aigua,Sauce de Aiguá,"Sauce de Aigua,Sauce de Aiguá",0,20500
3443650,UY,05,,-32.87676,-56.81343,,Durazno,,,Baygorria,Baygorria,"Baygorria,Rincon de Baygorria,Rincón de Baygorria",0,97000
3440808,UY,05,,-33.38333,-56.41667,,Durazno,,,Rincon De Cuadra,Rincón de Cuadra,"Cuchilla de Cuadra,Pantanosa de Cuadra,Rincon de Cuadra,Rincón de Cuadra",0,97000
3442598,UY,10,,-34.85,-56.11667,,Montevideo,,,Flor De Maroñas,Flor de Maroñas,"Balneario Flor de Maronas,Balneario Flor de Maroñas,Flor de Maronas,Flor de Maroñas",0,13000
3442598,UY,10,,-34.85,-56.11667,,Montevideo,,,Bañados De Carrasco,Flor de Maroñas,"Balneario Flor de Maronas,Balneario Flor de Maroñas,Flor de Maronas,Flor de Maroñas",0,13000
3443929,UY,05,,-32.8,-55.8,,Durazno,,,Aguas Buenas,Aguas Buenas,,0,97000
8057961,UY,01,,-30.37375,-57.66376,,Artigas,,,Mones Quintela,Ingeniero Agrónomo Alfredo Mones Quintela,"Calpica Itacumbu,Calpica Itacumbú,Ingeniero Agronomo Alfredo Mones Quintela,Ingeniero Agrónomo Alfredo Mones Quintela",0,55100
8469056,UY,14,,-34.59032,-54.17341,,Rocha,,,Lomas,Lomas,,0,27000
3441111,UY,02,,-34.74189,-55.51894,,Canelones,,,Piedras De Afilar,Piedras de Afilar,Piedras de Afilar,0,15400
3442684,UY,15,,-31.4,-57.78333,,Salto,,,Tropiezo,El Tropiezo,"El Tropiezo,Tropiezo",0,50000
3443207,UY,10,,-34.57019,-56.08143,,Montevideo,,,Cerrito,Cerrito,Cerrito,0,12300
3473789,UY,10,,-34.90833,-56.20833,,Montevideo,,,Ciudad Vieja,Ciudad Vieja,Cidade Velha,0,11000
8538180,UY,01,,-30.58416,-57.67796,,Artigas,,,Colonia Palma,Colonia Palma,Colonia Palma,0,55100
10098009,UY,10,,-34.85153,-56.18846,,Montevideo,,,Aires Puros,Aires Puros,,0,11700
10098015,UY,10,,-34.86474,-56.1897,,Montevideo,,,Atahualpa,Atahualpa,,0,11700
10098139,UY,10,,-34.91016,-56.17842,,Montevideo,,,Palermo,Palermo,,0,11200
10098139,UY,07,,-34.91016,-56.17842,,Florida,,,Palermo,Palermo,,0,94000
10636316,UY,14,,-33.89474,-53.52865,,Rocha,,,Capacho,Capacho,Capacho,0,27100
3441959,UY,05,,-32.78333,-55.9,,Durazno,,,Los Agregados,Los Agregados,,0,97000
3442850,UY,03,,-32.03333,-54.18333,,Cerro Largo,,,Cruz De Piedra,Cruz de Piedra,,0,37000
3480812,UY,16,,-34.5855,-56.70097,,San Jose,,,Puntas De Valdez,Puntas de Valdéz,"Puntas de Valdez,Puntas de Valdéz",1312,80100
3442076,UY,18,,-32.16667,-55.01667,,Tacuarembo,,,Larrayos,Larrayos,,0,45000
3442149,UY,07,,-33.92994,-56.23849,,Florida,,,La Cruz,La Cruz,La Cruz,0,94000
3441702,UY,03,,-32.37028,-54.1675,,Cerro Largo,,,Melo,Melo,"Ciudad de Melo,MLZ,Mel,Melas,Melo,mei luo,mello,melo,mero,mlw  arwgwyh,Мел,Мело,Մելո,ملو، اروگوئه,میلو، یوراگوئے,মেলো,მელო,メロ,梅洛,멜로",51023,37000
3442156,UY,13,,-31.45,-55.41667,,Rivera,,,La Calera,La Calera,"Calera,La Calera",0,41100
3442156,UY,19,,-31.45,-55.41667,,Treinta y Tres,,,La Calera,La Calera,"Calera,La Calera",0,33000
3443574,UY,13,,-32.35,-55.83333,,Rivera,,,Blanquillos,Blanquillos,"Blanquillo,Blanquillos,Poblado Blanquillo",0,41100
3443574,UY,18,,-32.35,-55.83333,,Tacuarembo,,,Blanquillos,Blanquillos,"Blanquillo,Blanquillos,Poblado Blanquillo",0,45000
10098419,UY,09,,-34.88931,-55.21686,,Maldonado,,,Punta Negra,Punta Negra,,0,20200
10861498,UY,02,,-34.71699,-56.07366,,Canelones,,,Villa San Jose,Villa San José,"Villa San Jose,Villa San José",0,15700
3441198,UY,15,,-31.4543,-56.38677,,Salto,,,Pepe Nuñez,Pepe Núñez,"Pepe Nunez,Pepe Núñez",0,50000
3443019,UY,04,,-34.0165,-58.15263,,Colonia,,,Colonia Arrue,Colonia Arrué,"Colonia Arrue,Colonia Arrué",0,70100
3440797,UY,01,,-30.70537,-56.16263,,Artigas,,,Rincon De Pacheco,Rincón de Pacheco,"Rincon de Pacheco,Rincón de Pacheco",0,55000
3441275,UY,11,,-31.98025,-57.43236,,Paysandu,,,Paso De Los Carros,Paso de los Carros,Paso de los Carros,0,60000
3442942,UY,11,,-32.20657,-58.00741,,Paysandu,,,Constancia,Constancia,Constancia,0,60000
3443610,UY,15,,-31.2759,-57.12414,,Salto,,,Biassini,Biassini,Biassini,0,50000
10944947,UY,01,,-30.43219,-56.45675,,Artigas,,,Pintadito,Pintadito,Pintadito,0,55000
3440963,UY,17,,-34.66737,-56.21758,,Soriano,,,Progreso,Progreso,"Ingeniero Eduardo Garcia de Zuniga,Ingeniero Eduardo García de Zúñiga,Progreso",15973,75000
3440963,UY,02,,-34.66737,-56.21758,,Canelones,,,Progreso,Progreso,"Ingeniero Eduardo Garcia de Zuniga,Ingeniero Eduardo García de Zúñiga,Progreso",15973,15900
10944766,UY,15,,-31.03436,-56.63419,,Salto,,,Guaviyu De Arapey,Cuchilla de Guaviyú,"Cuchilla de Guaviyu,Cuchilla de Guaviyú",0,50000
3440639,UY,16,,-34.3375,-56.71361,,San Jose,,,San Jose De Mayo,San José de Mayo,"Ciudad de San Jose,Ciudad de San José,San Chose de Majas,San Jose,San Jose de Mayo,San José,San José de Mayo,San Khose de Majo,San Xose de Mayo,San-Khose-de-Majo,san khwzh dmayw,san-khose-de-maio,sanhosedemayo,sheng he sai de ma yue,Сан Хосе де Майо,Сан-Хосе-де-Майо,Սան Խոսե դե Մայո,سان خوزه دمایو,سان خوسے دے ماجو,სან-ხოსე-დე-მაიო,聖何塞德馬約,산호세데마요",36529,80000
10865092,UY,11,,-32.35746,-58.03403,,Paysandu,,,Costa De Sacra,Costa de Sacra,Costa de Sacra,0,60000
10944566,UY,02,,-31.38749,-57.89955,,Canelones,,,Barrio Artigas,Barrio Artigas,Barrio Artigas,0,15700
3441290,UY,04,,-34.2,-57.78333,,Colonia,,,Paso Antolin,Paso de Antolín,"Paso Antolin,Paso Antolín,Paso de Antolin,Paso de Antolín",0,70600
3442151,UY,13,,-33.55791,-53.85803,,Rivera,,,Coronilla,La Coronilla,"Coronilla,La Coronilla",0,41200
3442151,UY,14,,-33.55791,-53.85803,,Rocha,,,La Coronilla,La Coronilla,"Coronilla,La Coronilla",0,27100
3442151,UY,09,,-33.55791,-53.85803,,Maldonado,,,Coronilla,La Coronilla,"Coronilla,La Coronilla",0,20500
3443289,UY,14,,-34.19871,-53.85919,,Rocha,,,Castillos,Castillos,"Castillos,Palmara de Castillos,Pueblo de San Vicente de Castillos,San Vicente de Castillos",7686,27200
3443688,UY,18,,-31.6,-55.85,,Tacuarembo,,,Bañado De Rocha,Bañado de Rocha,,0,45000
10943926,UY,06,,-33.52217,-57.04969,,Flores,,,Puntas De Marincho,Puntas del Marincho,Puntas del Marincho,0,85000
3439840,UY,03,,-32.5,-54.01667,,Cerro Largo,,,Toledo,Toledo,,0,36200
3440413,UY,01,,-30.87418,-56.65978,,Artigas,,,Sarandi De Cuaro,Sarandí de Cuaró,"Sarandi de Cuaro,Sarandí de Cuaró",0,55000
3440793,UY,02,,-34.38333,-56.38333,,Canelones,,,Rincon De Vidal,Rincón de Vidal,,0,90200
3442100,UY,17,,-33.58333,-58.08333,,Soriano,,,Cañada Paraguaya,La Paraguaya,"Canada Paraguaya,Cañada Paraguaya,La Paraguaya",0,75100
10861916,UY,07,,-34.09708,-56.18512,,Florida,,,Juncal,Juncal,Juncal,0,94000
10861916,UY,16,,-34.09708,-56.18512,,San Jose,,,Juncal,Juncal,Juncal,0,80000
3443005,UY,04,,-33.96401,-58.28926,,Colonia,,,Colonia Estrella,Colonia Estrella,Colonia Estrella,0,70100
11171838,UY,04,,-34.24757,-57.40971,,Colonia,,,Costa De Colla Al Este,Costa de Colla al Este,Costa de Colla al Este,0,70200
3441020,UY,18,,-32.46667,-56.16667,,Tacuarembo,,,San Benito,Poblado San Benito,"Poblado San Benito,San Benito",0,45200
3441041,UY,18,,-32.38333,-55.06667,,Tacuarembo,,,Las Chircas,Poblado Las Chircas,"Las Chircas,Poblado Las Chircas",0,45000
10866526,UY,11,,-31.66235,-57.71978,,Paysandu,,,Bella Vista,Bella Vista,Bella Vista,0,50000
3442098,UY,02,,-34.76031,-56.2259,,Canelones,,,La Paz,La Paz,La Paz,19913,15900
3442865,UY,06,,-33.85,-56.88333,,Flores,,,Costas De San Jose,Costa de San José,"Costa de San Jose,Costa de San José,Costas de San Jose,Costas de San José",0,85000
10643058,UY,08,,-34.2057,-55.36217,,Lavalleja,,,El Soldado,El Soldado,El Soldado,0,30000
3439838,UY,02,,-34.73807,-56.09469,,Canelones,,,Toledo,Toledo,Toledo,4056,15700
3441354,UY,02,,-34.71716,-55.9584,,Canelones,,,Pando,Pando,"Pando,Villa de Pando,Пандо",24047,15600
3443444,UY,17,,-33.69874,-58.10903,,Soriano,,,Cañada Nieto,Cañada Nieto,"Canada Nieto,Cañada Nieto",0,75100
10637766,UY,19,,-33.34263,-54.25967,,Treinta y Tres,,,Corrales De Cebollati,Lechiguana de Corrales de Cebollatí,"Lechiguana de Corrales de Cebollati,Lechiguana de Corrales de Cebollatí",0,30300
10637766,UY,19,,-33.34263,-54.25967,,Treinta y Tres,,,Lechiguana De Corrales,Lechiguana de Corrales de Cebollatí,"Lechiguana de Corrales de Cebollati,Lechiguana de Corrales de Cebollatí",0,33000
10861733,UY,02,,-34.48826,-56.15213,,Canelones,,,La Paloma,La Paloma,La Paloma,0,90000
11171790,UY,04,,-34.33138,-57.35133,,Colonia,,,Pastoreo,Pastoreo,Pastoreo,0,70200
3440806,UY,18,,-31.75,-56.06667,,Tacuarembo,,,Rincon De La Aldea,Rincón de la Aldea,"Poblado Rincon de la Aldea,Poblado Rincón de la Aldea,Rincon Aldea,Rincon de la Aldea,Rincón Aldea,Rincón de la Aldea",0,45000
3440806,UY,18,,-31.75,-56.06667,,Tacuarembo,,,La Aldea,Rincón de la Aldea,"Poblado Rincon de la Aldea,Poblado Rincón de la Aldea,Rincon Aldea,Rincon de la Aldea,Rincón Aldea,Rincón de la Aldea",0,45000
3441695,UY,12,,-32.55823,-57.48456,,Rio Negro,,,Menafra,Menafra,Menafra,0,65100
7914622,UY,02,,-34.75871,-55.72077,,Canelones,,,Parque Del Plata,Parque del Plata,,0,15300
10643034,UY,08,,-34.19187,-55.16086,,Lavalleja,,,Santa Lucia,Puntas de Santa Lucía,"Puntas de Santa Lucia,Puntas de Santa Lucía",0,30000
10643034,UY,08,,-34.19187,-55.16086,,Lavalleja,,,Puntas De Santa Lucia,Puntas de Santa Lucía,"Puntas de Santa Lucia,Puntas de Santa Lucía",0,30000
3440726,UY,09,,-34.16667,-54.66667,,Maldonado,,,Salamanca,Salamanca,,0,20500
3441260,UY,15,,-31.43802,-56.83835,,Salto,,,Paso Del Potrero,Paso del Potrero,"Paso Potrero,Paso del Potrero,Paso del Potrero de Arerungua,Paso del Potrero de Arerunguá",0,50000
10642391,UY,08,,-34.43241,-55.30203,,Lavalleja,,,La Plata,La Plata,La Plata,0,30000
10861705,UY,02,,-34.56692,-55.97925,,Canelones,,,Costa De Pando,Costa de Pando,Costa de Pando,0,91600
10944745,UY,15,,-31.12686,-56.66341,,Salto,,,Paso Nuevo Del Arapey,Paso Nuevo del Arapey,Paso Nuevo del Arapey,0,50000
11171828,UY,04,,-34.1058,-57.85214,,Colonia,,,Miguelete De Conchillas,Miguelete de Conchillas,Miguelete de Conchillas,0,70800
3441040,UY,18,,-32.15,-54.88333,,Tacuarembo,,,Laura,Poblado Laura,"Laura,Poblado Laura",0,45000
3442958,UY,04,,-34.16477,-58.03393,,Colonia,,,Conchillas,Conchillas,Conchillas,0,70000
3443631,UY,01,,-30.25966,-57.59919,,Artigas,,,Bella Union,Bella Unión,"BUV,Bel'ja Union,Bel'ja-Un'on,Belja Unionas,Bella Union,Bella Unión,Belya Ownon,Santa Rosa,Santa Rosa del Cuareim,bei ya wu ni weng,bla ywnywn,bya awnyn,Белья Уніон,Белья-Уньон,Բելյա Ունոն,بلا یونیون,بیا اونین,貝亞烏尼翁",13171,55100
3443911,UY,06,,-33.75,-56.46667,,Flores,,,Ahogados,Ahogados,,0,94100
10943931,UY,06,,-33.26079,-57.07701,,Flores,,,El Coronilla,El Coronilla,El Coronilla,0,85000
3440795,UY,15,,-31.28066,-57.20176,,Salto,,,Rincon De Valentin,Rincón de Valentín,"Rincon de Valentin,Rincon de Valentines,Rincón de Valentines,Rincón de Valentín",0,50000
3443183,UY,07,,-33.86252,-55.54264,,Florida,,,Alejandro Gallinal,Alejandro Gallinal,"Alejandro Gallinal,Cerro Colorado",1354,96500
7729799,UY,09,,-34.83734,-55.30046,,Maldonado,,,Playa Hermosa,Playa Hermosa,,0,20200
3441437,UY,11,,-32.38001,-57.51733,,Paysandu,,,Orgoroso,Orgoroso,Orgoroso,0,60000
10861569,UY,02,,-34.54293,-56.06014,,Canelones,,,Puntas De Pantanoso,Puntas de Pantanoso,Puntas de Pantanoso,0,91400
10861569,UY,02,,-34.54293,-56.06014,,Canelones,,,Pantanoso,Puntas de Pantanoso,Puntas de Pantanoso,0,91500
10861569,UY,16,,-34.54293,-56.06014,,San Jose,,,Pantanoso,Puntas de Pantanoso,Puntas de Pantanoso,0,80000
3439591,UY,19,,-33.29073,-53.90075,,Treinta y Tres,,,Villa Passano,Villa Passano,"Picada de Passano,Villa Passano",0,33000
3440927,UY,17,,-33.65,-57.53333,,Soriano,,,Duraznito,Puntas Duraznito,"Duraznito,Puntas Duraznito",0,75200
3441058,UY,18,,-31.7,-56.1,,Tacuarembo,,,Cerro De Pastoreo,Poblado Cerro del Pastoreo,"Cerro Pastoreo,Poblado Cerro del Pastoreo",0,45000
3442687,UY,04,,-34.33594,-57.69057,,Colonia,,,El Semillero,El Semillero,El Semillero,0,70000
3443077,UY,07,,-33.55,-55.66667,,Florida,,,Chilcas,Chilcas,,0,98000
3443533,UY,10,,-34.9,-56.13333,,Montevideo,,,Buceo,Buceo,Buceo,0,11600
10098514,UY,09,,-34.57896,-55.0594,,Maldonado,,,Zanja Del Tigre,Zanja del Tigre,,0,20000
10098634,UY,16,,-34.767,-56.38381,,San Jose,,,Ciudad Del Plata,Ciudad del Plata,,0,80500
3441034,UY,18,,-32.18333,-55.03333,,Tacuarembo,,,Los Gomez,Poblado Los Gómez,"Los Gomez,Poblado Los Gomez,Poblado Los Gómez",0,45000
10645471,UY,08,,-33.93474,-54.58557,,Lavalleja,,,Rincon De Mariscala,Rincón de Mariscala,"Rincon de Mariscala,Rincón de Mariscala",0,30000
8058695,UY,01,,-30.74095,-57.62962,,Artigas,,,Sarandi De Yacuy,Sarandí de Yacuy,"Sarandi de Yacuy,Sarandí de Yacuy",0,50200
8058695,UY,15,,-30.74095,-57.62962,,Salto,,,Yacuy,Sarandí de Yacuy,"Sarandi de Yacuy,Sarandí de Yacuy",0,50200
3441681,UY,12,,-32.38486,-56.90429,,Rio Negro,,,Merinos,Merinos,Merinos,0,60100
8555966,UY,09,,-34.8741,-55.0888,,Maldonado,,,Chihuahua,Chihuahua,,0,20000
10098411,UY,09,,-34.85414,-55.12897,,Maldonado,,,La Capuera,La Capuera,,0,20000
3439599,UY,17,,-33.76667,-58.35,,Soriano,,,Villa Alejandrina,Villa Alejandrina,"Alejandrina,Villa Alejandrina,Villa Alesandrina",0,70700
3440698,UY,02,,-34.44016,-55.95861,,Canelones,,,San Bautista,San Bautista,San Bautista,1905,91200
3441003,UY,07,,-33.48687,-56.15635,,Florida,,,Polanco Del Yi,Polanco del Yi,"Paso Polanco del Yi,Polanco del Yi",0,94100
3440792,UY,13,,-31.81667,-55.18333,,Rivera,,,Rincon De Yaguari,Rincón de Yaguarí,,0,41200
3441577,UY,02,,-34.49339,-55.56219,,Canelones,,,Montes,Montes,Montes,1687,91700
3443169,UY,13,,-31.47055,-55.15377,,Rivera,,,Cerro Pelado,Cerro Pelado del Este,,0,41100
3443253,UY,05,,-32.88333,-55.51667,,Durazno,,,Ceibal,Ceibal,,0,97000
3442138,UY,02,,-34.75572,-55.68141,,Canelones,,,La Floresta,La Floresta,"Floresta,La Floresta",1107,15300
7838846,UY,02,,-34.83784,-55.9731,,Canelones,,,El Bosque,El Bosque,,0,15000
10861508,UY,02,,-34.64217,-56.24071,,Canelones,,,Villa Felicidad,Villa Felicidad,Villa Felicidad,0,15900
3440844,UY,04,,-34.88333,-56.18333,,Colonia,,,Reducto,Reducto,Reducto,0,70000
3440844,UY,10,,-34.88333,-56.18333,,Montevideo,,,Reducto,Reducto,Reducto,0,11800
3442526,UY,09,,-34.7649,-55.2555,,Maldonado,,,Gerona,Gerona,Gerona,0,20300
3443758,UY,01,,-30.4,-56.46667,,Artigas,,,Artigas,Artigas,"ATI,Artigas,Artigasas,San Eugenio,a di jia si,aleutigaseu,artygas  arwgwyh,arutigasu,Αρτίγας,Артигас,Արտիգաս,آرتیگاس، اروگوئه,آرتیگاس، یوراگوئے,არტიგასი,アルティガス,阿蒂加斯,아르티가스",41909,55000
3439525,UY,12,,-32.69844,-57.62693,,Rio Negro,,,Young,Young,"Jang,Jangas,Yang,Young,iangi,yang ge,yang  arwgwyh,Янг,Յանգ,یانگ، اروگوئه,ینگ، یوراگوئے,იანგი,楊格",15924,65100
3440115,UY,18,,-32.1,-54.86667,,Tacuarembo,,,Sauce Solo,Sauce Solo de Río Negro,"Poblado Rio Negro,Poblado Río Negro,Rio Negro,Río Negro,Sauce Solo,Sauce Solo de Rio Negro,Sauce Solo de Río Negro",0,45000
3443447,UY,19,,-33.31698,-53.98169,,Treinta y Tres,,,Cañada Chica,Cañada Chica,"Canada Chica,Cañada Chica",0,33000
3439593,UY,10,,-34.88333,-56.18333,,Montevideo,,,Villa Muñoz Retiro,Villa Muñoz,"Villa Munoz,Villa Muñoz",0,11800
3439659,UY,07,,-34.18917,-56.33944,,Florida,,,25 De Mayo,25 de Mayo,"25 de Mayo,Isla Mala,Veinticinco de Mayo",1839,95100
3440021,UY,02,,-34.34349,-55.76375,,Canelones,,,Tala,Tala,Tala,4949,91800
3440706,UY,15,,-31.35127,-57.75903,,Salto,,,San Antonio,San Antonio,San Antonio,0,50000
3442074,UY,08,,-33.38333,-55.08333,,Lavalleja,,,Larrosa,Larrosa,,0,34200
3443794,UY,15,,-31.41613,-57.99997,,Salto,,,Arenitas Blancas,Arenitas Blancas,Arenitas Blancas,0,50000
3440640,UY,05,,-32.83333,-55.48333,,Durazno,,,San Jose De Las Cañas,San José de las Cañas,"San Jose de Canas,San Jose de las Canas,San José de Cañas,San José de las Cañas",0,97000
3441292,UY,02,,-34.86028,-56.05222,,Canelones,,,Paso Carrasco,Paso de Carrasco,Paso de Carrasco,15393,15000
3442221,UY,08,,-33.45451,-54.53586,,Lavalleja,,,Jose Pedro Varela,José Pedro Varela,"J.P. Varela,Jose P. Varela,Jose Pedro Varela,José P. Varela,José Pedro Varela",5388,30300
3440102,UY,10,,-34.83333,-56.23333,,Montevideo,,,Sayago,Sayago,"Savago,Sayago",0,12900
3440931,UY,04,,-33.82146,-57.0195,,Colonia,,,Puntas Del Sauce,Puntas del Sauce,Puntas del Sauce,0,70600
3440931,UY,06,,-33.82146,-57.0195,,Flores,,,Puntas Del Sauce,Puntas del Sauce,Puntas del Sauce,0,85000
3440937,UY,11,,-31.86284,-57.34286,,Paysandu,,,Sauce Del Buricayupi,Puntas del Buricayupí,"Buricayupi,Buricayupí,Puntas de Buricayupi,Puntas de Buricayupí,Puntas del Buricayupi,Puntas del Buricayupí,Sauce Buricayupi,Sauce Buricayupí",0,60000
3440937,UY,11,,-31.86284,-57.34286,,Paysandu,,,Puntas De Buricayupi,Puntas del Buricayupí,"Buricayupi,Buricayupí,Puntas de Buricayupi,Puntas de Buricayupí,Puntas del Buricayupi,Puntas del Buricayupí,Sauce Buricayupi,Sauce Buricayupí",0,60000
3442233,UY,08,,-33.46667,-55.11667,,Lavalleja,,,Jose Batlle Y Ordoñez,José Batlle y Ordóñez,"Batlle y Ordonez,Batlle y Ordoñez,Jose Batlle y Ordonez,José Batlle y Ordóñez",2438,34200
3443134,UY,16,,-34.16667,-56.68333,,San Jose,,,Chamizo,Chamizo,,0,80000
3443261,UY,15,,-31.24217,-56.77109,,Salto,,,Pueblo Cayetano,Pueblo Cayetano,"Cayetano,Pueblo Cayetano",0,50000
3443160,UY,17,,-33.18333,-57.46667,,Soriano,,,Cerro Vera,Cerro Vera,"Cerro Vera,Vera",0,75000
10866292,UY,11,,-31.8847,-57.48016,,Paysandu,,,Gallinal,Gallinal,Gallinal,0,60000
10866732,UY,15,,-31.49686,-57.13294,,Salto,,,Puntas De Valentin,Puntas de Valentín,"Puntas de Valentin,Puntas de Valentín",0,50000
3440796,UY,03,,-32.5,-54.41667,,Cerro Largo,,,Rincon De Py,Rincón de Py,,0,36200
3440855,UY,07,,-33.99113,-55.64742,,Florida,,,Reboledo,Reboledo,Reboledo,0,96400
6691980,UY,14,,-34.04583,-53.5405,,Rocha,,,Punta Del Diablo,Punta del Diablo,Punta del Diablo,300,27200
10642052,UY,09,,-34.79826,-54.89273,,Maldonado,,,Parque Medina,Parque Medina,Parque Medina,0,20400
10943825,UY,12,,-33.23321,-58.03854,,Rio Negro,,,Los Arrayanes,Los Arrayanes,Los Arrayanes,0,75000
10944685,UY,15,,-31.33756,-57.40708,,Salto,,,Colonia Itapebi,Colonia Itapebí,"Colonia Itapebi,Colonia Itapebí",0,50000
3442714,UY,17,,-33.60231,-57.62691,,Soriano,,,Egaña,Egaña,"Egana,Egaña,Pueblo Egana,Pueblo Egaña",0,75200
3442867,UY,02,,-34.76524,-55.6588,,Canelones,,,Costa Azul,Costa Azul,"Balneario Costa Azul,Costa Azul",0,15300
3443472,UY,01,,-30.56667,-56.88333,,Artigas,,,Camaño,Camaño,,0,55000
3443676,UY,14,,-33.74911,-53.37935,,Rocha,,,Barra Del Chuy,Barra del Chuy,"Balneario Barra del Chuy,Barra Do Chuy,Barra del Chuy,La Barra",0,27100
10861474,UY,02,,-34.72,-55.87972,,Canelones,,,La Montañesa,La Montañesa,"La Montanesa,La Montañesa",0,15600
10943644,UY,16,,-33.9849,-56.98436,,San Jose,,,Paso Del Guaycuru,Paso del Guaycurú,"Paso del Guaycuru,Paso del Guaycurú",0,85000
3439696,UY,04,,-34.33957,-57.26246,,Colonia,,,Colonia Valdense,Colonia Valdense,"Colonia Valdense,Piamontesa,Valdense",0,70400
3441097,UY,02,,-34.33333,-55.65,,Canelones,,,Piedritas,Piedritas,,0,91800
3441846,UY,16,,-32.11667,-54.06667,,San Jose,,,Mangrullo,Mangrullo,,0,80200
3441846,UY,03,,-32.11667,-54.06667,,Cerro Largo,,,Mangrullo,Mangrullo,,0,37000
10098586,UY,14,,-34.57768,-54.12011,,Rocha,,,Punta Rubia,Punta Rubia,,0,27400
11171835,UY,04,,-34.22026,-57.47759,,Colonia,,,Barker Norte,Barker Norte,Barker Norte,0,70200
3442727,UY,05,,-33.38056,-56.52361,,Durazno,,,Durazno,Durazno,"DZO,Duranzo,Durasnas,Durasno,Durazno,do~urasuno,du la si nuo,dulaseuno,durasno,dwrasnw,dwraznw,Дурасно,Դուրասնո,دورازنو,دوراسنو,დურასნო,ドゥラスノ,杜拉斯諾,두라스노",33926,97000
10861466,UY,02,,-34.77083,-55.80809,,Canelones,,,Fortin De Santa Rosa,Fortín de Santa Rosa,"Fortin de Santa Rosa,Fortín de Santa Rosa",0,15100
3440934,UY,13,,-31.31667,-55.2,,Rivera,,,Puntas De Corrales,Puntas de Corrales,,0,40000
3443190,UY,11,,-31.86279,-57.54004,,Paysandu,,,Cerro Chato,Cerro Chato,Cerro Chato,0,60000
11171779,UY,04,,-34.42105,-57.59543,,Colonia,,,Santa Ana,Santa Ana,Santa Ana,0,70000
3441597,UY,07,,-33.46667,-55.2,,Florida,,,Molles Del Pescado,Molles del Pescado,,0,34200
3439772,UY,12,,-33.73333,-57.83333,,Rio Negro,,,Tres Bocas,Tres Bocas,,0,65100
3439773,UY,11,,-31.88333,-57.48333,,Paysandu,,,Tres Bocas,Tres Bocas,,0,60000
11171821,UY,04,,-34.20403,-57.79939,,Colonia,,,San Juan,San Juan,San Juan,0,70600
3439904,UY,02,,-34.56768,-55.75113,,Canelones,,,Estacion Tapia,Estación Tapia,"Estacion Tapia,Estación Tapia,Tapia",0,91600
3440092,UY,01,,-30.9892,-56.87044,,Artigas,,,Sequeira,Pueblo Sequeira,"Pueblo Sequeira,Sequeira",0,55000
3442058,UY,01,,-30.26204,-57.58174,,Artigas,,,Las Piedras,Las Piedras,,2185,55100
3442682,UY,02,,-34.71528,-56.07333,,Canelones,,,Empalme Sauce,Empalme Sauce,,0,91500
8058822,UY,01,,-30.46747,-57.6156,,Artigas,,,Colonia Viñar,Colonia Viñar,"Colonia Vinar,Colonia Viñar",0,55100
10943767,UY,04,,-34.08448,-57.9961,,Colonia,,,Santa Rosa,Santa Rosa,Santa Rosa,0,70000
11171795,UY,04,,-34.28369,-57.82767,,Colonia,,,San Pedro Norte,San Pedro Norte,San Pedro Norte,0,70000
3440939,UY,09,,-34.94747,-54.93382,,Maldonado,,,Punta Del Este,Punta del Este,"PDP,Pounta ntel Este,Punta del Este,Punta del Estė,Punta del' Ehste,Punta-del'-Ehste,Punta-del'-Este,Punte del Este,ai si te jiao cheng,pun ta del xe s te,puntadel-eseute,pwnta dl asth,Πούντα ντελ Έστε,Пунта дел Есте,Пунта дель Эсте,Пунта-дель-Есте,Пунта-дель-Эсте,פונטה דל אסטה,پونتا دل استه,پونتا دیل ایستے,ปุนตาเดลเอสเต,プンタ・デル・エステ,埃斯特角城,푼타델에스테",7234,20000
10943701,UY,17,,-33.55424,-58.21093,,Soriano,,,Chacras De Dolores,Chacras de Dolores,Chacras de Dolores,0,75100
3439889,UY,15,,-30.9475,-57.52087,,Salto,,,Termas Del Arapey,Termas del Arapey,"Arapey,Termas del Arapey",0,50000
3441439,UY,14,,-33.98333,-53.98333,,Rocha,,,Oratorio,Oratorio,"El Oratorio,Oratorio",0,27200
3443458,UY,04,,-34.03263,-57.90204,,Colonia,,,Campana,Campana,Campana,0,70800
10098107,UY,10,,-34.87454,-56.16983,,Montevideo,,,Jacinto Vera,Jacinto Vera,,0,11800
10642764,UY,08,,-34.33066,-55.24995,,Lavalleja,,,Campanero,Campanero,Campanero,0,30000
3439513,UY,17,,-33.79438,-57.55113,,Soriano,,,Zanja Honda,Zanja Honda,Zanja Honda,0,75300
3441674,UY,02,,-34.48759,-55.62793,,Canelones,,,Sarandi De Migues,Migues,"Migues,Miguez",2203,91700
3441674,UY,02,,-34.48759,-55.62793,,Canelones,,,Migues,Migues,"Migues,Miguez",2203,91700
3441674,UY,02,,-34.48759,-55.62793,,Canelones,,,Solis Chico De Migues,Migues,"Migues,Miguez",2203,91700
3441674,UY,02,,-34.48759,-55.62793,,Canelones,,,El Colorado De Migues,Migues,"Migues,Miguez",2203,91700
3441674,UY,02,,-34.48759,-55.62793,,Canelones,,,Sauce Solo De Migues,Migues,"Migues,Miguez",2203,91700
3443671,UY,08,,-33.63406,-53.80593,,Lavalleja,,,Barrancas,Paso Barrancas,"Barrancas,Paso Barrancas",0,30000
10944673,UY,15,,-31.28962,-57.94296,,Salto,,,Parque Jose Luis,Parque José Luis,"Parque Jose Luis,Parque José Luis",0,50000
11171780,UY,04,,-34.42368,-57.60247,,Colonia,,,El Ensueño,El Ensueño,"El Ensueno,El Ensueño",0,70000
3439681,UY,19,,-33.25895,-55.10472,,Treinta y Tres,,,Valentines,Valentines,,0,35100
3440596,UY,02,,-34.29155,-55.95571,,Canelones,,,San Ramon,San Ramón,"San Ramon,San Ramón",7008,91100
3440596,UY,02,,-34.29155,-55.95571,,Canelones,,,Vejigas De San Ramon,San Ramón,"San Ramon,San Ramón",7008,91100
3442051,UY,18,,-32.17663,-55.0143,,Tacuarembo,,,Paso De Las Toscas,Las Toscas,"Las Toscas,Paso de las Toscas",0,45000
3440696,UY,09,,-34.79123,-54.91824,,Maldonado,,,San Carlos,San Carlos,"San Carlos,San Karlos,San Karlosas,San-Karlos,Villa de San Carlos,san karlws  arwgwyh,sankaleulloseu,sheng ka luo si,Сан-Карлос,Սան Կարլոս,سان کارلوس، اروگوئه,سان کارلوس، یوراگوئے,სან-კარლოსი,聖卡洛斯,산카를로스",24938,20400
3441952,UY,18,,-32.3,-55.33333,,Tacuarembo,,,Los Feos,Los Feos,,0,45000
3443220,UY,10,,-34.90528,-56.19444,,Montevideo,,,Centro,Centro,Centro,0,11100
3443880,UY,12,,-32.42124,-57.38929,,Rio Negro,,,Algorta,Algorta,Algorta,0,60400
10636535,UY,14,,-33.84907,-53.48398,,Rocha,,,Palmares De La Coronilla,Palmares de la Coronilla,Palmares de la Coronilla,0,27100
10861701,UY,02,,-34.51591,-56.25783,,Canelones,,,Paso Palomeque,Paso Palomeque,Paso Palomeque,0,90000
3440781,UY,13,,-30.90534,-55.55076,,Rivera,,,Rivera,Rivera,"RVY,Rivera,Villa de Rivera,li wei la,libela,ri be ra,ribera,rivera,rybrh,ryfyra,rywra,rywyra,Ривера,Рівера,Ռիվերա,ריברה,ريفيرا,ریورا,ریویرا,রিবেরা,รีเบรา,რივერა,リベラ,里韦拉,리베라",64631,40000
3442031,UY,13,,-31.68333,-55.43333,,Rivera,,,Laureles,Laureles,"Laureles,Poblado Laureles",0,41100
3442194,UY,19,,-33.15,-54.15,,Treinta y Tres,,,Julio Maria Sanz,Julio María Sanz,,0,33000
3442803,UY,18,,-32.15,-56.11667,,Tacuarembo,,,Curtina,Curtina,"Curtina,San Maximo,San Máximo",1053,45000
7838848,UY,02,,-34.84639,-55.99806,,Canelones,,,Shangrila,Shangrila,,0,15000
3441273,UY,18,,-32.81667,-56.51667,,Tacuarembo,,,Paso De Los Toros,Paso de los Toros,"Paso de los Toros,Paso-de-los-Toros,Santa Isabel,pa suo de luo si tuo luo si,Пасо-де-лос-Торос,Պասո դե լոս Տորոս,پاسو د لوس‌تروس,پاسو دے لوس توروس,帕索德洛斯托羅斯",13221,45100
3442066,UY,09,,-34.81524,-55.32709,,Maldonado,,,Las Flores,Las Flores,"Flores,Las Flores,Playa Las Flores",0,20200
3442603,UY,15,,-31.10191,-56.95623,,Salto,,,Ferreira,Ferreira,Ferreira,0,50000
8358381,UY,01,,-30.22519,-57.56802,,Artigas,,,Cuareim,Cuareim,Cuareim,0,55100
10943553,UY,16,,-34.40745,-56.98768,,San Jose,,,La Boyada,La Boyada,La Boyada,0,80300
3443767,UY,16,,-34.13333,-56.4,,San Jose,,,Arroyo De La Virgen,Arroyo de la Virgen,,0,80000
10634561,UY,14,,-34.54519,-54.32662,,Rocha,,,La Ribiera,La Ribiera,La Ribiera,0,27000
10641708,UY,09,,-34.8468,-55.03166,,Maldonado,,,Las Cumbres,Las Cumbres,Las Cumbres,0,20000
3440114,UY,13,,-30.93333,-55.55,,Rivera,,,Sauzal,Sauzal,,0,40100
3440572,UY,13,,-31.55,-55.55,,Rivera,,,Santa Ernestina,Santa Fernandina,"Santa Ernestina,Santa Fernandina",0,41100
3441286,UY,04,,-34.23775,-57.88152,,Colonia,,,La Horqueta,Paso de la Horqueta,Paso de la Horqueta,0,70000
3442688,UY,12,,-32.90521,-57.73176,,Rio Negro,,,Sauce,Sauce,"El Sauce,Sauce",0,65100
3443462,UY,01,,-30.78904,-56.7818,,Artigas,,,Paso Campamento,Paso Campamento,"Campamento,Paso Campamento",0,55000
10944874,UY,01,,-30.90736,-57.18958,,Artigas,,,Patitas,Patitas,Patitas,0,55000
11171781,UY,04,,-34.43411,-57.3349,,Colonia,,,Boca Del Rosario Oeste,Boca del Rosario Oeste,Boca del Rosario Oeste,0,70500
3439638,UY,15,,-31.59924,-56.81058,,Salto,,,Cerros De Vera,Cerros de Vera,"Cerros de Vera,Vera,Veras",0,50000
3440394,UY,07,,-33.73333,-56.33333,,Florida,,,Sarandi Grande,Sarandí Grande,"Sarandi,Sarandi Grande,Sarandí,Sarandí Grande,Villa Sarandi,Villa Sarandí",6441,94100
3440800,UY,16,,-34.50326,-56.83483,,San Jose,,,Rincon Del Pino,Rincón del Pino,"Rincon del Pino,Rincón del Pino",0,80000
3442118,UY,05,,-32.53333,-55.5,,Durazno,,,La Mazamorra,La Mazamorra,,0,97000
3442702,UY,11,,-31.89896,-57.26289,,Paysandu,,,El Eucaliptus,El Eucalipto,"El Eucalipto,El Eucaliptus,Eucaliptus",0,60000
3442750,UY,17,,-33.53009,-58.21701,,Soriano,,,Dolores,Dolores,"Dolores,Doloresas,doloresi,duo luo lei si,dwlwrs  arwgwyh,Долорес,Դոլորես,دولورس، اروگوئه,دولوریس، یوراگوئے,დოლორესი,多洛雷斯",15880,75100
3440864,UY,05,,-33.33333,-56.46667,,Durazno,,,Tejera,Rancherío Tejera,,0,97000
3443766,UY,06,,-33.96062,-57.08979,,Flores,,,Ismael Cortinas,Ismael Cortinas,"Arroyo Grande,Ismael Cortinas",0,85000
10642886,UY,09,,-34.10874,-54.52198,,Maldonado,,,Paso De Los Talas,Paso de Los Talas,Paso de Los Talas,0,20500
10865081,UY,11,,-32.47723,-57.56007,,Paysandu,,,Arroyo Negro,Arroyo Negro,Arroyo Negro,0,60300
10865081,UY,12,,-32.47723,-57.56007,,Rio Negro,,,Arroyo Negro,Arroyo Negro,Arroyo Negro,0,60000
3441692,UY,19,,-33.05,-54.15,,Treinta y Tres,,,Mendizabal,Mendizabal,"Mendizabal,Poblado Mendizabal",0,33000
3480814,UY,02,,-34.69833,-56.2175,,Canelones,,,El Dorado,El Dorado,,0,15900
10098414,UY,09,,-34.86896,-55.11515,,Maldonado,,,Ocean Park,Ocean Park,,0,20000
3440138,UY,11,,-32.09158,-57.61172,,Paysandu,,,Sauce Del Queguay,Sauce del Queguay,"Sauce Queguay,Sauce de Queguay,Sauce del Queguay",0,60000
8521750,UY,09,,-34.93995,-54.94301,,Maldonado,,,Buenos Aires,Buenos Aires,,0,20000
10861472,UY,02,,-34.79483,-55.88946,,Canelones,,,El Pinar,El Pinar,El Pinar,0,15800
3440616,UY,17,,-33.75,-57.61667,,Soriano,,,San Martin,San Martín,,0,75400
10098021,UY,10,,-34.91219,-56.18876,,Montevideo,,,Barrio Sur,Barrio Sur,,0,11100
3441050,UY,08,,-31.76667,-56.01667,,Lavalleja,,,Godoy,Poblado Godoy,"Godoy,Poblado Godoy",0,34200
3480823,UY,10,,-34.88528,-56.06056,,Montevideo,,,Carrasco,Carrasco,Carrasco,0,11500
10636635,UY,08,,-33.6221,-54.54265,,Lavalleja,,,Molles De Cañada Grande,Molles de Cañada Grande,"Molles de Canada Grande,Molles de Cañada Grande",0,30300
3439590,UY,19,,-33.2534,-54.41947,,Treinta y Tres,,,Villa Sara,Villa Sara,Villa Sara,1071,33000
3443614,UY,01,,-30.2983,-56.97047,,Artigas,,,Bernabe Rivera,Bernabé Rivera,"Bernabe Rivera,Bernabé Rivera",0,55000
7645440,UY,14,,-34.62925,-54.15307,,Rocha,,,Costa Azul,Costa Azul,,0,27400
10861467,UY,02,,-34.77433,-55.82406,,Canelones,,,Marindia,Marindia,Marindia,0,15100
10861486,UY,02,,-34.6944,-55.97063,,Canelones,,,Estanque De Pando,Estanque de Pando,Estanque de Pando,0,15600
10861690,UY,02,,-34.67168,-56.35408,,Canelones,,,Paso De Las Toscas,Paso de las Toscas,Paso de las Toscas,0,90000
10862744,UY,12,,-32.47548,-58.14717,,Rio Negro,,,Santa Elisa,Santa Elisa,Santa Elisa,0,60000
10865593,UY,11,,-32.12346,-57.64236,,Paysandu,,,Sauce De Abajo,Sauce de Abajo,Sauce de Abajo,0,60000
3439585,UY,08,,-34.3184,-54.9836,,Lavalleja,,,Villa Serrana,Villa Serrana,Villa Serrana,0,30000
3441287,UY,02,,-34.44227,-56.14835,,Canelones,,,Paso De La Cadena,Paso de la Cadena,Paso de la Cadena,0,91300
9072748,UY,10,,-34.881,-56.1168,,Montevideo,,,Malvin Norte,Malvín Norte,,0,11400
9883535,UY,09,,-34.88537,-55.26943,,Maldonado,,,San Francisco,San Francisco,,0,20200
3440076,UY,02,,-34.68432,-55.702,,Canelones,,,Dr. Francisco Soca,Soca,"Doctor Francisco Soca,Doctor Soca,Francisco Soca,Mosquitos,Soca",1742,15600
3441384,UY,01,,-30.68333,-57.51667,,Artigas,,,Palma Sola,Palma Sola,,0,55000
3441392,UY,14,,-34.26608,-53.93506,,Rocha,,,Palmar De Castillos,Palmar de Castillos,"Castillos,Palmar de Castillos,Palmares de Castillos",0,27200
3442766,UY,14,,-33.68216,-53.55325,,Rocha,,,18 De Julio,Dieciocho de Julio,"18 de Julio,Dieciocho de Julio,Diez y Ocho de Julio,Pueblo 18 de Julia",1202,27100
7914084,UY,10,,-34.89265,-56.08175,,Montevideo,,,Punta Gorda,Punta Gorda,,0,11400
10098449,UY,09,,-34.63077,-55.05631,,Maldonado,,,El Eden,El Edén,,0,20000
10634590,UY,14,,-34.21078,-53.84475,,Rocha,,,Barrio Torres,Barrio Torres,Barrio Torres,0,27200
10861691,UY,02,,-34.63688,-56.35614,,Canelones,,,Cerrillos Al Sur,Cerrillos al Sur,Cerrillos al Sur,0,90100
3442158,UY,15,,-31.25,-57.2,,Salto,,,La Bolsa,La Bolsa,,0,50000
3442162,UY,09,,-34.91196,-54.85397,,Maldonado,,,La Barra,La Barra,La Barra,0,20000
3441977,UY,15,,-31.10152,-57.06414,,Salto,,,Lluveras,Lluveras,Lluveras,0,50000
3442160,UY,01,,-30.84614,-56.3366,,Artigas,,,La Bolsa,La Bolsa,La Bolsa,0,55000
3442160,UY,18,,-30.84614,-56.3366,,Tacuarembo,,,La Bolsa 01,La Bolsa,La Bolsa,0,45000
10634642,UY,19,,-34.45831,-54.29648,,Treinta y Tres,,,Las Chacras,Las Chacras,Las Chacras,0,33000
3441009,UY,08,,-33.87517,-55.12167,,Lavalleja,,,Polanco,Polanco Norte,"Polanco,Polanco Norte",0,30000
3441009,UY,08,,-33.87517,-55.12167,,Lavalleja,,,Polanco Norte,Polanco Norte,"Polanco,Polanco Norte",0,30000
3442700,UY,11,,-31.9836,-57.48502,,Paysandu,,,El Horno,El Horno,El Horno,0,60000
9883531,UY,09,,-34.84977,-55.302,,Maldonado,,,Playa Grande,Playa Grande,,0,20200
10943547,UY,16,,-34.44232,-57.14762,,San Jose,,,Boca Del Cufre,Boca del Cufré,"Boca del Cufre,Boca del Cufré",0,80300
10943563,UY,16,,-34.53084,-56.61865,,San Jose,,,Valdez Chico,Valdéz Chico,"Valdez Chico,Valdéz Chico",0,80100
10943590,UY,16,,-34.36477,-56.53161,,San Jose,,,La Cuchilla,La Cuchilla,La Cuchilla,0,80400
3441026,UY,18,,-31.83333,-55.76667,,Tacuarembo,,,Rincon De Giloca,Poblado Rincón de Giloca,"Poblado Rincon de Giloca,Poblado Rincón de Giloca,Rincon de Giloca,Rincón de Giloca",0,45000
3441953,UY,04,,-34.21871,-57.93073,,Colonia,,,Cerros De San Juan,Los Cerros de San Juan,Los Cerros de San Juan,0,70000
3442602,UY,07,,-33.48333,-55.56667,,Florida,,,Ferrer,Ferrer,,0,98000
10866400,UY,18,,-31.82228,-56.17508,,Tacuarembo,,,Valle Eden,Valle Edén,"Valle Eden,Valle Edén",0,45000
3440617,UY,14,,-33.60349,-53.71658,,Rocha,,,San Luis Al Medio,San Luis al Medio,"Costa de San Luis,Olivera,Paso de San Luis,San Luis,San Luis al Medio",0,27300
3443052,UY,18,,-32.22414,-55.73224,,Tacuarembo,,,Clara,Clara,,0,45000
3443697,UY,01,,-30.71905,-57.32596,,Artigas,,,Baltasar Brum,Baltasar Brum,"Baltasar Brum,Cabellos,Estacion Isla Cabello,Estacion Isla de Cabello,Estación Isla Cabello,Estación Isla de Cabello,Isla Cabello,Isla Cabellos,Isla de Cabellos,Pueblo Isla Cabellos",2517,55000
3443928,UY,02,,-34.52194,-56.39361,,Canelones,,,Aguas Corrientes,Aguas Corrientes,Aguas Corrientes,1101,90200
10098576,UY,03,,-34.61484,-54.15067,,Cerro Largo,,,Arachania,Arachania,,0,37000
10098576,UY,14,,-34.61484,-54.15067,,Rocha,,,Arachania,Arachania,,0,27400
10098117,UY,10,,-34.88718,-56.16803,,Montevideo,,,La Comercial,La Comercial,,0,11800
3441027,UY,18,,-32.33333,-55.88333,,Tacuarembo,,,Paso Hondo,Poblado Paso Hondo,"Paso Hondo,Paso Hondo del Arroyo Malo,Poblado Paso Hondo",0,45000
3441027,UY,06,,-32.33333,-55.88333,,Flores,,,Paso Hondo,Poblado Paso Hondo,"Paso Hondo,Paso Hondo del Arroyo Malo,Poblado Paso Hondo",0,85000
3441988,UY,16,,-34.63459,-56.61739,,San Jose,,,Libertad,Libertad,"Liberfad,Libertad",9311,80100
3442585,UY,07,,-34.09556,-56.21417,,Florida,,,Florida,Florida,"Ciudad de la Florida,Florida,Флорида",32234,94000
3443437,UY,18,,-31.3,-56.01667,,Tacuarembo,,,Cañas,Cañas,,0,45000
3443764,UY,06,,-33.33333,-56.93333,,Flores,,,Arroyo Malo,Arroyo Malo,,0,85000
3443764,UY,11,,-33.33333,-56.93333,,Paysandu,,,Arroyo Malo,Arroyo Malo,,0,60200
10641919,UY,09,,-34.76438,-54.96711,,Maldonado,,,Los Ceibos,Los Ceibos,Los Ceibos,0,20400
3440637,UY,04,,-33.93333,-57.46667,,Colonia,,,Puntas De San Juan,San Juan,"Puntas de San Juan,San Juan",0,70800
3440637,UY,07,,-33.93333,-57.46667,,Florida,,,San Juan,San Juan,"Puntas de San Juan,San Juan",0,94000
3440637,UY,04,,-33.93333,-57.46667,,Colonia,,,Puntas De San Pedro,San Juan,"Puntas de San Juan,San Juan",0,70000
3443341,UY,04,,-34.00023,-58.28402,,Colonia,,,Carmelo,Carmelo,"Carmelo,Karmelas,Karmelo,Las Viboras,Las Víboras,ka mei luo,karmlw  arwgwyh,Кармело,Կարմելո,کارملو، اروگوئه,კარმელო,卡梅洛",16921,70100
3442851,UY,02,,-34.63456,-55.9629,,Canelones,,,Cruz De Los Caminos,Cruz de los Caminos,Cruz de los Caminos,0,91500
3442135,UY,12,,-32.74842,-57.80226,,Rio Negro,,,La Florida,La Florida,La Florida,0,65100
8521752,UY,10,,-34.89621,-56.16803,,Montevideo,,,Tres Cruces,Tres Cruces,Tres Cuces,0,11800
3441047,UY,13,,-32.05,-54.63333,,Rivera,,,La Chilca,Poblado La Chilca,"La Chirca,Poblado La Chilca",0,41200
8555964,UY,09,,-34.8729,-55.13961,,Maldonado,,,Portezuelo,Sauce de Portezuelo,,0,20000
8555964,UY,09,,-34.8729,-55.13961,,Maldonado,,,Sauce De Portezuelo,Sauce de Portezuelo,,0,20000
3441147,UY,01,,-30.52417,-56.35267,,Artigas,,,Piedra Pintada,Piedra Pintada,"Colonia Pintado,Piedra Pintada,Pintado Colonia Agricola,Pintado Colonia Agrícola",0,55000
3442834,UY,02,,-34.791,-55.49915,,Canelones,,,Cuchilla Alta,Cuchilla Alta,"Balneario Cuchilla Alta,Cuchilla Alta",0,15400
3443013,UY,04,,-34.46262,-57.83976,,Colonia,,,Colonia Del Sacramento,Colonia del Sacramento,"CYR,Ciudad de la Colonia del Sacramento,Colonia,Colonia del Sacramento,Colonia do Sacramento,Colônia do Sacramento,Kolonia del Sakramento,Kolonia ntel Sakramento,Kolonija,Kolonija del Sakramentas,Kolonija del Sakramento,Kolonija del' Sakramento,Kolonija-del'-Sakramento,La Ciudad de Colonia,Sacramento,Sakramento koloniyasi,Sakramento koloniyası,cakramento kutiyerrap pakuti,ke luo ni ya·de er·sha jia mian du,kolloniadelsakeulamento,koloniya dela sakramento,kwlwnya dl sakramntw,kwlwnya dyl sakramyntw,qwlwnyh dl sqrmntw,Κολόνια ντελ Σακραμέντο,Колония дел Сакраменто,Колония дель Сакраменто,Колония-дель-Сакраменто,Колонија дел Сакраменто,Колонія-дель-Сакраменто,Կոլոնիա դել Սակրամենտո,קולוניה דל סקרמנטו,کولونیا دل ساکرامنتو,کولونیا دیل ساکرامینتو,কোলোনিয়া দেল সাক্রামেন্তো,சாக்ரமெந்தோ குடியேற்றப் பகுதி,კოლონია-დელ-საკრამენტო,コロニア・デル・サクラメント,科洛尼亞·德爾·沙加緬度,콜로니아델사크라멘토",21714,70000
10098534,UY,04,,-34.74734,-55.40015,,Colonia,,,La Sierra,La Sierra,,0,70300
10098534,UY,14,,-34.74734,-55.40015,,Rocha,,,La Sierra,La Sierra,,0,27000
10098534,UY,09,,-34.74734,-55.40015,,Maldonado,,,La Sierra,La Sierra,,0,20300
3442568,UY,12,,-33.11651,-58.31067,,Rio Negro,,,Fray Bentos,Fray Bentos,"FZB,Frai Bentosas,Fraj Bentos,Fraj-Bentos,Fray Bentos,Frej Bentos,Independencia,Villa Fray Bentos,Villa Independencia,Villa de Fray Bentos,fray bntws,fray byntws,fu lai ben tuo si,peulaibentoseu,Фрай Бентос,Фрай-Бентос,Фрей Бентос,Ֆրայ Բենտոս,فرای بنتوس,فرای بینتوس,ფრაი-ბენტოსი,弗賴本托斯,프라이벤토스",23279,65000
9883528,UY,09,,-34.85287,-55.2696,,Maldonado,,,La Falda,Barrio La Falda,,0,20200
10862722,UY,12,,-32.64715,-57.25655,,Rio Negro,,,Mataojo,Mataojo,Mataojo,0,65100
3440686,UY,17,,-33.10088,-57.75736,,Soriano,,,San Dios,San Díos,"San Dios,San Díos",0,75000
3442529,UY,12,,-32.55496,-57.38818,,Rio Negro,,,Villa General Borges,Villa General Borges,"General Borges,Villa Borges,Villa General Borges",0,65100
3443939,UY,17,,-33.80981,-58.26669,,Soriano,,,Agraciada,Agraciada,"Agraciada,Pueblo la Agraciada",0,70700
10861910,UY,07,,-34.14737,-56.27753,,Florida,,,Berrondo,Berrondo,Berrondo,0,94000
10943830,UY,17,,-33.32708,-58.03778,,Soriano,,,Colonia Diaz,Colonia Díaz,"Colonia Diaz,Colonia Díaz",0,75000
3441556,UY,05,,-32.9,-56.13333,,Durazno,,,Mouriño,Mouriño,"Mourino,Mouriño,Pueblo Mourino,Pueblo Mouriño",0,97000
3441803,UY,08,,-34.04085,-54.77732,,Lavalleja,,,Mariscala,Mariscala,"La Mariscala,Mariscala",1695,30000
3441803,UY,05,,-34.04085,-54.77732,,Durazno,,,Mariscala,Mariscala,"La Mariscala,Mariscala",1695,98000
3443785,UY,02,,-34.79268,-55.45435,,Canelones,,,Argentino,Argentino,"Argentino,Balneario Argentino",0,15400
3441011,UY,10,,-34.90972,-56.15222,,Montevideo,,,Pocitos,Pocitos,Pocitos,0,11300
3441055,UY,18,,-32.45,-55.03333,,Tacuarembo,,,Minuano,Poblado del Minuano,"Minuano,Poblado del Minuano",0,45000
10636632,UY,08,,-33.65328,-54.45538,,Lavalleja,,,Rincon De Cebollati,Rincón de Cebollatí,"Rincon de Cebollati,Rincón de Cebollatí",0,30300
11171826,UY,04,,-34.13402,-57.9793,,Colonia,,,El Bañado,El Bañado,"El Banado,El Bañado",0,70000
3441042,UY,18,,-32.01667,-55.06667,,Tacuarembo,,,Las Arenas,Poblado Las Arenas,"Las Arenas,Poblado Las Arenas",0,45000
3441358,UY,09,,-34.7787,-55.23582,,Maldonado,,,Pan De Azucar,Pan de Azúcar,"Pan de Azucar,Pan de Azúcar",7180,20300
3442706,UY,04,,-33.98155,-58.28221,,Colonia,,,El Cerro,El Cerro,,0,70100
10098425,UY,09,,-34.8884,-54.79311,,Maldonado,,,Balneario Buenos Aires,Balneario Buenos Aires,,0,20000
10862729,UY,12,,-32.58821,-57.84237,,Rio Negro,,,Uleste,Uleste,Uleste,0,60000
3439655,UY,02,,-34.28333,-55.23333,,Canelones,,,Vejigas,Vejigas,,0,91800
3439655,UY,08,,-34.28333,-55.23333,,Lavalleja,,,Vejigas,Vejigas,,0,30000
3441813,UY,05,,-33.08333,-56.18333,,Durazno,,,Maria Cejas,María Cejas,"Arroyo Maria Cejas,Arroyo María Cejas,Maria Cejas,María Cejas",0,97000
3443377,UY,16,,-34.43662,-56.46447,,San Jose,,,Capurro,Capurro,Capurro,0,90200
3443445,UY,11,,-31.94759,-57.18205,,Paysandu,,,Cañada Del Pueblo,Cañada del Pueblo,"Canada del Pueblo,Cañada del Pueblo",0,60000
3443957,UY,13,,-31.75,-55.01667,,Rivera,,,Abrojal,Abrojal,,0,41200
3440722,UY,02,,-34.77731,-55.83954,,Canelones,,,Salinas,Salinas,"Balneario Salinas,Balneario de Pando,Salinas",0,15100
3441261,UY,03,,-32.46667,-55.23333,,Cerro Largo,,,Paso Pereira,Paso Pereira,,0,45000
3441261,UY,18,,-32.46667,-55.23333,,Tacuarembo,,,Cerro De Pereira,Paso Pereira,,0,45000
11171846,UY,04,,-34.13804,-57.79953,,Colonia,,,El Cuadro,El Cuadro,El Cuadro,0,70800
11171846,UY,02,,-34.13804,-57.79953,,Canelones,,,El Cuadro,El Cuadro,El Cuadro,0,91200
3440705,UY,02,,-34.4513,-56.08036,,Canelones,,,San Antonio,San Antonio,San Antonio,1453,91300
3440984,UY,11,,-32.39273,-57.96961,,Paysandu,,,Porvenir,Porvenir,Porvenir,0,60000
3480818,UY,02,,-34.7625,-56.02056,,Canelones,,,Capitan Juan Antonio Artigas,Cap. Juan A. Artigas,,0,15500
7838845,UY,02,,-34.82906,-55.9637,,Canelones,,,Solymar,Solymar,,0,15800
10098131,UY,02,,-34.75769,-56.29068,,Canelones,,,Melilla,Melilla,,0,90100
10641674,UY,19,,-33.17274,-54.62241,,Treinta y Tres,,,Rincon De Los Francos,Rincón de los Francos,"Rincon de los Francos,Rincón de los Francos",0,33000
3439827,UY,01,,-30.29768,-56.82055,,Artigas,,,Topador,Topador,"El Topador,Topador",0,55000
3441968,UY,04,,-34.01318,-58.27815,,Colonia,,,Lomas De Carmelo,Lomas de Carmelo,Lomas de Carmelo,0,70100
10098114,UY,10,,-34.88737,-56.15359,,Montevideo,,,La Blanqueada,La Blanqueada,,0,11600
10943766,UY,04,,-34.0361,-57.95617,,Colonia,,,Sarandi Campana,Sarandí Campana,"Sarandi Campana,Sarandí Campana",0,70800
3440063,UY,08,,-34.59951,-55.46808,,Lavalleja,,,Solis De Mataojo,Solís de Mataojo,"Solis,Solis Grande,Solis de Mataojo,Solís,Solís Grande,Solís de Mataojo",2704,30100
3440099,UY,16,,-34.36934,-57.04829,,San Jose,,,Scavino,Scavino,"Pueblo Scavino,Scavino",0,80300
3442114,UY,03,,-32.63333,-53.9,,Cerro Largo,,,La Micaela,La Micaela,,0,37000
3442206,UY,04,,-34.41888,-57.45285,,Colonia,,,Juan Lacaze,Juan L. Lacaze,"J.L. Lacaze,Juan L. Lacaze,Juan Lacaze,Pueblo Juan L. Lacaze",13223,70500
10098447,UY,09,,-34.90205,-54.81281,,Maldonado,,,El Chorro,El Chorro,,0,20000
10943714,UY,17,,-33.82885,-58.02352,,Soriano,,,Palo Solo,Palo Solo,Palo Solo,0,75100
3441062,UY,13,,-31.43333,-55.23333,,Rivera,,,Berruti,Poblado Berruti,"Berruti,Poblado Berruti",0,41100
3442711,UY,04,,-34.4,-57.66667,,Colonia,,,El Caño,El Caño,,0,70000
7838847,UY,02,,-34.83768,-55.9832,,Canelones,,,Lagomar,Lagomar,,0,15000
10944755,UY,15,,-31.07248,-57.7893,,Salto,,,Chacras De Constitucion,Chacras de Constitución,"Chacras de Constitucion,Chacras de Constitución",0,50100
3441679,UY,04,,-34.00646,-57.64792,,Colonia,,,Colonia Miguelete,Miguelete,"Colonia Miguelete,Miguelete",0,70800
3443179,UY,04,,-34.06596,-57.72325,,Colonia,,,Cerro De Las Armas,Cerro de las Armas,Cerro de las Armas,0,70800
7576513,UY,02,,-34.66258,-55.82977,,Canelones,,,Las Vegas,Las Vegas,,0,15300
10943560,UY,16,,-34.58846,-56.52652,,San Jose,,,Rincon De Buschental,Rincón de Buschental,"Rincon de Buschental,Rincón de Buschental",0,80100
3440959,UY,05,,-32.86667,-56.46667,,Durazno,,,Pueblo Centenario,Pueblo Centenario,,0,45100
3441239,UY,02,,-34.36667,-55.78333,,Canelones,,,Pedernal,Pedernal,,0,91800
3441291,UY,15,,-31.40267,-56.74197,,Salto,,,Paso Cementerio,Paso Cementerio,Paso Cementerio,0,50000
3441483,UY,04,,-34.3,-57.23333,,Colonia,,,Nueva Helvecia,Nueva Helvecia,"Nuehva-Ehl'vesija,Nueva Elvesia,Nueva Helvecia,nwywa hlwka,xin ai er wei xi ya,Нуэва-Эльвесия,Նուեվա Էլվեսիա,نوئوا هلوکا,نویوا ہیلویسیا,新埃爾韋西亞",10054,70300
3441441,UY,05,,-33.29621,-56.35578,,Durazno,,,Ombues De Oribe,Ombúes de Oribe,,0,97000
11171800,UY,04,,-34.27533,-57.33503,,Colonia,,,Rosario Y Colla,Rosario y Colla,Rosario y Colla,0,70200
3441031,UY,18,,-31.76667,-56.25,,Tacuarembo,,,Los Rodriguez,Poblado Los Rodríguez,"Los Rodriguez,Poblado Los Rodriguez,Poblado Los Rodríguez",0,45000
3442040,UY,02,,-34.78077,-55.56173,,Canelones,,,La Tuna,La Tuna,"La Tuna,Las Tunas,Playa La Tuna,Playa de La Tuna",0,15400
3442040,UY,14,,-34.78077,-55.56173,,Rocha,,,La Tuna,La Tuna,"La Tuna,Las Tunas,Playa La Tuna,Playa de La Tuna",0,27300
10861730,UY,02,,-34.49428,-56.27924,,Canelones,,,Paso Espinosa,Paso Espinosa,Paso Espinosa,0,90000
3439706,UY,03,,-32.48333,-53.51667,,Cerro Largo,,,Uruguay,Uruguay,,0,37100
3441499,UY,07,,-33.48333,-55.15,,Florida,,,Nico Perez,Nico Pérez,"Nico Perez,Nico Pérez",0,34200
3443214,UY,05,,-32.76667,-55.43333,,Durazno,,,Cerrezuelo,Cerrezuelo,,0,97000
3440571,UY,02,,-34.45333,-56.39056,,Canelones,,,Santa Lucia,Santa Lucía,"San Juan Bautista,Santa Lucia,Santa Lucía",16438,90200
3441475,UY,10,,-34.85,-56.23333,,Montevideo,,,Nuevo Paris,Nuevo París,"Balneario Nuevo Paris,Nuevo Paris,Nuevo París",0,11900
3442157,UY,19,,-32.93333,-54.26667,,Treinta y Tres,,,La Calavera,La Calavera,,0,33000
10098397,UY,09,,-34.84354,-54.94512,,Maldonado,,,Lago De Los Cisnes,Canteras de Marelli,,0,20000
10098397,UY,09,,-34.84354,-54.94512,,Maldonado,,,Puntas De Mataojo,Canteras de Marelli,,0,20000
10098397,UY,09,,-34.84354,-54.94512,,Maldonado,,,Rincon De Los Sosa,Canteras de Marelli,,0,20000
10098397,UY,09,,-34.84354,-54.94512,,Maldonado,,,Canteras De Marelli,Canteras de Marelli,,0,20000
10098397,UY,09,,-34.84354,-54.94512,,Maldonado,,,Puntas De Pan De Azucar,Canteras de Marelli,,0,20000
10861495,UY,02,,-34.79129,-55.99573,,Canelones,,,Villa Aeroparque,Villa Aeroparque,Villa Aeroparque,0,15500
11171842,UY,04,,-34.17276,-57.67321,,Colonia,,,San Luis Sanchez,San Luis Sánchez,"San Luis Sanchez,San Luis Sánchez",0,70600
3440622,UY,02,,-34.7686,-55.59069,,Canelones,,,San Luis,San Luis,"Balneario San Luis,San Luis",0,15400
3440714,UY,15,,-31.38333,-57.96667,,Salto,,,Salto,Salto,"Ciudad del Salto,STY,Sal'to,Salta,Saltas,Salto,sa er tuo,sal to,salato,salto,saltw  arwgwyh,saltw  awrwghway,saruto,sltw,Салто,Сальто,Սալտո,סלטו,سالتو، أوروغواي,سالتو، اروگوئه,سالتو، یوراگوئے,साल्तो,সালতো,ซัลโต,სალტო,サルト,萨尔托,살토",99823,50000
3443166,UY,13,,-31.76667,-54.8,,Rivera,,,Cerros Blancos,Cerros Blancos,,0,41200
11171827,UY,04,,-34.10241,-57.93597,,Colonia,,,Puntas De Juan Gonzalez,Puntas de Juan González,"Puntas de Juan Gonzalez,Puntas de Juan González",0,70800
3439592,UY,02,,-34.6,-56.13333,,Canelones,,,Villa Nueva,Villa Nueva,,0,91500
3440055,UY,17,,-33.39811,-58.32177,,Soriano,,,Villa Soriano,Villa Soriano,"Santo Domingo de Soriano,Soriano,Villa Soriano,Villa de Soriano",1195,75100
3442705,UY,11,,-31.95896,-57.5133,,Paysandu,,,El Chaco,El Chaco,El Chaco,0,60000
10861697,UY,02,,-34.60848,-56.46726,,Canelones,,,Parador Tajes,Parador Tajes,Parador Tajes,0,90100
3440654,UY,02,,-34.54465,-55.87151,,Canelones,,,San Jacinto,San Jacinto,San Jacinto,3954,91600
3441377,UY,17,,-33.50719,-57.80079,,Soriano,,,Palmitas,Palmitas,Palmitas,1979,75500
3441028,UY,18,,-32.21667,-55.6,,Tacuarembo,,,Montevideo Chico,Poblado Montevideo Chico,"Montevideo Chico,Poblado Montevideo Chico",0,45000
3442113,UY,03,,-31.9,-54.15,,Cerro Largo,,,La Mina,La Mina,,0,37000
3442709,UY,19,,-32.95,-54.21667,,Treinta y Tres,,,El Catete,El Catete,,0,33000
3442786,UY,17,,-33.11266,-57.63333,,Soriano,,,Villa Darwin,Villa Darwin,"Darwin,Villa Darwin",0,75000
10174968,UY,18,,-31.66653,-55.96397,,Tacuarembo,,,Balneario Ipora,Balneario Ipora,,0,45000
3439584,UY,07,,-34.05837,-56.36729,,Florida,,,Villa Vieja,Villa Vieja,Villa Vieja,0,94000
3443496,UY,14,,-34.4024,-53.78264,,Rocha,,,Cabo Polonio,Cabo Polonio,"Cabo Polonio,Faro de Polonio,Faro del Polonio,Polonio",0,27200
9072749,UY,10,,-34.8714,-56.1058,,Montevideo,,,Las Canteras,Las Canteras,,0,12100
10098370,UY,09,,-34.82226,-54.62244,,Maldonado,,,Arenas De Jose Ignacio,Arenas de José Ignacio,,0,20000
10636405,UY,14,,-33.82563,-54.1952,,Rocha,,,El Chimango,El Chimango,El Chimango,0,27300
10861507,UY,02,,-34.62384,-56.2545,,Canelones,,,Parada Cabrera,Parada Cabrera,Parada Cabrera,0,15900
3439566,UY,14,,-34.19786,-53.7867,,Rocha,,,Vuelta Del Palmar,Vuelta del Palmar,Vuelta del Palmar,0,27200
3441782,UY,15,,-31.17853,-56.3676,,Salto,,,Pueblo Fernandez,Pueblo Fernández,"Fernandez,Fernández,Mataojito,Mataojo,Pueblo Fernandez,Pueblo Fernández",0,50000
3442716,UY,16,,-34.35778,-57.04883,,San Jose,,,Ecilda Paullier,Ecilda Paullier,"Ecilda Paullier,Santa Ecilda",2395,80300
3443194,UY,17,,-33.33333,-57.95,,Soriano,,,Cerro Alegre,Cerro Alegre,,0,75000
3443948,UY,18,,-32.4029,-56.18073,,Tacuarembo,,,Achar,Achar,"Achar,Pueblo Achar",0,45000
10098391,UY,09,,-34.86153,-54.94314,,Maldonado,,,Barrio Hipodromo,Barrio Hipódromo,,0,20000
10943755,UY,04,,-33.92932,-58.19841,,Colonia,,,Viboras Y Vacas,Víboras y Vacas,"Viboras y Vacas,Víboras y Vacas",0,70100
3440666,UY,16,,-33.9382,-56.75249,,San Jose,,,San Gregorio,San Gregorio,"Costa de San Gregorio,San Gregorio",0,80000
3440925,UY,11,,-31.93526,-57.9014,,Paysandu,,,Quebracho,Quebracho,Quebracho,2871,60200
3441927,UY,13,,-31.1,-55.98333,,Rivera,,,Lunarejo,Lunarejo,,0,40100
3441935,UY,18,,-31.88333,-55.43333,,Tacuarembo,,,Los Vazquez,Los Vásquez,"Los Vasquez,Los Vásquez,Poblado Vasquez,Vazquez,Vázquez",0,45000
3443181,UY,05,,-32.75,-55.65,,Durazno,,,Cerro Convento,Cerro Convento,,0,97000
3440985,UY,11,,-32.37085,-57.85371,,Paysandu,,,Estacion Porvenir,Estación Porvenir,"Estacion Porvenir,Estación Porvenir,Porvenir",1055,60000
3442140,UY,03,,-33.0,-55.13333,,Cerro Largo,,,Esperanza,La Esperanza,,0,35300
10634562,UY,14,,-34.54483,-54.31852,,Rocha,,,Puerto De Los Botes,Puerto de los Botes,Puerto de los Botes,0,27000
10637102,UY,08,,-33.41994,-54.38803,,Lavalleja,,,Alonso,Alonso,Alonso,0,30300
3439494,UY,18,,-31.8,-55.33333,,Tacuarembo,,,Zapucay,Zapucay,,0,45000
10098401,UY,08,,-34.88153,-54.97674,,Lavalleja,,,Cerro Pelado,Cerro Pelado,,0,30000
10098401,UY,19,,-34.88153,-54.97674,,Treinta y Tres,,,Cerro Pelado,Cerro Pelado,,0,33000
10098401,UY,09,,-34.88153,-54.97674,,Maldonado,,,Cerro Pelado,Cerro Pelado,,0,20000
10861489,UY,02,,-34.61029,-55.8153,,Canelones,,,Estacion Pedrera,Estación Pedrera,"Estacion Pedrera,Estación Pedrera",0,91600
11171798,UY,04,,-34.38481,-57.40187,,Colonia,,,Colonia Cosmopolita,Colonia Cosmopolita,Colonia Cosmopolita,0,70500
3439803,UY,02,,-34.66091,-55.99327,,Canelones,,,Totoral Del Sauce,Totoral del Sauce,"Totoral,Totoral del Sauce",0,91500
3442039,UY,12,,-32.75,-57.75,,Rio Negro,,,La Union,La Unión,,0,65100
3443527,UY,03,,-32.15,-54.2,,Cerro Largo,,,Buena Vista,Buena Vista,,0,37000
10098238,UY,10,,-34.91136,-56.16677,,Montevideo,,,Parque Rodo,Parque Rodó,,0,11200
3442683,UY,02,,-34.69753,-55.89268,,Canelones,,,Olmos,Empalme Olmos,"Empalme Olmos,Estacion Olmos,Estación Olmos,Olmos",4007,15600
3442683,UY,02,,-34.69753,-55.89268,,Canelones,,,Empalme Olmos,Empalme Olmos,"Empalme Olmos,Estacion Olmos,Estación Olmos,Olmos",4007,15600
7602710,UY,02,,-34.81972,-55.952,,Canelones,,,Ciudad De La Costa,Ciudad de la Costa,"S'judad-de-la-Kosta,Siudad de la Kosta,Sjudad de la Kost,Syudad de la Kosta,hai an cheng,siudadeudelakoseuta,sywdad dla kwsta,Сьюдад-де-ла-Коста,Սյուդադ դե լա Կոստա,سیوداد دلا کوستا,سیوداد دے لا کوستا,სიუდად-დე-ლა-კოსტა,シウダ・デ・ラ・コスタ,海岸城,시우다드데라코스타",0,15800
10636331,UY,14,,-33.88455,-53.52086,,Rocha,,,Barrio Pereira,Barrio Pereira,Barrio Pereira,0,27100
3441812,UY,03,,-33.8,-54.0,,Cerro Largo,,,Maria Isabel,María Isabel,,0,37000
10866397,UY,18,,-31.81649,-56.26594,,Tacuarembo,,,El Empalme,El Empalme,El Empalme,0,45000
3440798,UY,13,,-31.3,-55.86667,,Rivera,,,Rincon De Moraes,Rincón de Moraes,,0,40100
3441294,UY,13,,-31.1,-55.66667,,Rivera,,,Ataques,Paso Ataques,"Estacion Ataques,Estación Ataques,Paso Ataques,Paso de Ataques,Passo de Ataques",0,40000
3441294,UY,13,,-31.1,-55.66667,,Rivera,,,Paso De Ataques,Paso Ataques,"Estacion Ataques,Estación Ataques,Paso Ataques,Paso de Ataques,Passo de Ataques",0,40100
3441294,UY,13,,-31.1,-55.66667,,Rivera,,,Paso Ataques,Paso Ataques,"Estacion Ataques,Estación Ataques,Paso Ataques,Paso de Ataques,Passo de Ataques",0,40000
3442208,UY,06,,-33.49397,-56.74411,,Flores,,,Juan Jose Castro,Juan José Castro,"Juan J. Castro,Juan Jose Castro,Juan José Castro",0,85000
10944648,UY,18,,-31.7214,-56.01357,,Tacuarembo,,,La Pedrera,La Pedrera,La Pedrera,0,45000
3442582,UY,03,,-32.51667,-54.53333,,Cerro Largo,,,Fraile Muerto,Fraile Muerto,"Fraile Muerto,Frayle Muerto",0,36200
3443799,UY,17,,-33.71667,-58.26667,,Soriano,,,Puntas De Arenales,Arenales,"Arenal,Arenales,Puntas del Arenal",0,70700
3440580,UY,17,,-33.791,-57.48824,,Soriano,,,Santa Catalina,Santa Catalina,Santa Catalina,1067,75300
3441781,UY,02,,-34.5,-56.38333,,Canelones,,,Mataojo,Mataojo,,0,90000
3441936,UY,02,,-34.77978,-55.56697,,Canelones,,,Los Titanes,Los Titanes,"Balneario Los Titanes,Los Titanes",0,15400
3442146,UY,08,,-32.60431,-53.39175,,Lavalleja,,,La Cuchilla,La Cuchilla,,0,30000
3442661,UY,17,,-33.61667,-58.28333,,Soriano,,,Espinillo,Espinillo,,0,75100
10943866,UY,17,,-33.0455,-57.87219,,Soriano,,,Rincon De Cololo,Rincón de Cololó,"Rincon de Cololo,Rincón de Cololó",0,75000
11171793,UY,04,,-34.377,-57.84151,,Colonia,,,Piedra De Los Indios,Piedra de los Indios,Piedra de los Indios,0,70000
3439594,UY,10,,-34.88333,-56.15,,Montevideo,,,Villa Española,Villa Española,"Villa Espanola,Villa Española",0,12000
3441962,UY,11,,-32.07709,-57.91681,,Paysandu,,,Lorenzo Geyres,Lorenzo Geyres,"Lorenzo Geyres,Queguay",0,60000
10641879,UY,09,,-34.62969,-55.37478,,Maldonado,,,Abra De Castellanos,Abra de Castellanos,Abra de Castellanos,0,30100
3441023,UY,18,,-32.21667,-56.01667,,Tacuarembo,,,Rincon De Los Machado,Poblado Rincón de los Muchadas,"Poblado Rincon de los Muchadas,Poblado Rincón de los Muchadas,Rincon de los Machado,Rincón de los Machado",0,45000
3442328,UY,07,,-34.35167,-56.39833,,Florida,,,Independencia,Independencia,Independencia,0,95300
10861468,UY,02,,-34.73468,-55.68559,,Canelones,,,Estacion La Floresta,Estación La Floresta,"Estacion La Floresta,Estación La Floresta",0,15300
3441054,UY,18,,-32.16667,-55.95,,Tacuarembo,,,Los Cuadrados,Poblado de los Cuadrados,"Los Cuadrado,Poblado de los Cuadrados",0,45000
3441939,UY,18,,-31.81686,-56.17583,,Tacuarembo,,,Los Rosanos,Los Rosanos,Los Rosanos,0,45000
3442199,UY,16,,-34.32319,-56.80433,,San Jose,,,Juan Soler,Juan Soler,Juan Soler,0,80000
